id,account_number_fake,holder_name_fake,bank_name,account_type,ifsc_code,opened_at
1,367136959440,Neha Patel,ICICI Bank,normal,ICIC00909,2026-03-17
2,439533942104,Sunita Verma,Axis Bank,normal,UTIB09521,2026-05-20
3,562328588424,Manoj Shah,ICICI Bank,normal,ICIC05171,2025-07-25
4,685160481754,Geeta Kulkarni,HDFC Bank,normal,HDFC05137,2025-06-10
5,859317461200,Riya Pillai,Punjab National Bank,normal,PUNB01138,2025-07-23
6,758692617964,Aditya Bhatt,Axis Bank,normal,UTIB05377,2025-08-31
7,158506431713,Lakshmi Sharma,ICICI Bank,normal,ICIC00532,2026-04-02
8,318393352904,Rohan Rao,Punjab National Bank,normal,PUNB08421,2026-02-12
9,205395024026,Sanjay Reddy,State Bank of India,normal,SBIN01775,2025-12-17
10,178390847007,Neha Desai,Punjab National Bank,normal,PUNB01771,2026-05-16
11,592124998569,Sanjay Shah,State Bank of India,normal,SBIN07896,2025-07-09
12,183673657661,Rahul Desai,Bank of Baroda,normal,BARB05452,2026-02-22
13,111161528098,Sunil Mehta,Axis Bank,normal,UTIB01656,2026-05-04
14,049451983273,Reyansh Joshi,Bank of Baroda,normal,BARB08514,2026-01-09
15,689980940244,Amit Joshi,HDFC Bank,normal,HDFC00229,2026-02-11
16,120183667525,Riya Pandey,Axis Bank,normal,UTIB05991,2026-05-10
17,229014767976,Anika Nair,State Bank of India,normal,SBIN08156,2025-07-14
18,978403690034,Aadhya Rao,ICICI Bank,normal,ICIC04451,2025-06-04
19,622683885160,Kavita Sharma,Axis Bank,normal,UTIB07159,2025-11-14
20,664160529751,Kavita Reddy,Punjab National Bank,normal,PUNB03696,2025-12-21
21,645352181883,Suresh Joshi,State Bank of India,normal,SBIN02312,2025-09-08
22,292127799799,Rahul Malhotra,HDFC Bank,normal,HDFC05271,2025-11-30
23,449058147700,Rajesh Shah,Axis Bank,normal,UTIB01199,2025-12-14
24,798079359782,Vihaan Naidu,Axis Bank,normal,UTIB01518,2026-02-06
25,037788925546,Pooja Mehta,HDFC Bank,normal,HDFC09051,2025-10-07
26,864492519254,Neha Rao,State Bank of India,normal,SBIN09148,2025-10-25
27,528168505423,Amit Pillai,Bank of Baroda,normal,BARB03322,2025-06-30
28,188805929622,Diya Bhatt,ICICI Bank,normal,ICIC09270,2025-11-07
29,379473834735,Meena Naidu,ICICI Bank,normal,ICIC07468,2025-12-22
30,239240758181,Navya Gupta,Axis Bank,normal,UTIB02478,2025-07-28
31,137506068536,Sai Joshi,Axis Bank,normal,UTIB03051,2026-04-22
32,522047277901,Vivaan Patel,Bank of Baroda,normal,BARB03289,2025-12-22
33,143410369711,Vikram Chauhan,Axis Bank,normal,UTIB08089,2025-09-02
34,246095396218,Rajesh Gupta,Bank of Baroda,normal,BARB08888,2026-01-02
35,670654051531,Geeta Pandey,State Bank of India,normal,SBIN05205,2025-12-30
36,277221704303,Aditya Mehta,ICICI Bank,normal,ICIC04868,2025-12-01
37,034505415667,Priya Mehta,ICICI Bank,normal,ICIC02775,2026-05-25
38,416169284511,Rahul Kapoor,Punjab National Bank,normal,PUNB04479,2026-03-06
39,275705964016,Rajesh Singh,Axis Bank,normal,UTIB02029,2026-02-19
40,021355690927,Rajesh Joshi,Axis Bank,normal,UTIB07192,2025-12-23
41,654310278681,Pari Patel,ICICI Bank,normal,ICIC07394,2026-02-25
42,312172715518,Anil Shah,Axis Bank,normal,UTIB04225,2025-12-15
43,132370589578,Ishaan Chauhan,HDFC Bank,normal,HDFC01146,2026-03-06
44,786691251778,Suresh Rao,Bank of Baroda,normal,BARB08922,2025-11-16
45,018242253584,Sai Patel,Punjab National Bank,normal,PUNB03842,2026-01-29
46,981829922995,Meena Verma,ICICI Bank,normal,ICIC00109,2025-09-11
47,396907844736,Riya Naidu,Bank of Baroda,normal,BARB01027,2025-11-09
48,735925556258,Sunil Reddy,Axis Bank,normal,UTIB05371,2025-09-12
49,321046963259,Rahul Nair,Axis Bank,normal,UTIB02787,2025-12-11
50,701687339500,Navya Pillai,ICICI Bank,normal,ICIC09748,2025-06-04
51,624565060983,Rajesh Kumar,State Bank of India,normal,SBIN04168,2025-11-22
52,499121655852,Saanvi Chauhan,Punjab National Bank,normal,PUNB08680,2025-06-18
53,257872982595,Ananya Kulkarni,State Bank of India,normal,SBIN09495,2025-12-15
54,879470551694,Vivaan Chauhan,Punjab National Bank,normal,PUNB07499,2025-08-28
55,097289623091,Saanvi Sharma,Bank of Baroda,normal,BARB07562,2025-11-08
56,368970283857,Sanjay Kulkarni,Bank of Baroda,normal,BARB05278,2025-10-11
57,549733484344,Aadhya Bhatt,Punjab National Bank,normal,PUNB07575,2026-01-04
58,441986652404,Sai Joshi,Bank of Baroda,normal,BARB07473,2025-08-18
59,484219933083,Kiara Verma,Punjab National Bank,normal,PUNB01657,2025-07-10
60,208267734540,Sai Malhotra,Bank of Baroda,normal,BARB09380,2026-05-21
61,620672400499,Reyansh Mehta,HDFC Bank,normal,HDFC04788,2025-12-09
62,874315274205,Navya Yadav,HDFC Bank,normal,HDFC03296,2026-04-18
63,851612275304,Priya Menon,Axis Bank,normal,UTIB07454,2026-01-13
64,904530174268,Riya Bhatt,Bank of Baroda,normal,BARB01459,2025-08-25
65,272795687833,Lakshmi Gupta,HDFC Bank,normal,HDFC08785,2025-07-01
66,108839822587,Krishna Kapoor,Punjab National Bank,normal,PUNB03971,2026-05-16
67,707286790874,Vivaan Kulkarni,Punjab National Bank,normal,PUNB04039,2025-06-29
68,651801704622,Pooja Joshi,State Bank of India,normal,SBIN06766,2025-07-02
69,825128682300,Riya Naidu,Bank of Baroda,normal,BARB08686,2026-04-16
70,375243106903,Aadhya Gupta,HDFC Bank,normal,HDFC01907,2026-01-19
71,030673830284,Kiara Pandey,Bank of Baroda,normal,BARB09599,2026-03-28
72,534283644089,Diya Malhotra,Bank of Baroda,normal,BARB06870,2025-10-12
73,685662462873,Kiara Shah,Bank of Baroda,normal,BARB02708,2025-11-08
74,882634351751,Anil Pandey,Axis Bank,normal,UTIB03046,2026-02-17
75,901398373540,Aadhya Nair,Punjab National Bank,normal,PUNB01739,2026-03-01
76,638546785445,Ravi Pillai,HDFC Bank,normal,HDFC07175,2026-05-22
77,556093204899,Pooja Shah,HDFC Bank,normal,HDFC02353,2025-10-26
78,378547772522,Anil Pillai,Punjab National Bank,normal,PUNB02808,2025-06-14
79,006231203875,Vihaan Chauhan,State Bank of India,normal,SBIN09770,2025-06-03
80,860084840862,Reyansh Reddy,Punjab National Bank,normal,PUNB08233,2026-01-27
81,454615679334,Sai Malhotra,Punjab National Bank,normal,PUNB00166,2025-10-25
82,700217659180,Kiara Nair,Punjab National Bank,normal,PUNB09740,2026-05-25
83,489025039261,Riya Iyer,State Bank of India,normal,SBIN09396,2026-02-18
84,562185016315,Lakshmi Chauhan,Punjab National Bank,normal,PUNB09650,2026-02-02
85,773586629619,Navya Menon,ICICI Bank,normal,ICIC01142,2025-10-26
86,265511047541,Ishaan Gupta,Bank of Baroda,normal,BARB02678,2026-01-02
87,610158199560,Navya Desai,Punjab National Bank,normal,PUNB06183,2026-01-09
88,262244472126,Anika Desai,Punjab National Bank,normal,PUNB04715,2025-09-06
89,799371240659,Priya Mehta,HDFC Bank,normal,HDFC07569,2025-07-23
90,593752654793,Rahul Kulkarni,ICICI Bank,normal,ICIC04651,2026-05-28
91,398280737416,Vikram Rao,Punjab National Bank,normal,PUNB04342,2026-03-05
92,617979688680,Rajesh Bhatt,Axis Bank,normal,UTIB08911,2026-03-26
93,529096561014,Kiara Singh,HDFC Bank,normal,HDFC08899,2025-08-25
94,567982507146,Sai Reddy,Axis Bank,normal,UTIB02545,2025-11-24
95,875717751401,Vivaan Mehta,HDFC Bank,normal,HDFC01238,2025-08-07
96,258673622660,Divya Nair,Punjab National Bank,normal,PUNB07966,2025-06-02
97,334191825537,Krishna Patel,Bank of Baroda,normal,BARB07859,2025-10-29
98,691557924991,Ishaan Mehta,Punjab National Bank,normal,PUNB01341,2025-08-11
99,286692966278,Diya Kumar,ICICI Bank,normal,ICIC02742,2025-08-12
100,790507236887,Pooja Kapoor,ICICI Bank,normal,ICIC07677,2025-08-04
101,903404384279,Vikram Kumar,State Bank of India,normal,SBIN08191,2025-09-13
102,580783613407,Pari Joshi,Punjab National Bank,normal,PUNB01713,2025-08-21
103,959629233095,Anil Patel,Bank of Baroda,normal,BARB09825,2026-03-01
104,494812604223,Rohan Bhatt,ICICI Bank,normal,ICIC05367,2025-07-26
105,466711684577,Rahul Yadav,Punjab National Bank,normal,PUNB00175,2026-04-27
106,863637454589,Ishaan Yadav,State Bank of India,normal,SBIN07500,2025-07-09
107,701277063242,Anika Gupta,Bank of Baroda,normal,BARB05415,2026-02-14
108,206436110371,Ishaan Yadav,Bank of Baroda,normal,BARB03870,2025-06-04
109,516271361115,Rajesh Shah,Bank of Baroda,normal,BARB02622,2025-06-27
110,909275326973,Sai Reddy,Punjab National Bank,normal,PUNB02196,2025-10-15
111,523413899940,Riya Nair,Axis Bank,normal,UTIB08983,2026-03-18
112,403761379180,Rajesh Mehta,Axis Bank,normal,UTIB02696,2025-10-20
113,271091043006,Ravi Shah,Punjab National Bank,normal,PUNB08666,2025-07-03
114,889241418328,Rahul Kulkarni,Bank of Baroda,normal,BARB09146,2026-03-11
115,031617990421,Aarav Bhatt,HDFC Bank,normal,HDFC02027,2025-10-13
116,842524105648,Arjun Patel,Punjab National Bank,normal,PUNB09177,2025-12-16
117,079252419138,Aarav Verma,ICICI Bank,normal,ICIC00307,2025-10-20
118,220863536541,Meena Joshi,Axis Bank,normal,UTIB01802,2025-08-26
119,061744518705,Saanvi Shah,Punjab National Bank,normal,PUNB09493,2025-11-28
120,973832060385,Aarav Mehta,ICICI Bank,normal,ICIC00641,2025-08-19
121,367024103865,Deepak Pandey,Punjab National Bank,normal,PUNB01918,2025-07-22
122,619906234456,Rahul Mehta,Bank of Baroda,normal,BARB07431,2025-08-18
123,912127756185,Aadhya Naidu,HDFC Bank,normal,HDFC04741,2025-07-06
124,490352135680,Riya Patel,HDFC Bank,normal,HDFC02067,2026-01-02
125,831712100323,Neha Joshi,Bank of Baroda,normal,BARB01994,2026-05-23
126,013721510702,Meena Desai,State Bank of India,normal,SBIN06706,2026-02-21
127,253244720999,Myra Malhotra,Axis Bank,normal,UTIB04768,2025-12-04
128,146263838065,Manoj Kumar,State Bank of India,normal,SBIN07598,2025-10-03
129,420593040785,Geeta Menon,Axis Bank,normal,UTIB02133,2025-09-12
130,039652239559,Vivaan Bhatt,Punjab National Bank,normal,PUNB05992,2026-01-05
131,784270103930,Sanjay Pillai,HDFC Bank,normal,HDFC00593,2026-04-10
132,525002921851,Rajesh Bhatt,HDFC Bank,normal,HDFC06915,2025-09-26
133,226752895392,Priya Shah,ICICI Bank,normal,ICIC04220,2026-02-28
134,690295939172,Amit Pandey,Punjab National Bank,normal,PUNB01355,2025-08-05
135,157043315410,Vihaan Kulkarni,Bank of Baroda,normal,BARB07626,2025-12-09
136,586179327104,Vivaan Mehta,Axis Bank,normal,UTIB04115,2025-08-06
137,218159970629,Kavita Iyer,Axis Bank,normal,UTIB00153,2025-08-13
138,884443106987,Rohan Verma,Axis Bank,normal,UTIB05061,2025-09-23
139,973103241714,Neha Pillai,Bank of Baroda,normal,BARB07418,2025-10-29
140,565270477434,Meena Verma,HDFC Bank,normal,HDFC02115,2026-04-10
141,693806868793,Manoj Shah,Punjab National Bank,normal,PUNB01608,2026-01-08
142,992172233206,Sai Kapoor,Punjab National Bank,normal,PUNB06329,2025-09-09
143,116868548709,Geeta Singh,ICICI Bank,normal,ICIC06162,2025-07-28
144,991191485646,Vikram Yadav,Punjab National Bank,normal,PUNB09702,2025-09-15
145,299606530745,Vivaan Mehta,Axis Bank,normal,UTIB04447,2026-04-30
146,132475469137,Aadhya Desai,Bank of Baroda,normal,BARB07850,2025-12-18
147,148628902330,Myra Verma,HDFC Bank,normal,HDFC07053,2025-09-15
148,786103579727,Geeta Kumar,ICICI Bank,normal,ICIC05524,2026-03-18
149,140602933334,Pooja Singh,Bank of Baroda,normal,BARB00072,2026-02-07
150,903494466574,Aadhya Naidu,HDFC Bank,normal,HDFC04896,2026-01-13
151,085899441715,Anika Malhotra,State Bank of India,normal,SBIN05444,2025-08-13
152,830965207446,Neha Kulkarni,HDFC Bank,normal,HDFC00993,2025-10-12
153,387584282417,Ishaan Pandey,Bank of Baroda,normal,BARB04825,2026-02-10
154,353465549471,Manoj Verma,State Bank of India,normal,SBIN09991,2025-12-01
155,816846022356,Meena Naidu,HDFC Bank,normal,HDFC02521,2025-12-07
156,250074329271,Ishaan Chauhan,ICICI Bank,normal,ICIC06666,2025-12-03
157,008350583003,Kiara Bhatt,Axis Bank,normal,UTIB05421,2025-10-27
158,942104478985,Kavita Kapoor,Punjab National Bank,normal,PUNB02575,2026-03-19
159,260332309821,Rajesh Bhatt,HDFC Bank,normal,HDFC00648,2026-01-29
160,901001676184,Manoj Bhatt,State Bank of India,normal,SBIN02304,2025-11-11
161,184992618914,Krishna Reddy,Bank of Baroda,normal,BARB07393,2026-03-30
162,835642087375,Myra Sharma,ICICI Bank,normal,ICIC00119,2026-02-15
163,218114374470,Reyansh Iyer,Axis Bank,normal,UTIB00455,2025-11-13
164,110022557941,Rajesh Mehta,Bank of Baroda,normal,BARB02166,2025-11-25
165,676212021697,Meena Kapoor,ICICI Bank,normal,ICIC07296,2026-03-30
166,902771670145,Aarav Bhatt,ICICI Bank,normal,ICIC08993,2026-02-16
167,889163756289,Vihaan Sharma,ICICI Bank,normal,ICIC02877,2026-05-04
168,175354083866,Myra Gupta,HDFC Bank,normal,HDFC07797,2025-07-05
169,751701660880,Sai Chauhan,Axis Bank,normal,UTIB09488,2025-08-20
170,755037589975,Sunita Reddy,Bank of Baroda,normal,BARB01305,2025-10-16
171,488510272614,Divya Nair,Bank of Baroda,normal,BARB03163,2025-11-25
172,516091779827,Aarav Singh,HDFC Bank,normal,HDFC00869,2025-12-05
173,292216995866,Lakshmi Bhatt,Punjab National Bank,normal,PUNB03465,2025-09-23
174,226984858333,Divya Bhatt,Axis Bank,normal,UTIB04522,2025-12-13
175,515879968460,Sanjay Reddy,Punjab National Bank,normal,PUNB00620,2026-02-16
176,342442043805,Sunita Reddy,State Bank of India,normal,SBIN09838,2025-10-30
177,840666580043,Divya Naidu,HDFC Bank,normal,HDFC03598,2026-03-14
178,334721228160,Kavita Patel,Punjab National Bank,normal,PUNB08422,2026-01-13
179,057202590947,Meena Kumar,ICICI Bank,normal,ICIC05158,2025-08-25
180,818268861533,Amit Mehta,HDFC Bank,normal,HDFC05439,2025-12-24
181,801573993056,Krishna Kulkarni,Axis Bank,normal,UTIB04840,2026-05-20
182,588770435811,Ananya Kumar,Punjab National Bank,normal,PUNB08013,2026-02-16
183,361386120750,Sai Gupta,Bank of Baroda,normal,BARB00248,2025-06-28
184,346676650618,Aarav Malhotra,Punjab National Bank,normal,PUNB09190,2026-02-28
185,581449147660,Manoj Iyer,State Bank of India,normal,SBIN08326,2026-04-06
186,424508821009,Lakshmi Kulkarni,Punjab National Bank,normal,PUNB08814,2025-08-21
187,536822239431,Diya Kapoor,Bank of Baroda,normal,BARB09087,2026-02-06
188,141413975523,Reyansh Shah,Punjab National Bank,normal,PUNB09135,2025-12-06
189,594929955620,Rahul Menon,Axis Bank,normal,UTIB03645,2025-07-23
190,577754781291,Anika Rao,Bank of Baroda,normal,BARB08341,2026-03-10
191,080996930848,Anil Pillai,State Bank of India,normal,SBIN02563,2026-05-13
192,427881658039,Ananya Singh,Punjab National Bank,normal,PUNB02722,2026-01-06
193,275037314530,Aadhya Singh,Punjab National Bank,normal,PUNB05677,2026-05-09
194,051844989266,Rajesh Yadav,State Bank of India,normal,SBIN01846,2026-05-19
195,865577908272,Kiara Gupta,HDFC Bank,normal,HDFC08432,2025-08-12
196,591365177739,Ananya Malhotra,HDFC Bank,normal,HDFC06030,2025-07-20
197,922809202428,Neha Chauhan,Punjab National Bank,normal,PUNB09041,2025-08-24
198,977236929298,Pari Iyer,Axis Bank,normal,UTIB05799,2025-06-27
199,662103886291,Diya Pillai,HDFC Bank,normal,HDFC09908,2025-12-13
200,172980686508,Kavita Menon,State Bank of India,normal,SBIN07659,2026-04-09
201,916247314986,Pari Nair,Bank of Baroda,normal,BARB00098,2025-07-16
202,063565126944,Anil Desai,Punjab National Bank,normal,PUNB09594,2026-02-20
203,368872588744,Meena Joshi,Axis Bank,normal,UTIB06213,2025-11-21
204,213865890260,Sai Rao,Bank of Baroda,normal,BARB07961,2025-06-25
205,351906698490,Diya Malhotra,ICICI Bank,normal,ICIC07703,2026-04-27
206,843098839205,Myra Malhotra,Bank of Baroda,normal,BARB00214,2026-03-30
207,566938011848,Geeta Joshi,Axis Bank,normal,UTIB05439,2025-08-15
208,690426818184,Amit Reddy,Axis Bank,normal,UTIB08489,2025-09-06
209,769735779071,Pari Gupta,Bank of Baroda,normal,BARB06335,2025-11-08
210,880434165182,Manoj Mehta,ICICI Bank,normal,ICIC05394,2025-08-10
211,373334333395,Rohan Reddy,Bank of Baroda,normal,BARB01179,2025-06-03
212,075957947284,Neha Menon,Punjab National Bank,normal,PUNB09208,2026-04-07
213,780856271875,Aarav Sharma,Axis Bank,normal,UTIB03691,2025-10-05
214,942843479552,Vikram Desai,ICICI Bank,normal,ICIC03655,2026-04-28
215,472929314386,Priya Nair,Axis Bank,normal,UTIB02270,2025-08-08
216,728857448906,Reyansh Bhatt,Axis Bank,normal,UTIB02034,2025-12-03
217,175455884506,Krishna Joshi,Bank of Baroda,normal,BARB09399,2026-02-08
218,824558771694,Deepak Malhotra,Bank of Baroda,normal,BARB02256,2026-02-01
219,961125355449,Neha Patel,Punjab National Bank,normal,PUNB07598,2025-11-22
220,220234132611,Arjun Pillai,Axis Bank,normal,UTIB08006,2025-12-21
221,149216433472,Ishaan Singh,State Bank of India,normal,SBIN02005,2026-05-01
222,778487282997,Meena Desai,ICICI Bank,normal,ICIC08845,2025-12-05
223,317456424008,Ishaan Joshi,Punjab National Bank,normal,PUNB04780,2026-02-23
224,740649308536,Sunil Desai,Axis Bank,normal,UTIB06326,2026-04-18
225,341638944846,Saanvi Gupta,Axis Bank,normal,UTIB02241,2026-02-03
226,974973502080,Diya Reddy,Axis Bank,normal,UTIB04427,2026-03-10
227,312073564757,Aditya Mehta,State Bank of India,normal,SBIN01204,2026-03-29
228,187234601367,Myra Pandey,Axis Bank,normal,UTIB00371,2025-12-20
229,376452088147,Riya Nair,Bank of Baroda,normal,BARB05031,2025-08-31
230,650249163009,Manoj Bhatt,Bank of Baroda,normal,BARB09251,2025-09-05
231,719500528127,Kiara Mehta,HDFC Bank,normal,HDFC08573,2025-06-09
232,652407784873,Meena Iyer,Bank of Baroda,normal,BARB08557,2025-09-15
233,821827448570,Ravi Kulkarni,Punjab National Bank,normal,PUNB02095,2026-03-29
234,351863878294,Rahul Desai,Punjab National Bank,normal,PUNB05118,2026-02-11
235,022031731096,Vikram Singh,State Bank of India,normal,SBIN09940,2025-10-21
236,910371705865,Vihaan Chauhan,HDFC Bank,normal,HDFC04801,2026-04-21
237,138113863383,Meena Malhotra,ICICI Bank,normal,ICIC02886,2026-03-17
238,957612286852,Anil Chauhan,State Bank of India,normal,SBIN07558,2025-10-05
239,665939836845,Sunita Naidu,ICICI Bank,normal,ICIC06004,2026-01-18
240,824043350488,Sunil Yadav,State Bank of India,normal,SBIN09210,2025-11-26
241,224593344196,Meena Nair,ICICI Bank,normal,ICIC01572,2025-12-07
242,919409610556,Pooja Reddy,Bank of Baroda,normal,BARB03906,2025-06-22
243,805892583206,Sunita Chauhan,ICICI Bank,normal,ICIC09813,2025-11-15
244,622517908641,Neha Singh,ICICI Bank,normal,ICIC06227,2026-01-04
245,769389833146,Rahul Kapoor,HDFC Bank,normal,HDFC09116,2025-11-12
246,535590425979,Rohan Naidu,ICICI Bank,normal,ICIC00335,2025-07-31
247,110392405147,Manoj Sharma,Bank of Baroda,normal,BARB05383,2025-08-19
248,848792069804,Ananya Verma,Punjab National Bank,normal,PUNB04394,2025-06-21
249,016451046368,Reyansh Mehta,Axis Bank,normal,UTIB07981,2025-08-12
250,878003845762,Vivaan Joshi,HDFC Bank,normal,HDFC05543,2025-12-12
251,046084325621,Priya Singh,ICICI Bank,normal,ICIC09363,2026-01-09
252,649578232983,Ishaan Shah,HDFC Bank,normal,HDFC08262,2026-02-10
253,251881252056,Pooja Shah,Punjab National Bank,normal,PUNB07423,2025-07-12
254,209949993933,Vivaan Joshi,HDFC Bank,normal,HDFC01728,2026-04-25
255,752677223306,Aarav Patel,Punjab National Bank,normal,PUNB06333,2025-06-26
256,797573660965,Neha Chauhan,HDFC Bank,normal,HDFC09988,2026-02-05
257,081770388608,Priya Singh,Bank of Baroda,normal,BARB00347,2025-11-02
258,472649082771,Ravi Reddy,ICICI Bank,normal,ICIC02982,2025-10-31
259,570279371452,Krishna Gupta,Axis Bank,normal,UTIB01751,2025-12-21
260,689268602592,Ananya Rao,Bank of Baroda,normal,BARB02064,2025-09-29
261,742123094077,Vikram Kumar,Bank of Baroda,normal,BARB00973,2025-08-24
262,776719903849,Sunil Nair,Punjab National Bank,normal,PUNB00220,2026-02-09
263,020994510162,Ananya Kapoor,ICICI Bank,normal,ICIC04999,2026-04-02
264,279501455616,Sunil Gupta,Punjab National Bank,normal,PUNB04721,2026-02-25
265,586833901981,Manoj Pandey,ICICI Bank,normal,ICIC09469,2026-04-26
266,489952997877,Diya Chauhan,ICICI Bank,normal,ICIC03430,2025-07-16
267,713966055830,Saanvi Bhatt,State Bank of India,normal,SBIN04414,2025-09-25
268,850155699023,Amit Mehta,Punjab National Bank,normal,PUNB07702,2025-12-04
269,785760849588,Vivaan Nair,HDFC Bank,normal,HDFC09551,2025-07-28
270,056829962914,Rahul Bhatt,ICICI Bank,normal,ICIC00461,2025-12-11
271,574384215031,Sunita Singh,HDFC Bank,normal,HDFC00782,2025-08-13
272,784521823076,Sanjay Reddy,ICICI Bank,normal,ICIC00409,2026-05-05
273,570184094353,Saanvi Shah,State Bank of India,normal,SBIN04857,2026-02-16
274,422410988138,Suresh Kumar,State Bank of India,normal,SBIN05424,2026-01-09
275,214958702070,Reyansh Kulkarni,HDFC Bank,normal,HDFC00166,2025-08-09
276,997954538179,Ishaan Gupta,Bank of Baroda,normal,BARB07174,2026-02-21
277,773329456255,Deepak Pillai,Bank of Baroda,normal,BARB00171,2025-10-15
278,724599281615,Sunil Malhotra,Axis Bank,normal,UTIB01487,2025-11-03
279,639382761539,Kavita Desai,Punjab National Bank,normal,PUNB09583,2025-08-07
280,197199758172,Riya Kulkarni,Bank of Baroda,normal,BARB01919,2026-03-27
281,570132902278,Navya Kulkarni,Axis Bank,normal,UTIB09973,2025-08-19
282,549465190986,Ishaan Shah,Bank of Baroda,normal,BARB00580,2025-06-01
283,851403696566,Priya Desai,Bank of Baroda,normal,BARB08327,2025-07-25
284,865624220102,Vikram Kapoor,HDFC Bank,normal,HDFC06212,2026-02-05
285,796927868765,Kiara Iyer,Axis Bank,normal,UTIB06909,2025-12-11
286,384689500975,Krishna Yadav,Bank of Baroda,normal,BARB07128,2026-04-30
287,781891371894,Divya Verma,ICICI Bank,normal,ICIC05807,2025-11-24
288,795654420949,Pari Verma,Punjab National Bank,normal,PUNB07929,2025-06-21
289,490471281442,Divya Patel,Bank of Baroda,normal,BARB04401,2026-01-21
290,927524372805,Sai Rao,HDFC Bank,normal,HDFC09276,2026-03-27
291,372395041027,Neha Pillai,Axis Bank,normal,UTIB04783,2025-10-26
292,674286047658,Aditya Reddy,Bank of Baroda,normal,BARB08569,2026-05-23
293,454414967393,Sanjay Mehta,Bank of Baroda,normal,BARB02580,2026-02-17
294,106181753443,Aditya Sharma,State Bank of India,normal,SBIN09109,2026-02-11
295,911192692124,Navya Naidu,HDFC Bank,normal,HDFC01746,2026-02-24
296,542140665044,Diya Naidu,Bank of Baroda,normal,BARB01739,2025-10-31
297,712863917410,Arjun Gupta,HDFC Bank,normal,HDFC09470,2026-05-15
298,200642569087,Manoj Desai,Axis Bank,normal,UTIB06183,2025-06-02
299,719855460158,Amit Gupta,Axis Bank,normal,UTIB07432,2026-01-02
300,634615717320,Saanvi Sharma,State Bank of India,normal,SBIN09376,2025-06-25
301,478700505061,Aadhya Malhotra,Punjab National Bank,normal,PUNB08782,2026-03-15
302,310270790320,Diya Malhotra,Punjab National Bank,normal,PUNB00417,2026-01-24
303,911179931365,Neha Mehta,HDFC Bank,normal,HDFC01982,2025-10-03
304,092511426258,Ananya Naidu,HDFC Bank,normal,HDFC03902,2025-07-09
305,962071002194,Pooja Bhatt,Bank of Baroda,normal,BARB07232,2026-02-04
306,876329092791,Riya Joshi,ICICI Bank,normal,ICIC06083,2025-08-14
307,819588373403,Krishna Rao,State Bank of India,normal,SBIN07722,2026-02-16
308,054364597010,Anil Iyer,State Bank of India,normal,SBIN02078,2025-07-16
309,379956353153,Reyansh Menon,State Bank of India,normal,SBIN06363,2025-06-29
310,970623972652,Deepak Pandey,Axis Bank,normal,UTIB03543,2025-10-09
311,090421776253,Navya Chauhan,HDFC Bank,normal,HDFC02929,2026-01-01
312,168739774063,Myra Mehta,HDFC Bank,normal,HDFC06939,2025-07-28
313,060078068671,Sunita Pillai,Punjab National Bank,normal,PUNB03180,2026-02-25
314,632543107427,Meena Pandey,Bank of Baroda,normal,BARB09077,2026-03-27
315,625701658046,Anika Bhatt,HDFC Bank,normal,HDFC09893,2026-04-02
316,195085016579,Aditya Joshi,Bank of Baroda,normal,BARB05281,2026-01-04
317,325381793355,Anika Singh,Bank of Baroda,normal,BARB06401,2025-10-23
318,778817884795,Arjun Nair,ICICI Bank,normal,ICIC07116,2026-05-15
319,411241272380,Navya Desai,HDFC Bank,normal,HDFC08275,2025-11-11
320,043103856955,Vikram Yadav,Axis Bank,normal,UTIB08877,2025-09-27
321,242437540254,Deepak Iyer,Punjab National Bank,normal,PUNB09284,2025-08-10
322,223105927452,Aadhya Kumar,HDFC Bank,normal,HDFC00552,2025-10-23
323,828410672752,Aarav Pandey,Axis Bank,normal,UTIB08854,2025-12-02
324,929751702814,Vivaan Kulkarni,ICICI Bank,normal,ICIC09375,2025-07-06
325,093983430187,Sai Singh,ICICI Bank,normal,ICIC06375,2026-01-21
326,805626565045,Suresh Shah,Punjab National Bank,normal,PUNB07813,2026-03-10
327,674266299123,Riya Pillai,Axis Bank,normal,UTIB08519,2026-03-21
328,106462879232,Priya Shah,Axis Bank,normal,UTIB08704,2026-04-21
329,478730024471,Navya Desai,Punjab National Bank,normal,PUNB02730,2025-07-17
330,719597964715,Ravi Pandey,ICICI Bank,normal,ICIC09042,2026-01-12
331,257252045650,Navya Shah,State Bank of India,normal,SBIN08183,2026-03-25
332,219285544518,Geeta Joshi,Bank of Baroda,normal,BARB02028,2025-09-18
333,765213283389,Sanjay Kumar,ICICI Bank,normal,ICIC08167,2026-05-22
334,120754527985,Diya Bhatt,State Bank of India,normal,SBIN04013,2025-07-20
335,234232161107,Kavita Verma,Bank of Baroda,normal,BARB03108,2026-01-17
336,714014011939,Saanvi Iyer,State Bank of India,normal,SBIN05012,2026-04-25
337,495528938911,Geeta Sharma,Bank of Baroda,normal,BARB08334,2025-08-06
338,013875927125,Priya Desai,Punjab National Bank,normal,PUNB03836,2025-07-14
339,171827548015,Vikram Reddy,ICICI Bank,normal,ICIC06479,2026-03-13
340,738646317520,Vikram Kapoor,ICICI Bank,normal,ICIC01678,2026-02-11
341,112669121535,Saanvi Chauhan,Bank of Baroda,normal,BARB06136,2026-03-09
342,499465796784,Rohan Naidu,Axis Bank,normal,UTIB01147,2025-12-11
343,201017026952,Riya Chauhan,HDFC Bank,normal,HDFC09118,2026-03-26
344,734778485880,Aditya Desai,Axis Bank,normal,UTIB01675,2026-04-28
345,770028427624,Priya Pillai,Axis Bank,normal,UTIB01978,2026-02-22
346,977828064796,Divya Kapoor,Punjab National Bank,normal,PUNB05450,2025-06-11
347,025590561655,Pooja Joshi,Punjab National Bank,normal,PUNB00333,2026-02-07
348,911415208507,Kavita Yadav,ICICI Bank,normal,ICIC08640,2026-02-26
349,905696591713,Amit Pillai,Axis Bank,normal,UTIB08529,2025-09-25
350,637183440496,Kiara Chauhan,ICICI Bank,normal,ICIC01919,2025-10-09
351,198763514846,Anil Mehta,ICICI Bank,normal,ICIC03664,2026-01-29
352,782082973748,Divya Desai,Punjab National Bank,normal,PUNB09083,2025-10-20
353,232466513644,Ananya Patel,Axis Bank,normal,UTIB09363,2025-07-15
354,303477866032,Anika Rao,HDFC Bank,normal,HDFC00448,2025-08-08
355,070015941651,Neha Pandey,Bank of Baroda,normal,BARB02319,2026-03-13
356,189847139155,Geeta Pandey,Punjab National Bank,normal,PUNB06363,2025-07-27
357,234764907851,Rahul Kumar,State Bank of India,normal,SBIN06734,2026-05-08
358,575409003486,Riya Malhotra,HDFC Bank,normal,HDFC05183,2026-04-30
359,606441343275,Pooja Verma,Axis Bank,normal,UTIB04177,2026-03-14
360,561248156985,Deepak Bhatt,Axis Bank,normal,UTIB00027,2026-04-04
361,206345911238,Ishaan Chauhan,Bank of Baroda,normal,BARB06577,2026-05-06
362,242954316526,Priya Yadav,Bank of Baroda,normal,BARB03008,2026-02-07
363,317342069694,Rohan Gupta,Punjab National Bank,normal,PUNB05291,2025-06-06
364,867713334476,Ishaan Desai,Bank of Baroda,normal,BARB03934,2026-03-10
365,362620443973,Rajesh Yadav,Bank of Baroda,normal,BARB07107,2025-07-22
366,636694118005,Myra Pillai,ICICI Bank,normal,ICIC05990,2025-06-03
367,896465280924,Ananya Singh,ICICI Bank,normal,ICIC07572,2025-07-05
368,862415027456,Navya Patel,ICICI Bank,normal,ICIC09485,2025-11-17
369,572870320320,Manoj Patel,HDFC Bank,normal,HDFC02761,2026-05-14
370,075877712151,Aadhya Shah,Axis Bank,normal,UTIB02284,2026-01-05
371,939089261371,Amit Sharma,Bank of Baroda,normal,BARB04165,2026-01-16
372,520177749050,Divya Naidu,State Bank of India,normal,SBIN05923,2026-05-02
373,450189616423,Neha Gupta,State Bank of India,normal,SBIN00326,2026-03-30
374,421476492515,Ravi Nair,Axis Bank,normal,UTIB07767,2025-09-13
375,961659266108,Amit Naidu,Punjab National Bank,normal,PUNB03278,2026-01-31
376,814761742243,Sanjay Desai,Bank of Baroda,normal,BARB04908,2025-06-30
377,818661794549,Sai Singh,State Bank of India,normal,SBIN00172,2026-04-02
378,601645977945,Diya Nair,HDFC Bank,normal,HDFC02194,2026-05-05
379,168006102776,Lakshmi Pandey,Bank of Baroda,normal,BARB07499,2025-10-19
380,641220310303,Manoj Malhotra,Bank of Baroda,normal,BARB02368,2025-08-14
381,472760122777,Vivaan Naidu,State Bank of India,normal,SBIN09334,2026-01-08
382,050166799840,Vikram Kulkarni,Axis Bank,normal,UTIB07899,2026-05-30
383,730806958146,Manoj Reddy,Bank of Baroda,normal,BARB07957,2026-02-26
384,024375738395,Lakshmi Bhatt,Axis Bank,normal,UTIB07246,2025-11-09
385,572934172232,Lakshmi Pillai,Bank of Baroda,normal,BARB01674,2025-08-31
386,800545228015,Kavita Reddy,HDFC Bank,normal,HDFC09318,2025-08-27
387,455084289107,Deepak Reddy,Axis Bank,normal,UTIB01991,2026-04-16
388,081213524787,Reyansh Rao,Punjab National Bank,normal,PUNB05521,2026-04-26
389,760375482145,Pooja Joshi,HDFC Bank,normal,HDFC03286,2026-04-02
390,266678507208,Arjun Gupta,HDFC Bank,normal,HDFC05562,2025-11-16
391,602908466845,Suresh Sharma,State Bank of India,normal,SBIN04892,2026-02-27
392,738997563410,Anil Mehta,Axis Bank,normal,UTIB06288,2025-09-19
393,188485200894,Myra Shah,HDFC Bank,normal,HDFC06810,2026-04-23
394,485101749075,Myra Pandey,ICICI Bank,normal,ICIC09989,2025-08-30
395,449268315893,Rajesh Naidu,ICICI Bank,normal,ICIC01266,2025-07-02
396,062737158698,Sanjay Kulkarni,State Bank of India,normal,SBIN04976,2025-11-18
397,762282772881,Aadhya Naidu,Bank of Baroda,normal,BARB07028,2025-10-22
398,961159408215,Riya Joshi,State Bank of India,normal,SBIN04470,2026-04-04
399,296044327018,Suresh Gupta,HDFC Bank,normal,HDFC00679,2025-09-29
400,756792287772,Rahul Gupta,Punjab National Bank,normal,PUNB09966,2025-08-30
401,580741209481,Sunil Gupta,Axis Bank,normal,UTIB03989,2026-03-22
402,983780182043,Myra Bhatt,State Bank of India,normal,SBIN09718,2026-01-22
403,690705626085,Priya Patel,ICICI Bank,normal,ICIC01118,2025-08-05
404,224124620952,Vivaan Bhatt,ICICI Bank,normal,ICIC00461,2025-10-03
405,654610339937,Ravi Singh,HDFC Bank,normal,HDFC06140,2025-10-02
406,861706304891,Myra Kumar,Axis Bank,normal,UTIB02496,2025-11-21
407,832582386870,Aarav Naidu,State Bank of India,normal,SBIN09420,2025-06-24
408,494653984028,Meena Gupta,Axis Bank,normal,UTIB04161,2026-04-19
409,846398554743,Rahul Mehta,HDFC Bank,normal,HDFC03795,2025-06-07
410,209700268768,Sai Malhotra,Bank of Baroda,normal,BARB01807,2026-02-17
411,569562017537,Aarav Menon,State Bank of India,normal,SBIN00453,2025-07-05
412,433750479303,Neha Reddy,Punjab National Bank,normal,PUNB04987,2025-08-06
413,399921921249,Kiara Singh,Punjab National Bank,normal,PUNB04308,2026-01-25
414,870605664187,Vikram Joshi,ICICI Bank,normal,ICIC08030,2025-09-16
415,875063519036,Arjun Menon,Axis Bank,normal,UTIB03254,2025-06-25
416,107609543173,Amit Verma,Bank of Baroda,normal,BARB05831,2026-03-29
417,971791100651,Ishaan Verma,Punjab National Bank,normal,PUNB07049,2026-01-30
418,110804661963,Lakshmi Kapoor,Axis Bank,normal,UTIB09076,2025-11-28
419,991507859311,Aarav Chauhan,Axis Bank,normal,UTIB01939,2025-07-19
420,845679723200,Ishaan Shah,Bank of Baroda,normal,BARB09685,2025-09-29
421,822749545089,Rohan Verma,Punjab National Bank,normal,PUNB03880,2025-11-11
422,333153779599,Amit Chauhan,ICICI Bank,normal,ICIC04652,2025-07-11
423,073033793375,Priya Nair,Axis Bank,normal,UTIB06205,2025-06-04
424,508124739500,Saanvi Nair,State Bank of India,normal,SBIN04234,2026-03-07
425,583230241026,Krishna Mehta,HDFC Bank,normal,HDFC03473,2025-10-22
426,289611223386,Rajesh Mehta,ICICI Bank,normal,ICIC09630,2026-03-24
427,938425304289,Vikram Nair,Punjab National Bank,normal,PUNB01791,2025-08-05
428,685787255877,Manoj Patel,Punjab National Bank,normal,PUNB09690,2025-08-20
429,373634669254,Sunil Gupta,HDFC Bank,normal,HDFC02147,2025-12-19
430,390789567766,Rajesh Pillai,ICICI Bank,normal,ICIC05460,2025-08-09
431,341514888143,Reyansh Reddy,Axis Bank,normal,UTIB01508,2025-08-17
432,354443928404,Navya Joshi,ICICI Bank,normal,ICIC06690,2025-12-01
433,826333738987,Deepak Mehta,Bank of Baroda,normal,BARB01536,2026-03-27
434,637780529240,Vikram Kapoor,Bank of Baroda,normal,BARB05536,2025-11-13
435,684590902259,Lakshmi Chauhan,Bank of Baroda,normal,BARB09663,2025-10-30
436,863715974121,Sunil Iyer,State Bank of India,normal,SBIN00970,2025-08-12
437,164334817058,Aarav Iyer,HDFC Bank,normal,HDFC05662,2025-07-14
438,867163234672,Lakshmi Yadav,HDFC Bank,normal,HDFC04938,2026-03-06
439,743027169385,Meena Pillai,Bank of Baroda,normal,BARB07790,2026-03-14
440,475469263296,Deepak Kulkarni,State Bank of India,normal,SBIN02916,2026-02-27
441,324841376815,Arjun Reddy,State Bank of India,normal,SBIN08567,2025-08-04
442,380701765636,Aditya Sharma,ICICI Bank,normal,ICIC04125,2026-02-16
443,777118372742,Ananya Sharma,Bank of Baroda,normal,BARB09124,2025-07-19
444,621042752308,Aadhya Naidu,Punjab National Bank,normal,PUNB00816,2026-02-24
445,709006335331,Vivaan Desai,ICICI Bank,normal,ICIC00053,2026-02-20
446,131220681558,Saanvi Chauhan,Bank of Baroda,normal,BARB03866,2025-07-17
447,315520650637,Kiara Gupta,HDFC Bank,normal,HDFC04950,2025-06-27
448,649718924195,Priya Kapoor,HDFC Bank,normal,HDFC02525,2026-04-27
449,715099768389,Aarav Menon,Bank of Baroda,normal,BARB00914,2025-08-31
450,639102574326,Aadhya Malhotra,Bank of Baroda,normal,BARB00397,2026-03-15
451,245086403553,Aadhya Kumar,ICICI Bank,normal,ICIC00339,2026-05-05
452,852701713023,Ishaan Gupta,Axis Bank,normal,UTIB02983,2025-08-31
453,167423362934,Navya Yadav,Punjab National Bank,normal,PUNB07347,2025-07-02
454,662776896270,Priya Desai,ICICI Bank,normal,ICIC01498,2025-07-30
455,246747468971,Amit Rao,Punjab National Bank,normal,PUNB07323,2025-06-02
456,857666567491,Pooja Verma,State Bank of India,normal,SBIN01692,2025-08-15
457,458750663370,Rajesh Malhotra,Axis Bank,normal,UTIB00249,2025-11-24
458,243992011669,Sai Singh,Bank of Baroda,normal,BARB03626,2025-09-07
459,488694611952,Anika Pandey,Bank of Baroda,normal,BARB03640,2025-08-05
460,011686462252,Ishaan Nair,Axis Bank,normal,UTIB07281,2025-11-23
461,323023467912,Sai Shah,Punjab National Bank,normal,PUNB01614,2025-06-25
462,093771004090,Reyansh Nair,ICICI Bank,normal,ICIC08069,2025-12-19
463,775965555356,Priya Chauhan,ICICI Bank,normal,ICIC00551,2025-06-02
464,620918435797,Ravi Desai,Axis Bank,normal,UTIB03050,2026-02-02
465,057397691567,Reyansh Pandey,ICICI Bank,normal,ICIC06493,2026-03-04
466,898027148727,Krishna Pillai,HDFC Bank,normal,HDFC08333,2025-08-06
467,116025643471,Ishaan Kumar,Bank of Baroda,normal,BARB07153,2026-05-28
468,915668633414,Sai Reddy,Punjab National Bank,normal,PUNB01593,2026-03-17
469,952569040983,Priya Desai,State Bank of India,normal,SBIN05528,2026-02-13
470,931608752437,Deepak Rao,Punjab National Bank,normal,PUNB09420,2026-01-19
471,481497374605,Rohan Bhatt,ICICI Bank,normal,ICIC03302,2026-04-29
472,642086567566,Arjun Singh,Axis Bank,normal,UTIB04438,2025-10-31
473,259047292774,Rohan Nair,State Bank of India,normal,SBIN03305,2026-03-09
474,126620157201,Ravi Malhotra,Punjab National Bank,normal,PUNB05962,2026-01-30
475,630136749261,Deepak Malhotra,Bank of Baroda,normal,BARB06475,2025-06-05
476,111783099974,Reyansh Yadav,State Bank of India,normal,SBIN02676,2025-09-24
477,215182606888,Vikram Gupta,Punjab National Bank,normal,PUNB08981,2026-03-20
478,129208751029,Aadhya Malhotra,HDFC Bank,normal,HDFC02184,2026-04-27
479,118458260340,Sanjay Shah,State Bank of India,normal,SBIN08729,2025-12-08
480,585988310303,Rohan Shah,Bank of Baroda,normal,BARB03298,2025-08-23
481,542961844626,Deepak Gupta,Punjab National Bank,normal,PUNB04628,2025-08-19
482,435989262566,Vivaan Chauhan,State Bank of India,normal,SBIN03141,2025-12-24
483,861515542340,Reyansh Kulkarni,State Bank of India,normal,SBIN03611,2025-08-08
484,497185948491,Vihaan Iyer,Punjab National Bank,normal,PUNB05625,2026-04-10
485,889679240822,Rohan Kulkarni,Bank of Baroda,normal,BARB09405,2026-03-02
486,967275784468,Kiara Shah,HDFC Bank,normal,HDFC01465,2026-04-25
487,113129014870,Kavita Kapoor,State Bank of India,normal,SBIN08277,2025-12-18
488,816093068538,Lakshmi Verma,Bank of Baroda,normal,BARB09728,2026-05-18
489,215285067625,Krishna Mehta,HDFC Bank,normal,HDFC03814,2025-09-25
490,443096348079,Vikram Verma,Axis Bank,normal,UTIB05097,2025-10-06
491,510526501673,Sai Singh,ICICI Bank,normal,ICIC08261,2026-05-21
492,024376545628,Anika Reddy,Axis Bank,normal,UTIB07722,2025-10-16
493,605313402665,Aditya Iyer,Bank of Baroda,normal,BARB03741,2025-11-11
494,872568621102,Rohan Joshi,Axis Bank,normal,UTIB08030,2026-02-19
495,690674471639,Rohan Pandey,ICICI Bank,normal,ICIC08234,2026-03-25
496,436371892392,Kiara Reddy,State Bank of India,normal,SBIN02604,2025-08-14
497,609310668433,Amit Desai,HDFC Bank,normal,HDFC07086,2026-02-06
498,414545635020,Aarav Verma,State Bank of India,normal,SBIN05347,2025-09-17
499,162475541108,Ishaan Mehta,Punjab National Bank,normal,PUNB05598,2026-01-21
500,343961129109,Saanvi Nair,ICICI Bank,normal,ICIC07118,2026-01-27
501,473820236848,Suresh Joshi,ICICI Bank,normal,ICIC07161,2025-12-05
502,880294240903,Neha Pillai,Axis Bank,normal,UTIB08812,2025-11-18
503,686694320293,Geeta Bhatt,Punjab National Bank,normal,PUNB00878,2026-03-02
504,844344812308,Myra Shah,Bank of Baroda,normal,BARB00242,2025-09-14
505,338105955184,Ishaan Desai,State Bank of India,normal,SBIN09450,2026-01-30
506,534240891649,Sunil Nair,State Bank of India,normal,SBIN07354,2025-08-19
507,627365271727,Diya Iyer,Punjab National Bank,normal,PUNB03972,2026-02-07
508,042269312163,Deepak Malhotra,ICICI Bank,normal,ICIC06182,2026-03-10
509,916601002314,Rohan Malhotra,State Bank of India,normal,SBIN09001,2025-12-28
510,513279724572,Myra Verma,Bank of Baroda,normal,BARB08481,2025-06-09
511,184186203036,Priya Rao,State Bank of India,normal,SBIN05436,2026-02-22
512,172131451951,Rajesh Gupta,Bank of Baroda,normal,BARB00922,2025-11-14
513,592624945147,Rajesh Patel,Punjab National Bank,normal,PUNB01022,2025-10-03
514,677119642152,Diya Kulkarni,HDFC Bank,normal,HDFC05576,2025-12-04
515,695236687887,Anil Kumar,Bank of Baroda,normal,BARB03619,2026-03-05
516,893135030587,Ishaan Reddy,Axis Bank,normal,UTIB00552,2025-09-23
517,286333021260,Kavita Joshi,Axis Bank,normal,UTIB00191,2025-12-03
518,202521310962,Diya Pillai,Punjab National Bank,normal,PUNB02847,2025-11-07
519,570412009282,Aarav Kulkarni,Bank of Baroda,normal,BARB06784,2026-05-23
520,843624186236,Divya Verma,Punjab National Bank,normal,PUNB03628,2026-01-21
521,775662056341,Reyansh Gupta,State Bank of India,normal,SBIN05950,2025-09-02
522,281139043830,Myra Patel,ICICI Bank,normal,ICIC01990,2026-01-05
523,005140546835,Neha Pandey,Axis Bank,normal,UTIB05215,2025-11-06
524,818209679042,Rohan Kapoor,Bank of Baroda,normal,BARB07113,2026-05-10
525,228898572545,Divya Desai,HDFC Bank,normal,HDFC00633,2026-01-24
526,129710248171,Deepak Mehta,Punjab National Bank,normal,PUNB02421,2025-09-17
527,551127474721,Meena Pillai,Punjab National Bank,normal,PUNB00546,2025-11-06
528,275895516874,Aditya Chauhan,Punjab National Bank,normal,PUNB00380,2025-07-31
529,462961367157,Deepak Malhotra,State Bank of India,normal,SBIN08711,2025-08-10
530,166365155973,Manoj Reddy,Bank of Baroda,normal,BARB04708,2025-07-31
531,235909605673,Vihaan Nair,Axis Bank,normal,UTIB00644,2026-02-02
532,121461476834,Diya Verma,HDFC Bank,normal,HDFC01654,2025-08-03
533,567782659608,Lakshmi Nair,HDFC Bank,normal,HDFC01992,2025-10-04
534,502727516480,Sunita Rao,Bank of Baroda,normal,BARB07910,2025-08-24
535,368296353390,Rajesh Joshi,Bank of Baroda,normal,BARB00448,2026-04-15
536,776655868512,Deepak Desai,State Bank of India,normal,SBIN05289,2025-08-03
537,664649111109,Pooja Reddy,Punjab National Bank,normal,PUNB07981,2026-02-02
538,890463378613,Manoj Reddy,Axis Bank,normal,UTIB05766,2025-06-03
539,384444630600,Vivaan Rao,ICICI Bank,normal,ICIC05895,2025-10-09
540,963863960962,Priya Pandey,HDFC Bank,normal,HDFC02658,2025-08-01
541,312819648253,Sai Gupta,Axis Bank,normal,UTIB00609,2025-07-30
542,981960275233,Riya Nair,State Bank of India,normal,SBIN08364,2026-02-12
543,412091179112,Navya Patel,State Bank of India,normal,SBIN02117,2026-04-25
544,361706171366,Rahul Malhotra,ICICI Bank,normal,ICIC07224,2025-06-04
545,990155799802,Sanjay Pandey,HDFC Bank,normal,HDFC04139,2025-06-12
546,088235130523,Sai Pandey,Punjab National Bank,normal,PUNB02447,2025-08-17
547,584776863423,Anika Kulkarni,State Bank of India,normal,SBIN01994,2025-08-04
548,767694591966,Saanvi Yadav,HDFC Bank,normal,HDFC05517,2025-08-04
549,849649856012,Rahul Desai,State Bank of India,normal,SBIN02531,2025-08-23
550,552510505379,Rahul Menon,Bank of Baroda,normal,BARB08164,2026-01-20
551,831849196655,Saanvi Nair,HDFC Bank,normal,HDFC00770,2025-09-15
552,117295963904,Vivaan Malhotra,Axis Bank,normal,UTIB09074,2025-07-21
553,088050171644,Rahul Joshi,Axis Bank,normal,UTIB06185,2025-12-09
554,064771591030,Aarav Rao,Punjab National Bank,normal,PUNB01563,2025-08-06
555,358004010414,Amit Bhatt,State Bank of India,normal,SBIN09642,2026-05-26
556,971252967188,Myra Yadav,HDFC Bank,normal,HDFC07745,2026-03-28
557,731441583311,Vikram Verma,Bank of Baroda,normal,BARB03037,2026-04-14
558,371539885472,Ravi Reddy,Axis Bank,normal,UTIB02356,2025-11-23
559,836314624912,Deepak Reddy,Punjab National Bank,normal,PUNB01307,2025-08-12
560,078754181563,Rohan Kulkarni,ICICI Bank,normal,ICIC08685,2025-06-21
561,451066343629,Anika Singh,Axis Bank,normal,UTIB09786,2025-07-13
562,031310094318,Reyansh Patel,Bank of Baroda,normal,BARB03966,2025-10-31
563,347323549401,Diya Singh,State Bank of India,normal,SBIN09743,2025-08-06
564,122572076502,Pari Gupta,ICICI Bank,normal,ICIC02095,2025-12-02
565,073710094388,Ananya Rao,Punjab National Bank,normal,PUNB01145,2025-11-23
566,584745705458,Lakshmi Pillai,Axis Bank,normal,UTIB01480,2025-07-28
567,325703965313,Priya Malhotra,Axis Bank,normal,UTIB01487,2026-05-07
568,245569644309,Sanjay Bhatt,Punjab National Bank,normal,PUNB05916,2026-04-05
569,954107272849,Sunil Kapoor,Axis Bank,normal,UTIB02474,2025-06-26
570,070349107406,Suresh Kapoor,ICICI Bank,normal,ICIC00042,2025-10-15
571,882142369143,Aditya Pillai,ICICI Bank,normal,ICIC05366,2025-11-03
572,449429659234,Ishaan Desai,State Bank of India,normal,SBIN08344,2025-07-04
573,978266128758,Suresh Naidu,ICICI Bank,normal,ICIC05676,2025-11-07
574,080612943985,Ishaan Chauhan,Axis Bank,normal,UTIB08940,2026-03-21
575,260787010415,Lakshmi Reddy,Axis Bank,normal,UTIB04975,2026-05-02
576,198038287232,Riya Malhotra,State Bank of India,normal,SBIN04079,2026-02-23
577,110291813317,Vivaan Singh,HDFC Bank,normal,HDFC07601,2025-09-25
578,723849791620,Diya Rao,Axis Bank,normal,UTIB03288,2025-08-17
579,744197546617,Pooja Desai,Axis Bank,normal,UTIB02047,2025-07-17
580,609409705277,Anika Sharma,Punjab National Bank,normal,PUNB02588,2025-08-21
581,868122595724,Riya Kulkarni,ICICI Bank,normal,ICIC01767,2026-01-22
582,298842599599,Neha Gupta,Bank of Baroda,normal,BARB00023,2025-07-08
583,177533126610,Divya Patel,Bank of Baroda,normal,BARB01017,2026-03-24
584,902517629833,Pari Pillai,ICICI Bank,normal,ICIC07433,2026-03-16
585,683190130205,Pooja Yadav,HDFC Bank,normal,HDFC08152,2026-02-21
586,873397855982,Arjun Naidu,Bank of Baroda,normal,BARB06619,2025-07-01
587,841173098503,Navya Patel,HDFC Bank,normal,HDFC06512,2025-09-20
588,893898469081,Geeta Pillai,State Bank of India,normal,SBIN04005,2025-11-11
589,350238503719,Divya Bhatt,ICICI Bank,normal,ICIC00516,2026-01-19
590,918724010783,Suresh Desai,Bank of Baroda,normal,BARB07430,2026-05-28
591,038960870662,Kavita Bhatt,State Bank of India,normal,SBIN06821,2025-11-18
592,955356033190,Kiara Desai,State Bank of India,normal,SBIN08900,2026-05-06
593,301027240559,Myra Shah,Bank of Baroda,normal,BARB02967,2026-02-11
594,114837537458,Navya Malhotra,State Bank of India,normal,SBIN03845,2026-02-26
595,810569741328,Kiara Shah,Punjab National Bank,normal,PUNB08315,2026-03-09
596,037710704496,Riya Gupta,HDFC Bank,normal,HDFC00496,2025-12-10
597,667033626804,Aditya Kumar,State Bank of India,normal,SBIN05095,2026-05-25
598,930596601864,Anil Naidu,ICICI Bank,normal,ICIC06998,2025-09-10
599,673204413845,Meena Kulkarni,HDFC Bank,normal,HDFC00945,2025-09-13
600,490149542770,Sunita Sharma,Bank of Baroda,normal,BARB07057,2026-02-03
601,360914985172,Pari Patel,Punjab National Bank,normal,PUNB04723,2026-01-31
602,290310287950,Sunil Bhatt,HDFC Bank,normal,HDFC03044,2025-06-07
603,580935118718,Arjun Menon,Bank of Baroda,normal,BARB03595,2026-04-19
604,616420595565,Manoj Shah,Bank of Baroda,normal,BARB09025,2025-06-18
605,290193588953,Priya Yadav,ICICI Bank,normal,ICIC00261,2025-07-01
606,989868180978,Sanjay Naidu,HDFC Bank,normal,HDFC05439,2025-09-22
607,535375137651,Suresh Kumar,HDFC Bank,normal,HDFC08157,2026-01-22
608,763928369294,Navya Mehta,HDFC Bank,normal,HDFC05116,2025-11-11
609,297327021648,Manoj Pandey,Punjab National Bank,normal,PUNB01206,2025-06-10
610,212886652683,Navya Reddy,Bank of Baroda,normal,BARB05599,2026-01-26
611,015767647229,Ravi Gupta,State Bank of India,normal,SBIN02099,2025-10-22
612,765728941347,Amit Verma,Bank of Baroda,normal,BARB09889,2025-12-15
613,456522036849,Divya Mehta,Axis Bank,normal,UTIB01542,2025-07-17
614,477324491342,Reyansh Nair,ICICI Bank,normal,ICIC08820,2026-01-19
615,883070534967,Sanjay Rao,State Bank of India,normal,SBIN07411,2025-11-20
616,741241513152,Ravi Mehta,Axis Bank,normal,UTIB04781,2026-03-02
617,506185380032,Geeta Kulkarni,Bank of Baroda,normal,BARB03347,2025-07-29
618,274231830617,Sunil Chauhan,Axis Bank,normal,UTIB03206,2026-02-23
619,969357824347,Vikram Malhotra,ICICI Bank,normal,ICIC06958,2025-12-04
620,131467536127,Rahul Kapoor,ICICI Bank,normal,ICIC01562,2026-03-28
621,796304483608,Rahul Patel,Axis Bank,normal,UTIB05667,2025-11-13
622,404735047639,Ananya Kumar,Axis Bank,normal,UTIB03199,2025-10-07
623,980061558108,Aadhya Joshi,HDFC Bank,normal,HDFC08328,2025-11-01
624,342556383000,Sanjay Reddy,Bank of Baroda,normal,BARB08670,2025-07-31
625,403304166241,Arjun Gupta,ICICI Bank,normal,ICIC08600,2026-03-16
626,921963945680,Riya Patel,Punjab National Bank,normal,PUNB07314,2026-02-10
627,764613684748,Ravi Menon,Punjab National Bank,normal,PUNB06076,2025-10-23
628,173906375791,Riya Mehta,Punjab National Bank,normal,PUNB02118,2025-08-05
629,793126978930,Vikram Patel,HDFC Bank,normal,HDFC06452,2025-06-15
630,996043878753,Rahul Naidu,ICICI Bank,normal,ICIC07881,2026-05-24
631,616202812371,Aditya Desai,State Bank of India,normal,SBIN07287,2025-07-25
632,866041644859,Rajesh Yadav,Bank of Baroda,normal,BARB02248,2026-02-22
633,958947735228,Manoj Sharma,HDFC Bank,normal,HDFC05622,2025-11-30
634,043318751097,Lakshmi Iyer,State Bank of India,normal,SBIN01583,2025-10-12
635,034469459648,Anil Malhotra,Bank of Baroda,normal,BARB03192,2025-07-10
636,342491289659,Geeta Chauhan,Bank of Baroda,normal,BARB04973,2025-08-05
637,331922270510,Ishaan Singh,State Bank of India,normal,SBIN07675,2025-09-26
638,138666754858,Sai Chauhan,Punjab National Bank,normal,PUNB03242,2026-04-23
639,877418652057,Suresh Pandey,Axis Bank,normal,UTIB06398,2026-05-07
640,652037583094,Amit Reddy,HDFC Bank,normal,HDFC05480,2026-01-22
641,047604409079,Deepak Pillai,ICICI Bank,normal,ICIC02781,2025-06-15
642,092221610705,Reyansh Kumar,ICICI Bank,normal,ICIC04390,2025-10-08
643,529580660138,Rohan Pandey,Bank of Baroda,normal,BARB04127,2025-06-18
644,938620448515,Deepak Yadav,ICICI Bank,normal,ICIC01971,2025-07-16
645,212590203571,Myra Shah,State Bank of India,normal,SBIN03240,2025-10-26
646,424295633432,Navya Patel,Bank of Baroda,normal,BARB07417,2025-10-16
647,558720962893,Kavita Joshi,Punjab National Bank,normal,PUNB04358,2026-01-01
648,418343740182,Manoj Rao,Bank of Baroda,normal,BARB07955,2026-01-05
649,905150267551,Diya Joshi,Axis Bank,normal,UTIB04278,2025-08-12
650,797996673459,Amit Pillai,State Bank of India,normal,SBIN06403,2026-03-24
651,166496902824,Lakshmi Bhatt,Punjab National Bank,normal,PUNB08392,2025-07-21
652,501425762702,Saanvi Iyer,Bank of Baroda,normal,BARB04412,2025-08-31
653,613285072517,Sunil Kapoor,HDFC Bank,normal,HDFC06376,2026-04-19
654,316252654696,Anil Gupta,Axis Bank,normal,UTIB05790,2025-08-26
655,235558099613,Ishaan Pillai,Punjab National Bank,normal,PUNB03034,2025-11-17
656,562624467046,Diya Iyer,State Bank of India,normal,SBIN06817,2026-04-10
657,516025298670,Vikram Malhotra,State Bank of India,normal,SBIN06604,2025-11-13
658,197857585126,Anil Kulkarni,ICICI Bank,normal,ICIC01205,2026-05-29
659,943897607401,Vikram Naidu,Bank of Baroda,normal,BARB05095,2025-09-06
660,540842456075,Riya Malhotra,Axis Bank,normal,UTIB00915,2026-03-12
661,863218122764,Suresh Naidu,State Bank of India,normal,SBIN09389,2025-11-26
662,155029168154,Kavita Kulkarni,State Bank of India,normal,SBIN00241,2026-04-22
663,139449883059,Manoj Nair,Axis Bank,normal,UTIB06424,2025-12-12
664,096244063062,Anika Patel,Bank of Baroda,normal,BARB07951,2025-08-25
665,053194979695,Anil Kulkarni,HDFC Bank,normal,HDFC07805,2025-10-11
666,572773826460,Meena Gupta,ICICI Bank,normal,ICIC07851,2025-08-20
667,854457702992,Divya Joshi,Bank of Baroda,normal,BARB09660,2026-03-19
668,873682691163,Aadhya Reddy,ICICI Bank,normal,ICIC09422,2026-03-25
669,686536945515,Ravi Kumar,Bank of Baroda,normal,BARB08636,2025-12-10
670,472264085721,Priya Yadav,Axis Bank,normal,UTIB06663,2026-02-03
671,932998199605,Divya Menon,State Bank of India,normal,SBIN02971,2025-10-22
672,968832753273,Rahul Rao,State Bank of India,normal,SBIN04103,2026-01-11
673,739732781952,Myra Naidu,Axis Bank,normal,UTIB01006,2026-05-03
674,761648198077,Vihaan Shah,Punjab National Bank,normal,PUNB06056,2026-03-06
675,761124912565,Rohan Menon,Punjab National Bank,normal,PUNB07341,2025-10-07
676,177345475749,Anika Chauhan,Bank of Baroda,normal,BARB00228,2025-09-21
677,359544294774,Rohan Pandey,State Bank of India,normal,SBIN02294,2026-04-30
678,430394290458,Sanjay Kulkarni,Axis Bank,normal,UTIB07925,2026-02-06
679,985856728727,Priya Sharma,HDFC Bank,normal,HDFC01534,2025-08-20
680,249135779083,Saanvi Joshi,HDFC Bank,normal,HDFC00615,2025-12-15
681,488810798334,Diya Bhatt,State Bank of India,normal,SBIN03372,2025-06-16
682,484131284033,Myra Yadav,Punjab National Bank,normal,PUNB09771,2025-12-26
683,513717173189,Aadhya Chauhan,State Bank of India,normal,SBIN07490,2026-01-12
684,173997046947,Diya Mehta,Axis Bank,normal,UTIB08784,2026-02-06
685,483548847127,Aarav Mehta,ICICI Bank,normal,ICIC08772,2025-08-09
686,641758231334,Ravi Shah,State Bank of India,normal,SBIN05871,2026-02-21
687,939252362292,Rahul Singh,ICICI Bank,normal,ICIC07964,2025-08-28
688,745245557469,Neha Desai,ICICI Bank,normal,ICIC00606,2025-10-16
689,274033445056,Priya Mehta,Bank of Baroda,normal,BARB08833,2026-01-26
690,741132579706,Vikram Menon,Punjab National Bank,normal,PUNB04996,2025-06-24
691,054857417215,Pooja Rao,State Bank of India,normal,SBIN02949,2025-08-17
692,173598488402,Arjun Bhatt,Punjab National Bank,normal,PUNB05573,2025-08-11
693,737553449021,Pooja Desai,ICICI Bank,normal,ICIC06708,2025-06-24
694,509608587495,Arjun Pandey,Punjab National Bank,normal,PUNB01918,2026-03-31
695,828197931647,Sunita Pandey,State Bank of India,normal,SBIN02512,2026-02-07
696,578606940960,Aarav Menon,Punjab National Bank,normal,PUNB05624,2026-04-29
697,958739592323,Riya Iyer,HDFC Bank,normal,HDFC01089,2026-04-25
698,285155333426,Anika Menon,State Bank of India,normal,SBIN03502,2026-05-07
699,160736077633,Priya Yadav,Axis Bank,normal,UTIB01128,2026-05-21
700,812317955633,Sai Singh,Punjab National Bank,normal,PUNB05748,2025-07-14
701,006661554164,Kiara Bhatt,Axis Bank,normal,UTIB01670,2025-09-15
702,502329028227,Aditya Verma,Bank of Baroda,normal,BARB09345,2026-01-26
703,262282251207,Aadhya Shah,Axis Bank,normal,UTIB06549,2025-10-03
704,050702608698,Ananya Iyer,State Bank of India,normal,SBIN01053,2025-07-06
705,117768729047,Manoj Patel,Axis Bank,normal,UTIB02585,2026-01-25
706,177932382231,Reyansh Bhatt,Bank of Baroda,normal,BARB06491,2025-09-06
707,424579889425,Kavita Joshi,HDFC Bank,normal,HDFC02906,2026-02-01
708,320203265097,Manoj Joshi,State Bank of India,normal,SBIN03967,2025-08-23
709,948714855245,Vikram Kumar,Axis Bank,normal,UTIB07158,2025-09-11
710,560821371184,Ishaan Joshi,State Bank of India,normal,SBIN04768,2026-05-31
711,826832303589,Rohan Yadav,State Bank of India,normal,SBIN08808,2025-10-19
712,382521293289,Kavita Nair,Punjab National Bank,normal,PUNB04064,2025-10-30
713,677524014843,Divya Chauhan,Punjab National Bank,normal,PUNB01062,2025-07-26
714,236266933513,Anika Rao,Axis Bank,normal,UTIB06192,2025-08-19
715,245018481973,Sunita Shah,Axis Bank,normal,UTIB01897,2025-07-30
716,540641769274,Kiara Singh,State Bank of India,normal,SBIN01199,2026-05-02
717,376601444856,Pari Joshi,ICICI Bank,normal,ICIC01017,2025-09-03
718,739641789969,Sanjay Kapoor,Punjab National Bank,normal,PUNB06091,2026-01-16
719,191135996605,Sunita Naidu,Bank of Baroda,normal,BARB09806,2026-04-12
720,603920514607,Pari Joshi,Bank of Baroda,normal,BARB05534,2025-11-21
721,574238856527,Sai Mehta,State Bank of India,normal,SBIN05983,2025-10-01
722,116597263475,Amit Naidu,ICICI Bank,normal,ICIC05225,2025-06-07
723,394884882691,Saanvi Gupta,State Bank of India,normal,SBIN01964,2025-07-27
724,585626149915,Kiara Naidu,Bank of Baroda,normal,BARB00382,2026-02-15
725,073333732043,Vivaan Chauhan,ICICI Bank,normal,ICIC07768,2026-01-01
726,362896964546,Rajesh Joshi,Punjab National Bank,normal,PUNB03585,2025-06-30
727,253892187851,Lakshmi Menon,Bank of Baroda,normal,BARB05837,2025-09-13
728,079779612087,Sunil Malhotra,Punjab National Bank,normal,PUNB00572,2025-06-25
729,514940976263,Sunita Shah,Bank of Baroda,normal,BARB08453,2026-01-08
730,628950905911,Divya Gupta,Punjab National Bank,normal,PUNB08623,2025-09-05
731,220715116966,Priya Bhatt,Punjab National Bank,normal,PUNB07252,2025-07-08
732,526471246335,Sai Mehta,ICICI Bank,normal,ICIC07184,2025-06-08
733,080512080056,Riya Sharma,Punjab National Bank,normal,PUNB09951,2025-08-06
734,972835129592,Sunita Bhatt,HDFC Bank,normal,HDFC02827,2025-06-12
735,081441529821,Vikram Nair,Punjab National Bank,normal,PUNB09295,2026-05-31
736,867181535237,Saanvi Kulkarni,Axis Bank,normal,UTIB00507,2026-04-11
737,918158998868,Saanvi Shah,Bank of Baroda,normal,BARB05273,2025-09-22
738,666617071587,Divya Kulkarni,Bank of Baroda,normal,BARB04740,2025-12-22
739,314998250800,Riya Kulkarni,State Bank of India,normal,SBIN03580,2026-04-16
740,688285031723,Rahul Gupta,Bank of Baroda,normal,BARB03739,2026-02-04
741,006314035263,Rajesh Kulkarni,Punjab National Bank,normal,PUNB00229,2025-09-04
742,469434606664,Saanvi Pillai,Punjab National Bank,normal,PUNB04906,2025-06-17
743,723111271285,Ananya Pandey,Bank of Baroda,normal,BARB04648,2025-09-20
744,941163187328,Aditya Pillai,ICICI Bank,normal,ICIC07113,2025-06-15
745,211369572790,Ravi Nair,Axis Bank,normal,UTIB03509,2025-06-06
746,542573066248,Arjun Menon,HDFC Bank,normal,HDFC02357,2025-06-10
747,139848228501,Arjun Desai,Axis Bank,normal,UTIB08809,2026-03-07
748,550213060906,Meena Reddy,HDFC Bank,normal,HDFC03098,2025-06-29
749,796496737945,Deepak Pillai,State Bank of India,normal,SBIN02785,2025-08-26
750,426425064207,Pooja Bhatt,HDFC Bank,normal,HDFC08362,2026-04-23
751,536667776755,Rahul Kapoor,Bank of Baroda,normal,BARB06283,2025-09-04
752,393957865436,Rohan Pillai,HDFC Bank,normal,HDFC01874,2026-05-18
753,603358268627,Vivaan Bhatt,Punjab National Bank,normal,PUNB03692,2025-09-15
754,926932657327,Rahul Chauhan,Bank of Baroda,normal,BARB09801,2026-04-02
755,100051553234,Arjun Joshi,State Bank of India,normal,SBIN09597,2025-12-02
756,244182226189,Pooja Iyer,ICICI Bank,normal,ICIC08874,2026-02-23
757,127102676720,Geeta Bhatt,HDFC Bank,normal,HDFC05799,2025-08-10
758,079551512294,Neha Rao,Axis Bank,normal,UTIB01354,2026-03-04
759,597099625438,Anika Singh,State Bank of India,normal,SBIN00752,2025-06-21
760,344765047158,Aditya Rao,Bank of Baroda,normal,BARB09090,2025-09-26
761,376604655866,Amit Rao,Axis Bank,normal,UTIB05483,2025-12-07
762,417158102131,Diya Joshi,ICICI Bank,normal,ICIC01293,2026-03-30
763,100591297519,Krishna Verma,State Bank of India,normal,SBIN02312,2025-07-06
764,106330165837,Saanvi Bhatt,Bank of Baroda,normal,BARB07927,2025-09-20
765,907280123428,Meena Nair,Bank of Baroda,normal,BARB01132,2026-04-26
766,326949684364,Suresh Pandey,ICICI Bank,normal,ICIC03804,2025-09-18
767,101750961701,Rahul Yadav,HDFC Bank,normal,HDFC05919,2025-09-10
768,575757475833,Geeta Iyer,Bank of Baroda,normal,BARB00567,2026-05-08
769,567772266025,Priya Malhotra,Axis Bank,normal,UTIB02650,2025-11-16
770,229231067245,Saanvi Sharma,Bank of Baroda,normal,BARB07624,2026-04-19
771,433797662705,Reyansh Gupta,Punjab National Bank,normal,PUNB05794,2025-07-25
772,873670425496,Divya Reddy,HDFC Bank,normal,HDFC09284,2025-10-11
773,525971075633,Rahul Bhatt,Bank of Baroda,normal,BARB03574,2026-01-02
774,953259399337,Meena Pillai,ICICI Bank,normal,ICIC00581,2025-10-28
775,951877941763,Anika Bhatt,HDFC Bank,normal,HDFC02507,2025-09-04
776,055978245759,Anil Nair,HDFC Bank,normal,HDFC03991,2025-09-23
777,038843660443,Rohan Shah,Bank of Baroda,normal,BARB00061,2025-10-22
778,276829751474,Saanvi Bhatt,Axis Bank,normal,UTIB09742,2026-01-14
779,501058752568,Vivaan Malhotra,HDFC Bank,normal,HDFC06562,2025-10-05
780,045990802711,Ishaan Rao,Punjab National Bank,normal,PUNB01823,2025-07-06
781,551651768086,Neha Bhatt,ICICI Bank,normal,ICIC02813,2025-11-22
782,143308003700,Kiara Menon,HDFC Bank,normal,HDFC02285,2025-10-04
783,608470681039,Aditya Nair,Axis Bank,normal,UTIB03970,2025-10-14
784,195826328094,Anika Kumar,Bank of Baroda,normal,BARB05862,2026-04-21
785,945354614707,Lakshmi Malhotra,HDFC Bank,normal,HDFC08632,2025-07-14
786,613394394570,Kiara Yadav,State Bank of India,normal,SBIN04380,2025-09-29
787,325376576927,Manoj Kumar,State Bank of India,normal,SBIN09431,2026-01-26
788,009004047692,Reyansh Verma,State Bank of India,normal,SBIN05336,2026-03-16
789,146040142473,Krishna Malhotra,ICICI Bank,normal,ICIC00720,2025-07-14
790,379844097123,Arjun Kulkarni,State Bank of India,normal,SBIN06007,2025-11-15
791,620901447340,Anika Nair,Axis Bank,normal,UTIB03700,2026-05-06
792,687304519577,Anil Iyer,Punjab National Bank,normal,PUNB05588,2025-07-27
793,562965754278,Pooja Joshi,ICICI Bank,normal,ICIC06194,2026-05-10
794,557782058295,Anil Malhotra,HDFC Bank,normal,HDFC02923,2026-04-17
795,616188081904,Sunil Kapoor,Bank of Baroda,normal,BARB02357,2025-07-16
796,586863956137,Rohan Bhatt,ICICI Bank,normal,ICIC03081,2025-12-10
797,143643813000,Navya Reddy,HDFC Bank,normal,HDFC03211,2025-09-07
798,165609456534,Kavita Chauhan,Axis Bank,normal,UTIB09799,2025-06-17
799,707550476816,Geeta Chauhan,Bank of Baroda,normal,BARB05706,2025-06-16
800,174811317653,Lakshmi Pillai,Axis Bank,normal,UTIB00548,2026-03-29
801,290871827496,Anil Malhotra,Bank of Baroda,mule,BARB00491,2026-05-22
802,742049561213,Manoj Pillai,HDFC Bank,mule,HDFC03062,2026-04-08
803,423597371122,Ishaan Pandey,State Bank of India,mule,SBIN09907,2026-05-24
804,608581670468,Kavita Gupta,ICICI Bank,mule,ICIC01145,2026-05-16
805,296180332426,Aarav Joshi,Bank of Baroda,mule,BARB00801,2026-02-24
806,804253733777,Aadhya Reddy,Punjab National Bank,mule,PUNB02688,2025-12-10
807,282178192365,Kiara Patel,HDFC Bank,mule,HDFC06060,2026-03-17
808,035679327986,Ananya Menon,Axis Bank,mule,UTIB09847,2025-12-12
809,906181205464,Deepak Malhotra,Axis Bank,mule,UTIB05489,2026-03-20
810,787698999275,Sai Bhatt,ICICI Bank,mule,ICIC07588,2025-12-07
811,444983553935,Riya Nair,ICICI Bank,mule,ICIC05864,2026-02-23
812,433952753674,Meena Naidu,Bank of Baroda,mule,BARB08524,2025-12-10
813,168601347789,Anika Singh,ICICI Bank,mule,ICIC09634,2025-12-02
814,791766512215,Vihaan Verma,Axis Bank,mule,UTIB01418,2026-02-25
815,163090015944,Kavita Menon,HDFC Bank,mule,HDFC03399,2026-02-24
816,532089532638,Divya Sharma,Punjab National Bank,mule,PUNB02199,2026-02-25
817,113633792234,Reyansh Sharma,Axis Bank,mule,UTIB03469,2026-04-12
818,331167726960,Anil Patel,Axis Bank,mule,UTIB03768,2026-03-25
819,643436970931,Sunita Bhatt,ICICI Bank,mule,ICIC00695,2026-04-01
820,076761645345,Pari Pillai,Axis Bank,mule,UTIB02239,2026-01-28
821,650312198041,Sanjay Patel,State Bank of India,mule,SBIN07242,2026-05-01
822,236428131909,Diya Shah,ICICI Bank,mule,ICIC08762,2026-02-12
823,305248088062,Ananya Verma,HDFC Bank,mule,HDFC07223,2026-04-04
824,473721329016,Ishaan Sharma,Punjab National Bank,mule,PUNB04787,2026-04-15
825,868785996486,Ananya Singh,Punjab National Bank,mule,PUNB07203,2025-12-11
826,541966645057,Saanvi Sharma,Punjab National Bank,mule,PUNB03627,2026-01-06
827,463203747677,Rajesh Nair,Bank of Baroda,mule,BARB07260,2026-02-16
828,145057661945,Ravi Kumar,HDFC Bank,mule,HDFC07071,2026-03-29
829,348201284008,Aadhya Malhotra,ICICI Bank,mule,ICIC08507,2026-04-18
830,975954508917,Vikram Desai,ICICI Bank,mule,ICIC08089,2026-05-28
831,300402369362,Kavita Kumar,Axis Bank,mule,UTIB09430,2025-12-08
832,047137271175,Divya Pandey,HDFC Bank,mule,HDFC05749,2026-03-21
833,582984933067,Anika Mehta,Bank of Baroda,mule,BARB08476,2025-12-02
834,441283337218,Ravi Joshi,Punjab National Bank,mule,PUNB06669,2026-03-21
835,670551437769,Aadhya Kulkarni,HDFC Bank,mule,HDFC06343,2026-01-16
836,295961111028,Kavita Pillai,ICICI Bank,mule,ICIC01200,2026-05-14
837,024559102451,Aditya Yadav,HDFC Bank,mule,HDFC01090,2026-01-26
838,817934065277,Suresh Singh,Bank of Baroda,mule,BARB04466,2026-02-12
839,533722010912,Reyansh Naidu,ICICI Bank,mule,ICIC02214,2026-03-22
840,593766189437,Aditya Joshi,Bank of Baroda,mule,BARB02635,2025-12-08
841,046277657256,Rahul Yadav,State Bank of India,mule,SBIN02024,2026-04-23
842,752023897432,Pooja Verma,State Bank of India,mule,SBIN00559,2026-04-06
843,017833258486,Sanjay Yadav,ICICI Bank,mule,ICIC09936,2025-11-28
844,984870450691,Manoj Desai,Axis Bank,mule,UTIB07993,2026-03-15
845,360601488608,Riya Chauhan,Axis Bank,mule,UTIB00793,2026-03-04
846,368528306153,Manoj Sharma,State Bank of India,mule,SBIN01242,2026-03-06
847,462632514488,Arjun Gupta,Bank of Baroda,mule,BARB02103,2025-12-08
848,840911225288,Saanvi Pillai,HDFC Bank,mule,HDFC05056,2026-04-29
849,863239791378,Deepak Kulkarni,State Bank of India,mule,SBIN05530,2025-11-27
850,309505560571,Ishaan Reddy,Axis Bank,mule,UTIB09881,2026-01-04
851,788519053486,Navya Verma,Axis Bank,mule,UTIB01042,2026-02-21
852,245618517446,Vivaan Sharma,Axis Bank,mule,UTIB04521,2026-01-05
853,913044881898,Riya Kumar,HDFC Bank,mule,HDFC04160,2026-03-14
854,154021190170,Manoj Joshi,Axis Bank,mule,UTIB06814,2026-01-13
855,831522910732,Ananya Pandey,Punjab National Bank,mule,PUNB08360,2026-02-27
856,378306396384,Suresh Rao,Punjab National Bank,mule,PUNB06969,2026-03-04
857,391649701693,Pari Bhatt,ICICI Bank,mule,ICIC02929,2025-12-29
858,106153722155,Pooja Kulkarni,HDFC Bank,mule,HDFC08473,2026-01-08
859,653377460406,Deepak Iyer,HDFC Bank,mule,HDFC00078,2026-03-05
860,614244260781,Geeta Naidu,HDFC Bank,mule,HDFC05437,2026-01-30
861,476427372037,Priya Menon,Bank of Baroda,mule,BARB08821,2026-02-24
862,584148460191,Myra Shah,Bank of Baroda,mule,BARB04389,2026-01-23
863,214644936999,Suresh Reddy,HDFC Bank,mule,HDFC06793,2026-02-16
864,055738573680,Arjun Reddy,ICICI Bank,mule,ICIC09236,2025-11-30
865,768118723335,Reyansh Verma,HDFC Bank,mule,HDFC04096,2025-12-29
866,973153911498,Myra Verma,ICICI Bank,mule,ICIC07482,2025-11-15
867,365118939406,Suresh Joshi,Axis Bank,mule,UTIB07820,2025-12-20
868,904322302333,Ishaan Shah,Bank of Baroda,mule,BARB07073,2026-01-04
869,112312616324,Sanjay Bhatt,Axis Bank,mule,UTIB08899,2026-03-21
870,298937629745,Pari Chauhan,Axis Bank,mule,UTIB03036,2026-03-07
871,871912038187,Neha Malhotra,Axis Bank,mule,UTIB09208,2026-01-21
872,323089813881,Amit Singh,Punjab National Bank,mule,PUNB08144,2026-03-21
873,220673231829,Sunita Gupta,Punjab National Bank,mule,PUNB06815,2026-05-10
874,450000001529,Sai Gupta,HDFC Bank,mule,HDFC03717,2026-04-06
875,902556184442,Sai Kumar,State Bank of India,mule,SBIN02998,2026-05-17
876,867009004365,Amit Gupta,State Bank of India,mule,SBIN05848,2026-01-10
877,691362483550,Rajesh Shah,Axis Bank,mule,UTIB02960,2025-11-28
878,706336998795,Vivaan Chauhan,Bank of Baroda,mule,BARB08221,2025-12-06
879,016481880442,Sunil Pillai,ICICI Bank,mule,ICIC07383,2026-04-08
880,381643212694,Ananya Singh,Bank of Baroda,mule,BARB09464,2026-01-13
881,362586314417,Aditya Kulkarni,State Bank of India,mule,SBIN04625,2026-04-07
882,026355824301,Manoj Kulkarni,ICICI Bank,mule,ICIC04644,2026-05-31
883,245279050404,Myra Nair,Punjab National Bank,mule,PUNB03353,2026-02-21
884,516321119787,Krishna Kumar,Punjab National Bank,mule,PUNB00933,2025-12-18
885,373265306011,Divya Singh,Bank of Baroda,mule,BARB07561,2026-05-11
886,688002300915,Pooja Reddy,Punjab National Bank,mule,PUNB08298,2025-11-18
887,657744916093,Neha Joshi,HDFC Bank,mule,HDFC09520,2025-12-12
888,926322399821,Myra Naidu,State Bank of India,mule,SBIN04556,2025-12-12
889,404288605053,Vikram Kulkarni,State Bank of India,mule,SBIN06608,2025-12-20
890,260030835669,Sai Sharma,State Bank of India,mule,SBIN06271,2026-03-17
891,312345506882,Kavita Yadav,Bank of Baroda,mule,BARB01776,2026-01-07
892,788260335910,Reyansh Kapoor,HDFC Bank,mule,HDFC05709,2025-12-01
893,599144920749,Ananya Kulkarni,Punjab National Bank,mule,PUNB09996,2026-04-07
894,489971842859,Priya Malhotra,Bank of Baroda,mule,BARB09325,2025-12-22
895,084993231234,Rohan Desai,ICICI Bank,mule,ICIC06980,2026-04-20
896,087261760723,Riya Kumar,Punjab National Bank,mule,PUNB03893,2026-03-19
897,953828040561,Rohan Bhatt,Bank of Baroda,mule,BARB09965,2025-11-24
898,269582641869,Priya Joshi,Punjab National Bank,mule,PUNB06130,2026-05-19
899,840027300869,Neha Kulkarni,ICICI Bank,mule,ICIC01016,2026-05-27
900,113950016809,Anika Gupta,HDFC Bank,mule,HDFC04915,2025-12-04
901,628397620534,Anika Sharma,Axis Bank,mule,UTIB07779,2026-03-02
902,207266292508,Sai Pandey,Axis Bank,mule,UTIB07760,2026-01-14
903,914068841333,Deepak Menon,Punjab National Bank,mule,PUNB01255,2026-01-18
904,561781703211,Lakshmi Iyer,HDFC Bank,mule,HDFC00613,2026-04-25
905,295026480164,Navya Verma,Bank of Baroda,mule,BARB03734,2025-12-22
906,781277822102,Sai Pillai,Axis Bank,mule,UTIB09821,2026-01-27
907,862985797363,Anil Menon,ICICI Bank,mule,ICIC01828,2026-03-16
908,053970798661,Deepak Pillai,Axis Bank,mule,UTIB00673,2026-04-19
909,205068212235,Rahul Kapoor,Punjab National Bank,mule,PUNB02165,2025-11-18
910,908984369984,Anil Sharma,Axis Bank,mule,UTIB02205,2025-11-26
911,386948424959,Ravi Kumar,Punjab National Bank,mule,PUNB01145,2026-05-07
912,887071523867,Priya Pillai,Bank of Baroda,mule,BARB03820,2026-05-07
913,619177987682,Divya Yadav,ICICI Bank,mule,ICIC06872,2026-01-02
914,893708580623,Rajesh Verma,ICICI Bank,mule,ICIC04056,2026-04-09
915,957900124825,Rajesh Patel,Bank of Baroda,mule,BARB04286,2026-05-10
916,632594232894,Neha Menon,Punjab National Bank,mule,PUNB03891,2026-03-25
917,269335895138,Reyansh Kumar,Punjab National Bank,mule,PUNB06550,2026-05-22
918,468509574430,Saanvi Shah,Punjab National Bank,mule,PUNB09189,2025-12-11
919,797203859340,Sai Joshi,State Bank of India,mule,SBIN03641,2026-03-19
920,715531325936,Manoj Pandey,ICICI Bank,mule,ICIC08136,2026-05-05
921,987809270452,Myra Singh,State Bank of India,mule,SBIN08856,2026-01-15
922,586605986787,Anika Shah,HDFC Bank,mule,HDFC02275,2026-05-30
923,485965594282,Riya Chauhan,ICICI Bank,mule,ICIC01165,2025-11-22
924,000245393132,Krishna Mehta,HDFC Bank,mule,HDFC05130,2026-03-18
925,727367746202,Rajesh Singh,Punjab National Bank,mule,PUNB02543,2025-12-10
926,328123123920,Riya Chauhan,Punjab National Bank,mule,PUNB01060,2025-12-17
927,364723875082,Manoj Kulkarni,Punjab National Bank,mule,PUNB08172,2026-01-22
928,775458472629,Aditya Mehta,ICICI Bank,mule,ICIC02918,2026-05-08
929,831608271721,Deepak Kapoor,Axis Bank,mule,UTIB03373,2026-01-24
930,522299936216,Rahul Kapoor,State Bank of India,mule,SBIN09143,2026-01-07
931,255398358446,Krishna Pillai,HDFC Bank,mule,HDFC07732,2026-04-14
932,120539787137,Rahul Rao,Axis Bank,mule,UTIB09883,2026-01-02
933,012560832004,Sunil Pillai,HDFC Bank,mule,HDFC09788,2026-05-28
934,753585238600,Saanvi Sharma,Punjab National Bank,mule,PUNB04436,2025-12-14
935,951715239102,Meena Iyer,Punjab National Bank,mule,PUNB09501,2026-03-10
936,748309309671,Aadhya Kapoor,HDFC Bank,mule,HDFC09719,2025-12-27
937,602213217672,Vihaan Reddy,HDFC Bank,mule,HDFC09111,2026-04-10
938,304936653802,Divya Pandey,Bank of Baroda,victim,BARB07481,2024-11-10
939,124365858564,Aarav Nair,Axis Bank,victim,UTIB02304,2024-07-17
940,010956797564,Navya Singh,HDFC Bank,victim,HDFC09157,2025-09-14
941,571290150713,Neha Patel,State Bank of India,victim,SBIN08067,2024-08-27
942,274666215918,Pari Pillai,Axis Bank,victim,UTIB03270,2024-05-11
943,809497698731,Anika Yadav,Punjab National Bank,victim,PUNB03797,2024-09-25
944,782116020418,Sunita Sharma,Punjab National Bank,victim,PUNB01359,2026-05-28
945,820048067571,Krishna Naidu,State Bank of India,victim,SBIN02369,2024-08-02
946,832748835651,Kiara Bhatt,Axis Bank,victim,UTIB07962,2025-06-20
947,883906246728,Pooja Patel,Axis Bank,victim,UTIB07991,2026-01-12
948,025447241916,Amit Iyer,Bank of Baroda,victim,BARB05034,2025-05-22
949,648698939698,Anika Gupta,Axis Bank,victim,UTIB07486,2025-07-21
950,621894559067,Sai Desai,HDFC Bank,victim,HDFC00009,2025-07-03
951,062354662265,Sunita Mehta,Punjab National Bank,victim,PUNB04016,2025-08-23
952,600801798677,Vivaan Reddy,Punjab National Bank,victim,PUNB08231,2024-12-16
953,242183854540,Geeta Pandey,Punjab National Bank,victim,PUNB00644,2025-10-14
954,217508019630,Myra Kapoor,Bank of Baroda,victim,BARB04530,2025-11-13
955,385179937810,Kavita Joshi,Punjab National Bank,victim,PUNB05391,2024-11-06
956,397283391218,Aditya Gupta,Bank of Baroda,victim,BARB07062,2025-02-12
957,384531980746,Priya Reddy,State Bank of India,victim,SBIN08235,2025-07-16
958,340785169949,Priya Desai,Bank of Baroda,victim,BARB07089,2024-04-15
959,609320126578,Arjun Joshi,Axis Bank,victim,UTIB09826,2024-04-14
960,222975891704,Anil Kapoor,ICICI Bank,victim,ICIC05421,2025-09-12
961,400178822473,Ananya Nair,Bank of Baroda,victim,BARB01261,2025-11-18
962,169500741894,Aditya Pandey,Axis Bank,victim,UTIB08543,2024-10-27
963,743574835268,Aditya Patel,State Bank of India,victim,SBIN00648,2026-01-28
964,515623920908,Amit Mehta,ICICI Bank,victim,ICIC05510,2026-04-28
965,227595002601,Neha Bhatt,Bank of Baroda,victim,BARB05153,2025-01-01
966,520360894118,Aarav Kulkarni,ICICI Bank,victim,ICIC04913,2025-08-28
967,495300677625,Manoj Patel,ICICI Bank,victim,ICIC05032,2025-09-14
968,302116673290,Aditya Malhotra,ICICI Bank,victim,ICIC04575,2026-02-21
969,802362192158,Deepak Naidu,HDFC Bank,victim,HDFC01897,2024-03-29
970,284540182272,Anil Bhatt,Axis Bank,victim,UTIB00028,2025-02-18
971,213530281650,Aditya Malhotra,ICICI Bank,victim,ICIC06463,2024-03-27
972,966229131670,Aditya Iyer,State Bank of India,victim,SBIN08056,2025-10-16
973,262611424362,Kiara Yadav,HDFC Bank,victim,HDFC05854,2024-11-13
974,430311587605,Myra Rao,HDFC Bank,victim,HDFC04576,2025-05-14
975,095948152692,Kavita Nair,Bank of Baroda,victim,BARB05596,2025-11-29
976,008178522115,Riya Mehta,State Bank of India,victim,SBIN08718,2025-06-02
977,701400527810,Kiara Naidu,HDFC Bank,victim,HDFC05580,2024-05-18
978,297352595332,Saanvi Kulkarni,Bank of Baroda,victim,BARB02273,2025-01-12
979,360107126158,Vihaan Kumar,HDFC Bank,victim,HDFC03882,2024-08-09
980,560629535063,Reyansh Chauhan,Bank of Baroda,victim,BARB07311,2024-06-17
981,470554912151,Vihaan Singh,Bank of Baroda,victim,BARB06411,2025-09-05
982,369678976098,Aarav Gupta,Punjab National Bank,victim,PUNB07312,2026-01-14
983,089523120219,Aadhya Malhotra,HDFC Bank,victim,HDFC01505,2026-04-17
984,500635537309,Sunita Yadav,ICICI Bank,victim,ICIC06496,2025-01-06
985,895965466345,Pooja Kapoor,Punjab National Bank,victim,PUNB04434,2025-04-26
986,739889413210,Sunil Iyer,Bank of Baroda,victim,BARB09720,2024-12-17
987,251213756589,Anika Yadav,State Bank of India,victim,SBIN06359,2025-08-29
988,203347424631,Arjun Menon,HDFC Bank,victim,HDFC00437,2025-12-28
989,238502289466,Vikram Naidu,State Bank of India,victim,SBIN05275,2024-11-25
990,302453012398,Kavita Naidu,ICICI Bank,victim,ICIC04723,2024-05-07
991,199240658387,Vihaan Naidu,Axis Bank,victim,UTIB02725,2026-05-17
992,803586901707,Sunita Yadav,Axis Bank,victim,UTIB04039,2024-11-12
993,549633083344,Diya Iyer,Bank of Baroda,victim,BARB04704,2026-05-12
994,277752259206,Divya Bhatt,ICICI Bank,victim,ICIC01658,2024-07-31
995,154980851331,Kavita Menon,Axis Bank,victim,UTIB03800,2025-05-20
996,880644200629,Pooja Kumar,ICICI Bank,victim,ICIC08778,2026-04-08
997,147891179726,Saanvi Iyer,HDFC Bank,victim,HDFC09999,2025-05-28
998,243838058269,Ananya Kumar,ICICI Bank,victim,ICIC02990,2024-06-23
999,410132823392,Amit Malhotra,Punjab National Bank,victim,PUNB01883,2025-09-16
1000,781596983845,Sanjay Reddy,State Bank of India,victim,SBIN07202,2025-11-20
1001,729669417996,Kavita Malhotra,Bank of Baroda,victim,BARB07080,2026-03-03
1002,804450928605,Sanjay Malhotra,Punjab National Bank,victim,PUNB02102,2025-12-02
1003,027500030566,Anil Kumar,HDFC Bank,victim,HDFC01995,2025-02-01
1004,444299067456,Ananya Desai,ICICI Bank,victim,ICIC08652,2025-07-03
1005,939652138350,Sunita Sharma,ICICI Bank,victim,ICIC07124,2025-08-22
1006,522942525161,Ananya Desai,Punjab National Bank,victim,PUNB08575,2024-07-31
1007,305378803318,Krishna Naidu,Punjab National Bank,victim,PUNB03611,2025-01-29
1008,189156734467,Diya Reddy,State Bank of India,victim,SBIN01776,2024-11-30
1009,189684424648,Lakshmi Kumar,State Bank of India,victim,SBIN08499,2026-03-04
1010,170598445143,Deepak Pandey,Axis Bank,victim,UTIB06728,2025-11-20
1011,286693351588,Vivaan Pandey,ICICI Bank,victim,ICIC00705,2025-01-20
1012,024373615873,Aditya Yadav,ICICI Bank,victim,ICIC06627,2024-07-23
1013,369028377270,Priya Menon,ICICI Bank,victim,ICIC02896,2025-10-31
1014,042763628144,Pari Verma,HDFC Bank,victim,HDFC04718,2025-03-15
1015,717430688116,Divya Singh,HDFC Bank,victim,HDFC04034,2025-02-09
1016,254204123190,Aarav Chauhan,Axis Bank,victim,UTIB05772,2024-04-03
1017,649632251742,Riya Reddy,HDFC Bank,victim,HDFC02404,2025-02-18
1018,900577950017,Lakshmi Mehta,Punjab National Bank,victim,PUNB03259,2024-04-11
1019,170744360234,Krishna Sharma,Punjab National Bank,victim,PUNB04225,2024-11-02
1020,794802455985,Aadhya Kapoor,State Bank of India,victim,SBIN01602,2024-09-03
1021,408378191907,Pooja Rao,Axis Bank,victim,UTIB04992,2024-08-03
1022,462202123720,Kavita Patel,ICICI Bank,victim,ICIC05503,2025-02-24
1023,989790608548,Aarav Sharma,Axis Bank,victim,UTIB01867,2025-04-27
1024,401535346607,Rajesh Bhatt,Bank of Baroda,victim,BARB05699,2025-04-15
1025,452735364235,Lakshmi Shah,Axis Bank,victim,UTIB07004,2024-08-05
1026,382710123296,Lakshmi Iyer,Punjab National Bank,victim,PUNB01512,2024-05-07
1027,347243586176,Riya Kulkarni,Bank of Baroda,victim,BARB08225,2024-08-27
1028,006184897422,Ravi Patel,ICICI Bank,victim,ICIC03543,2025-07-13
1029,273063435948,Anika Shah,Punjab National Bank,victim,PUNB08218,2025-05-27
1030,186003203197,Krishna Bhatt,HDFC Bank,victim,HDFC08999,2024-06-07
1031,501137535821,Suresh Kapoor,ICICI Bank,victim,ICIC00728,2026-02-10
1032,076810248085,Geeta Malhotra,HDFC Bank,victim,HDFC05780,2024-04-14
1033,952150164261,Neha Kapoor,HDFC Bank,victim,HDFC00703,2025-01-23
1034,758646339534,Kavita Chauhan,Axis Bank,victim,UTIB08110,2025-08-11
1035,554260972360,Sunita Pillai,State Bank of India,victim,SBIN02446,2025-10-18
1036,485726029254,Aadhya Reddy,State Bank of India,victim,SBIN06862,2026-02-21
1037,048869320553,Ishaan Joshi,Axis Bank,victim,UTIB04050,2024-11-02
1038,422736273202,Vikram Bhatt,Punjab National Bank,victim,PUNB02271,2024-09-04
1039,220269801426,Meena Kumar,Punjab National Bank,victim,PUNB04710,2026-01-08
1040,476380839065,Pooja Naidu,Punjab National Bank,victim,PUNB04025,2025-08-09
1041,397499507088,Ishaan Desai,ICICI Bank,victim,ICIC06406,2026-05-01
1042,023510255501,Anil Yadav,HDFC Bank,victim,HDFC09354,2025-08-15
1043,290759659992,Aarav Kumar,State Bank of India,victim,SBIN00123,2026-05-03
1044,475286461209,Diya Kulkarni,Axis Bank,victim,UTIB06173,2024-05-03
1045,972479254221,Aadhya Pandey,Axis Bank,victim,UTIB08834,2025-08-04
1046,408585883825,Kavita Joshi,Axis Bank,victim,UTIB06726,2024-12-15
1047,863942012234,Diya Joshi,HDFC Bank,victim,HDFC01499,2024-12-19
1048,538922247119,Manoj Shah,HDFC Bank,victim,HDFC03600,2026-01-04
1049,623133610944,Aarav Sharma,Axis Bank,victim,UTIB01642,2025-01-27
1050,701799932420,Diya Chauhan,Punjab National Bank,victim,PUNB02483,2026-02-12
1051,641009538557,Kiara Kulkarni,Punjab National Bank,victim,PUNB04216,2025-05-29
1052,672636815418,Anika Nair,ICICI Bank,victim,ICIC05899,2024-05-14
1053,773067182226,Aditya Menon,Axis Bank,victim,UTIB06794,2024-07-27
1054,704861867066,Manoj Kulkarni,Bank of Baroda,victim,BARB03201,2025-12-07
1055,694203983135,Aadhya Menon,HDFC Bank,victim,HDFC04901,2025-06-04
1056,643158901649,Vihaan Bhatt,Axis Bank,victim,UTIB02815,2024-03-25
1057,288959274116,Ananya Chauhan,Axis Bank,victim,UTIB08069,2024-09-13
1058,909123753028,Vikram Sharma,Axis Bank,victim,UTIB04976,2024-06-22
1059,232360667998,Rohan Reddy,Axis Bank,victim,UTIB06491,2024-10-09
1060,777925604134,Geeta Pandey,Punjab National Bank,victim,PUNB08208,2025-04-17
1061,872099865642,Meena Gupta,HDFC Bank,victim,HDFC02405,2024-11-13
1062,957240434741,Sai Pillai,Axis Bank,victim,UTIB02531,2025-01-18
1063,890476078623,Saanvi Nair,ICICI Bank,victim,ICIC05107,2025-12-25
1064,004093045418,Anika Bhatt,Axis Bank,victim,UTIB04039,2024-11-10
1065,039744088067,Sai Kulkarni,HDFC Bank,victim,HDFC00898,2026-04-12
1066,970774544708,Krishna Reddy,HDFC Bank,victim,HDFC02317,2024-06-29
1067,066360502816,Sunil Naidu,HDFC Bank,victim,HDFC04098,2024-09-26
1068,920548944538,Anil Desai,Bank of Baroda,victim,BARB01180,2024-09-26
1069,515850153017,Kavita Sharma,HDFC Bank,victim,HDFC03167,2024-08-15
1070,561833597487,Sai Malhotra,Axis Bank,victim,UTIB06805,2026-03-21
1071,992427739238,Navya Patel,Axis Bank,victim,UTIB05202,2025-03-28
1072,006433226227,Vihaan Naidu,State Bank of India,victim,SBIN07773,2025-02-02
1073,906200363856,Anika Sharma,ICICI Bank,victim,ICIC04614,2026-02-16
1074,121289811594,Aadhya Rao,Axis Bank,victim,UTIB08534,2024-04-17
1075,680613495647,Rohan Rao,State Bank of India,victim,SBIN09984,2025-11-21
1076,865557512476,Reyansh Desai,Bank of Baroda,victim,BARB04000,2025-11-13
1077,094423860205,Vivaan Singh,HDFC Bank,victim,HDFC00898,2025-03-04
1078,809573940598,Anika Singh,ICICI Bank,victim,ICIC00260,2024-12-09
1079,829586841962,Krishna Kapoor,Punjab National Bank,victim,PUNB03326,2024-05-10
1080,623272371798,Navya Rao,State Bank of India,victim,SBIN09022,2025-03-12
1081,089458962683,Sunita Pandey,Punjab National Bank,victim,PUNB08488,2026-02-09
1082,729826893348,Vikram Sharma,HDFC Bank,victim,HDFC06497,2024-06-02
1083,440458831141,Aditya Joshi,Bank of Baroda,victim,BARB04701,2024-11-14
1084,163295737831,Navya Patel,State Bank of India,victim,SBIN05975,2026-02-24
1085,462159584174,Anil Menon,Axis Bank,victim,UTIB09161,2026-02-07
1086,509962183667,Geeta Pandey,Bank of Baroda,victim,BARB07196,2025-12-28
1087,446144092335,Vikram Joshi,Bank of Baroda,victim,BARB01746,2025-10-04
1088,486722883904,Vivaan Nair,ICICI Bank,victim,ICIC07331,2025-04-19
1089,800187314391,Navya Menon,ICICI Bank,victim,ICIC05114,2025-03-13
1090,302865505224,Myra Pandey,HDFC Bank,victim,HDFC01142,2024-05-04
1091,134843391332,Ishaan Iyer,State Bank of India,victim,SBIN05286,2024-09-20
1092,973561526655,Geeta Joshi,HDFC Bank,victim,HDFC09147,2025-11-18
1093,679241571276,Geeta Bhatt,Bank of Baroda,victim,BARB03835,2025-05-18
1094,372607201489,Ravi Gupta,Axis Bank,victim,UTIB06780,2024-10-26
1095,948112664971,Aadhya Nair,Axis Bank,victim,UTIB09670,2025-12-22
1096,410167930148,Aadhya Pillai,Punjab National Bank,victim,PUNB01160,2025-06-05
1097,353160791791,Navya Rao,State Bank of India,victim,SBIN03860,2024-07-25
1098,576463913810,Anil Naidu,Punjab National Bank,victim,PUNB07491,2025-11-01
1099,798994885669,Diya Malhotra,Bank of Baroda,victim,BARB04899,2025-03-01
1100,686240871006,Pari Kulkarni,State Bank of India,victim,SBIN06890,2025-05-19
1101,847913511350,Saanvi Joshi,Bank of Baroda,victim,BARB05357,2024-11-04
1102,867428021889,Amit Menon,Axis Bank,victim,UTIB03063,2025-09-08
1103,069690452898,Suresh Pillai,Bank of Baroda,victim,BARB06061,2024-06-06
1104,725084232423,Manoj Pandey,Axis Bank,victim,UTIB04800,2025-05-22
1105,231582863040,Rajesh Naidu,ICICI Bank,victim,ICIC02966,2025-01-02
1106,139280485022,Neha Kulkarni,HDFC Bank,victim,HDFC00619,2024-06-06
1107,799230453231,Priya Bhatt,Bank of Baroda,victim,BARB06778,2024-07-18
1108,815780619022,Kavita Mehta,HDFC Bank,victim,HDFC03116,2026-04-05
1109,003753989231,Rajesh Desai,State Bank of India,victim,SBIN03246,2025-09-09
1110,426735127245,Sanjay Rao,Axis Bank,victim,UTIB05337,2025-10-11
1111,062767293509,Aarav Desai,HDFC Bank,victim,HDFC07934,2025-05-15
1112,982147823372,Deepak Rao,Bank of Baroda,victim,BARB00945,2024-06-30
1113,960828967136,Navya Singh,Axis Bank,victim,UTIB00549,2025-06-10
1114,889044104043,Reyansh Mehta,HDFC Bank,victim,HDFC01566,2026-05-22
1115,271698837161,Priya Shah,State Bank of India,victim,SBIN01586,2026-01-11
1116,285353399824,Aadhya Joshi,Axis Bank,victim,UTIB02662,2024-08-16
1117,502528546130,Ananya Naidu,State Bank of India,victim,SBIN08730,2026-03-26
1118,210242344730,Ishaan Bhatt,State Bank of India,victim,SBIN05777,2024-08-15
1119,426537932219,Priya Singh,HDFC Bank,victim,HDFC01439,2024-04-12
1120,978335488357,Vivaan Singh,ICICI Bank,victim,ICIC01921,2025-06-06
1121,724000208601,Rajesh Rao,Bank of Baroda,victim,BARB04605,2024-08-03
1122,781048028354,Sai Verma,Punjab National Bank,victim,PUNB01589,2024-12-27
1123,058330967397,Arjun Joshi,State Bank of India,victim,SBIN09842,2024-08-17
1124,162762922666,Neha Rao,State Bank of India,victim,SBIN07880,2025-01-19
1125,858050141716,Manoj Naidu,HDFC Bank,victim,HDFC05789,2025-01-09
1126,029301125018,Anika Chauhan,Bank of Baroda,victim,BARB06074,2024-12-13
1127,405714469567,Ishaan Patel,Axis Bank,victim,UTIB04068,2026-04-27
1128,485320775870,Sunil Pandey,Axis Bank,victim,UTIB08943,2024-11-25
1129,293907737295,Lakshmi Iyer,ICICI Bank,victim,ICIC04503,2024-05-06
1130,359042652742,Lakshmi Patel,HDFC Bank,victim,HDFC08662,2025-09-08
1131,281673374612,Sai Pillai,Axis Bank,victim,UTIB01575,2026-01-09
1132,450599822673,Lakshmi Desai,State Bank of India,victim,SBIN01234,2025-03-13
1133,115490443183,Myra Patel,Punjab National Bank,victim,PUNB04369,2025-10-22
1134,873922198369,Arjun Naidu,Bank of Baroda,victim,BARB01573,2026-03-08
1135,034502958676,Vihaan Sharma,Punjab National Bank,victim,PUNB00304,2024-04-05
1136,220138825320,Arjun Verma,ICICI Bank,victim,ICIC08316,2024-09-27
1137,163485089512,Aditya Verma,Axis Bank,victim,UTIB03708,2025-10-20
1138,612667830557,Myra Naidu,ICICI Bank,victim,ICIC03713,2026-04-04
1139,483196863647,Navya Kapoor,HDFC Bank,victim,HDFC00465,2025-10-29
1140,104062911872,Rohan Bhatt,ICICI Bank,victim,ICIC02824,2026-04-07
1141,486565818981,Divya Naidu,State Bank of India,victim,SBIN00617,2025-02-14
1142,999068201307,Lakshmi Desai,Bank of Baroda,victim,BARB01675,2025-01-09
1143,639981274392,Myra Pillai,ICICI Bank,victim,ICIC02551,2026-02-01
1144,531563093079,Anil Kulkarni,ICICI Bank,victim,ICIC06859,2024-06-02
1145,707217340242,Sai Desai,Axis Bank,victim,UTIB02241,2025-03-14
1146,156409941475,Myra Joshi,Axis Bank,victim,UTIB03989,2024-07-01
1147,669692295338,Divya Patel,Bank of Baroda,victim,BARB06194,2024-08-14
1148,186694086542,Saanvi Nair,ICICI Bank,victim,ICIC04382,2025-11-09
1149,650471883009,Myra Yadav,Axis Bank,victim,UTIB09542,2026-05-22
1150,715675665051,Vihaan Gupta,Bank of Baroda,victim,BARB08860,2024-08-19
1151,617892571402,Pooja Desai,Punjab National Bank,victim,PUNB05038,2025-08-07
1152,695193048527,Rahul Singh,Punjab National Bank,victim,PUNB07586,2026-03-30
1153,317445776262,Arjun Kapoor,Axis Bank,victim,UTIB06367,2025-07-22
1154,076751497534,Vivaan Menon,HDFC Bank,victim,HDFC01157,2025-02-08
1155,004709110349,Amit Malhotra,State Bank of India,victim,SBIN05611,2026-05-11
1156,256599508914,Deepak Pandey,Bank of Baroda,victim,BARB02330,2024-12-28
1157,442035944102,Myra Nair,Axis Bank,victim,UTIB03873,2025-09-29
1158,909841286558,Divya Singh,Punjab National Bank,victim,PUNB01675,2024-12-24
1159,734114613315,Rajesh Yadav,HDFC Bank,victim,HDFC05530,2024-06-28
1160,520641910616,Riya Reddy,ICICI Bank,victim,ICIC06910,2024-06-22
1161,257228703220,Vivaan Singh,HDFC Bank,victim,HDFC00748,2025-09-01
1162,695090418985,Sunil Sharma,Axis Bank,victim,UTIB06643,2024-05-16
1163,719903803514,Geeta Sharma,ICICI Bank,victim,ICIC08953,2024-12-09
1164,292582282801,Neha Pillai,Axis Bank,victim,UTIB08323,2025-10-24
1165,289748741148,Amit Rao,Punjab National Bank,victim,PUNB06267,2025-08-07
1166,224228483492,Ravi Iyer,Bank of Baroda,victim,BARB07668,2024-06-06
1167,926096746272,Neha Pandey,HDFC Bank,victim,HDFC00536,2025-06-30
1168,956784460789,Deepak Mehta,HDFC Bank,victim,HDFC00751,2024-08-25
1169,549434368771,Anika Naidu,ICICI Bank,victim,ICIC05692,2024-10-27
1170,856413547416,Divya Patel,Axis Bank,victim,UTIB08557,2025-02-18
1171,071469714797,Sanjay Patel,ICICI Bank,victim,ICIC03418,2025-09-16
1172,516215938967,Deepak Yadav,ICICI Bank,victim,ICIC06353,2026-01-17
1173,796714803007,Lakshmi Naidu,ICICI Bank,victim,ICIC03565,2024-11-16
1174,892594657446,Ananya Gupta,Bank of Baroda,victim,BARB05325,2025-07-28
1175,148333540112,Ravi Shah,State Bank of India,victim,SBIN07283,2025-11-17
1176,041869303264,Pooja Iyer,Punjab National Bank,victim,PUNB05649,2026-01-19
1177,368296707421,Krishna Bhatt,State Bank of India,victim,SBIN05319,2025-04-13
1178,745469351021,Ravi Shah,State Bank of India,victim,SBIN04012,2025-04-06
1179,838953376841,Vihaan Yadav,ICICI Bank,victim,ICIC08767,2026-03-15
1180,809473181560,Geeta Desai,ICICI Bank,victim,ICIC05427,2024-06-10
1181,039098468560,Meena Naidu,Bank of Baroda,victim,BARB06699,2024-12-30
1182,896220682432,Deepak Yadav,HDFC Bank,victim,HDFC03330,2024-10-31
1183,644885487531,Rahul Rao,State Bank of India,victim,SBIN01980,2025-04-24
1184,663992879872,Geeta Rao,Punjab National Bank,victim,PUNB08731,2025-04-17
1185,541648792104,Riya Mehta,ICICI Bank,victim,ICIC06627,2025-08-01
1186,579232671485,Vikram Rao,ICICI Bank,victim,ICIC08197,2024-04-02
1187,551163971492,Anika Yadav,Punjab National Bank,victim,PUNB00757,2025-07-06
1188,296571564380,Ananya Patel,Axis Bank,victim,UTIB02990,2025-03-09
1189,401527311722,Pari Chauhan,Bank of Baroda,victim,BARB06414,2026-04-25
1190,365003299090,Manoj Gupta,Axis Bank,victim,UTIB00647,2025-12-14
1191,392528783573,Meena Menon,ICICI Bank,victim,ICIC03813,2025-04-09
1192,071555870940,Kiara Joshi,State Bank of India,victim,SBIN04224,2025-09-03
1193,632824630616,Pari Gupta,Axis Bank,victim,UTIB02185,2026-01-23
1194,392788881893,Aditya Pandey,Bank of Baroda,victim,BARB00461,2025-11-12
1195,373564078308,Aarav Pillai,Bank of Baroda,victim,BARB03069,2026-02-09
1196,595634318073,Rajesh Gupta,State Bank of India,victim,SBIN09200,2024-10-18
1197,545500549080,Reyansh Joshi,HDFC Bank,victim,HDFC09983,2026-05-02
1198,654662897351,Divya Shah,Bank of Baroda,victim,BARB08962,2024-11-03
1199,660812392788,Meena Pandey,Axis Bank,victim,UTIB04479,2024-05-14
1200,311802669141,Anil Kulkarni,State Bank of India,victim,SBIN09396,2024-04-01
1201,181181405132,Sunil Kapoor,HDFC Bank,victim,HDFC05179,2024-03-26
1202,074033744999,Suresh Kulkarni,ICICI Bank,victim,ICIC08709,2025-03-14
1203,546125360640,Suresh Pillai,Bank of Baroda,victim,BARB00474,2025-12-04
1204,811171960049,Sunita Pillai,Axis Bank,victim,UTIB00214,2025-06-11
1205,992665361977,Manoj Kapoor,Bank of Baroda,victim,BARB03173,2025-07-07
1206,060558173579,Sai Patel,Axis Bank,victim,UTIB02116,2024-10-20
1207,552905092600,Lakshmi Bhatt,HDFC Bank,victim,HDFC00110,2024-07-30
1208,310448177365,Saanvi Singh,HDFC Bank,victim,HDFC05619,2024-10-24
1209,676403239193,Pari Reddy,State Bank of India,victim,SBIN02528,2024-11-09
1210,064098058771,Anika Menon,HDFC Bank,victim,HDFC05559,2024-06-17
1211,295599977379,Neha Kulkarni,State Bank of India,victim,SBIN03957,2025-07-26
1212,482873210788,Aarav Kumar,Bank of Baroda,victim,BARB03127,2025-03-14
1213,484226230036,Rahul Joshi,Punjab National Bank,victim,PUNB00722,2025-03-31
1214,410616649700,Divya Kulkarni,ICICI Bank,victim,ICIC08445,2024-05-04
1215,743540476253,Rajesh Iyer,Axis Bank,victim,UTIB09501,2024-08-05
1216,205596757799,Kavita Gupta,Punjab National Bank,victim,PUNB01137,2025-03-05
1217,898993074611,Sanjay Chauhan,HDFC Bank,victim,HDFC03997,2024-10-05
1218,944574441076,Vihaan Bhatt,Punjab National Bank,victim,PUNB09262,2025-11-12
1219,784340730717,Rajesh Singh,Axis Bank,victim,UTIB07613,2025-07-27
1220,032234771469,Ananya Naidu,Punjab National Bank,victim,PUNB05093,2025-09-28
1221,644685304555,Rahul Sharma,ICICI Bank,victim,ICIC05950,2024-10-04
1222,061790670151,Rohan Desai,ICICI Bank,victim,ICIC02003,2025-02-10
1223,377427054985,Vivaan Pillai,Punjab National Bank,victim,PUNB07887,2024-12-06
1224,378747788407,Pooja Bhatt,Axis Bank,victim,UTIB00946,2025-07-30
1225,166479512798,Vikram Gupta,HDFC Bank,victim,HDFC03124,2024-10-16
1226,957967246105,Manoj Naidu,Punjab National Bank,victim,PUNB01109,2024-03-23
1227,526942041641,Deepak Kapoor,HDFC Bank,victim,HDFC05374,2024-05-23
1228,499080358624,Riya Chauhan,ICICI Bank,victim,ICIC00574,2025-05-09
1229,734800226425,Lakshmi Menon,State Bank of India,victim,SBIN09720,2025-08-25
1230,529267698897,Diya Gupta,ICICI Bank,victim,ICIC09887,2026-03-24
1231,656115686223,Sanjay Chauhan,HDFC Bank,victim,HDFC00706,2025-08-25
1232,287806615459,Suresh Desai,Punjab National Bank,victim,PUNB08586,2025-10-29
1233,313298871232,Riya Iyer,State Bank of India,victim,SBIN00366,2026-01-30
1234,356232770045,Sai Pandey,Axis Bank,victim,UTIB03585,2026-03-22
1235,881596467386,Sanjay Chauhan,Axis Bank,victim,UTIB05690,2025-06-27
1236,530120339801,Geeta Yadav,Punjab National Bank,victim,PUNB03871,2025-10-27
1237,794575959955,Vikram Iyer,ICICI Bank,victim,ICIC00553,2025-11-13
1238,452030276947,Neha Malhotra,ICICI Bank,victim,ICIC03088,2024-10-28
1239,794123254601,Aditya Joshi,ICICI Bank,victim,ICIC08911,2025-02-02
1240,802989088819,Ananya Chauhan,ICICI Bank,victim,ICIC06645,2024-11-23
1241,501332034495,Aarav Malhotra,State Bank of India,victim,SBIN06071,2025-04-24
1242,700599469669,Rahul Bhatt,Axis Bank,victim,UTIB03233,2026-03-09
1243,285825854551,Sunil Nair,HDFC Bank,victim,HDFC03919,2026-01-05
1244,371206317552,Rajesh Singh,Axis Bank,victim,UTIB09776,2024-05-19
1245,546542683684,Vivaan Nair,ICICI Bank,victim,ICIC03771,2025-05-11
1246,095709340991,Manoj Patel,Bank of Baroda,victim,BARB06508,2024-09-15
1247,756275280016,Suresh Patel,Bank of Baroda,victim,BARB01734,2025-07-11
1248,948414235528,Sunil Reddy,ICICI Bank,victim,ICIC03372,2026-03-26
1249,644611983097,Lakshmi Patel,ICICI Bank,victim,ICIC05424,2026-04-22
1250,096660286538,Reyansh Iyer,Punjab National Bank,victim,PUNB03957,2024-06-29
1251,926748762965,Geeta Menon,ICICI Bank,victim,ICIC00744,2025-09-02
1252,257330907406,Diya Desai,ICICI Bank,victim,ICIC03516,2026-05-31
1253,723722593103,Kavita Menon,HDFC Bank,victim,HDFC03700,2025-07-20
1254,645544215783,Reyansh Yadav,Bank of Baroda,victim,BARB07926,2025-06-15
1255,025066686067,Myra Iyer,Bank of Baroda,victim,BARB03476,2026-03-24
1256,554656531708,Kiara Chauhan,Punjab National Bank,victim,PUNB07300,2024-11-10
1257,073264478937,Aarav Reddy,Axis Bank,victim,UTIB08595,2025-05-31
1258,518378477198,Anil Naidu,Axis Bank,victim,UTIB08837,2025-05-21
1259,710880354694,Neha Chauhan,Punjab National Bank,victim,PUNB06604,2024-06-22
1260,660138550029,Aditya Shah,Punjab National Bank,victim,PUNB05738,2024-04-09
1261,717080492932,Meena Reddy,Bank of Baroda,victim,BARB08507,2024-08-27
1262,262030695165,Suresh Kulkarni,Bank of Baroda,victim,BARB07121,2024-09-22
1263,619680450521,Navya Kapoor,Bank of Baroda,victim,BARB01203,2026-01-07
1264,398590742941,Amit Singh,Punjab National Bank,victim,PUNB04290,2025-06-17
1265,662866034982,Sanjay Mehta,State Bank of India,victim,SBIN04689,2025-12-24
1266,052053531318,Sanjay Mehta,ICICI Bank,victim,ICIC04560,2025-08-16
1267,231379981810,Deepak Pillai,Punjab National Bank,victim,PUNB00962,2025-07-18
1268,050345538828,Ishaan Malhotra,Punjab National Bank,victim,PUNB07204,2026-02-06
1269,614452996457,Ishaan Reddy,State Bank of India,victim,SBIN04433,2024-07-08
1270,860215992794,Rajesh Pandey,Axis Bank,victim,UTIB03763,2026-05-31
1271,762282128219,Pari Sharma,State Bank of India,victim,SBIN03868,2024-12-04
1272,846512421063,Diya Nair,State Bank of India,victim,SBIN07817,2024-04-21
1273,759358613417,Neha Mehta,Axis Bank,victim,UTIB04919,2025-09-11
1274,861647904991,Pooja Patel,State Bank of India,victim,SBIN05738,2024-05-03
1275,549177326096,Rajesh Joshi,Bank of Baroda,victim,BARB08568,2026-01-04
1276,471553474502,Lakshmi Kulkarni,Bank of Baroda,victim,BARB04053,2026-02-08
1277,480407373041,Anil Joshi,Axis Bank,victim,UTIB05063,2024-12-22
1278,941010276078,Vikram Nair,Bank of Baroda,victim,BARB01951,2025-11-21
1279,812923613912,Diya Naidu,State Bank of India,victim,SBIN03774,2025-10-09
1280,857365404492,Sanjay Nair,ICICI Bank,victim,ICIC07280,2024-04-07
1281,523029996633,Deepak Malhotra,State Bank of India,victim,SBIN00923,2025-09-30
1282,093054847385,Saanvi Gupta,State Bank of India,victim,SBIN07797,2025-02-03
1283,969544876150,Pooja Singh,State Bank of India,victim,SBIN04884,2024-09-17
1284,774592541238,Arjun Verma,Bank of Baroda,victim,BARB07249,2025-04-12
1285,767490641227,Amit Desai,HDFC Bank,victim,HDFC02765,2025-01-23
1286,504910860431,Sunil Kapoor,Punjab National Bank,victim,PUNB07155,2026-03-25
1287,640093339637,Rajesh Kumar,HDFC Bank,victim,HDFC09020,2025-03-24
1288,644047832796,Ravi Bhatt,HDFC Bank,victim,HDFC06379,2025-08-13
1289,896496668118,Kavita Kulkarni,State Bank of India,victim,SBIN02292,2025-04-04
1290,657868005512,Vikram Singh,Bank of Baroda,victim,BARB06764,2025-04-23
1291,133585081432,Rahul Gupta,Bank of Baroda,victim,BARB02987,2026-01-09
1292,052702599611,Lakshmi Gupta,Punjab National Bank,victim,PUNB04358,2025-01-17
1293,126665602336,Sunita Menon,HDFC Bank,victim,HDFC01655,2026-05-24
1294,793235393305,Kavita Yadav,Axis Bank,victim,UTIB04849,2025-08-01
1295,933465336330,Aditya Shah,State Bank of India,victim,SBIN05754,2025-01-17
1296,817697505917,Divya Iyer,Axis Bank,victim,UTIB03930,2024-07-08
1297,946207856227,Suresh Rao,State Bank of India,victim,SBIN01926,2024-05-02
1298,587777014972,Sunil Gupta,State Bank of India,victim,SBIN06821,2024-09-02
1299,167486735818,Meena Pandey,ICICI Bank,victim,ICIC02177,2025-05-04
1300,919699335303,Divya Nair,State Bank of India,victim,SBIN01387,2025-02-22
1301,922293177865,Diya Kumar,HDFC Bank,victim,HDFC00394,2026-02-03
1302,036957562943,Amit Pillai,Punjab National Bank,victim,PUNB03916,2025-10-30
1303,991329357538,Anika Yadav,Axis Bank,victim,UTIB04811,2024-08-08
1304,343466095470,Pari Kulkarni,Axis Bank,victim,UTIB00603,2024-07-20
1305,028591565817,Sai Singh,Bank of Baroda,victim,BARB09157,2024-12-12
1306,201740209844,Meena Yadav,State Bank of India,victim,SBIN06988,2025-11-20
1307,568234284022,Sunil Malhotra,State Bank of India,victim,SBIN04626,2026-04-02
1308,524003305109,Neha Pillai,Bank of Baroda,victim,BARB07247,2024-10-22
1309,042357318995,Ravi Yadav,Axis Bank,victim,UTIB09311,2026-01-14
1310,805951948454,Divya Kulkarni,HDFC Bank,victim,HDFC02259,2025-08-22
1311,234267870323,Neha Joshi,HDFC Bank,victim,HDFC08128,2024-07-25
1312,230659400381,Aadhya Gupta,Axis Bank,victim,UTIB08036,2025-06-28
1313,743344210651,Meena Chauhan,Bank of Baroda,victim,BARB00046,2024-03-26
1314,775138771239,Priya Gupta,Axis Bank,victim,UTIB08189,2025-03-04
1315,593918536205,Vivaan Pillai,Punjab National Bank,victim,PUNB04493,2025-03-23
1316,677888922100,Suresh Pandey,Bank of Baroda,victim,BARB07204,2024-04-25
1317,867110187703,Pooja Patel,Punjab National Bank,victim,PUNB03257,2024-06-04
1318,704811301864,Sunita Chauhan,ICICI Bank,victim,ICIC03231,2025-05-07
1319,119020607136,Priya Rao,Bank of Baroda,victim,BARB09300,2025-10-03
1320,950814994023,Anil Patel,HDFC Bank,victim,HDFC02358,2025-10-19
1321,493046400606,Suresh Iyer,Axis Bank,victim,UTIB09882,2025-11-19
1322,079262517431,Lakshmi Desai,Axis Bank,victim,UTIB06032,2025-10-21
1323,240239362761,Sunita Pandey,HDFC Bank,victim,HDFC07640,2025-05-26
1324,433732783969,Ishaan Naidu,Bank of Baroda,victim,BARB02151,2024-05-25
1325,079337731297,Aarav Kumar,ICICI Bank,victim,ICIC03414,2025-09-01
1326,751757903230,Rahul Yadav,Punjab National Bank,victim,PUNB08880,2026-01-26
1327,728651814204,Aditya Shah,HDFC Bank,victim,HDFC03845,2024-06-02
1328,418793978953,Rahul Naidu,Axis Bank,victim,UTIB07701,2024-11-26
1329,256721230085,Kavita Bhatt,State Bank of India,victim,SBIN07895,2024-09-17
1330,600746143370,Ravi Mehta,State Bank of India,victim,SBIN00491,2026-04-20
1331,141988726349,Navya Kumar,Bank of Baroda,victim,BARB02122,2025-02-04
1332,457677657666,Aarav Shah,Bank of Baroda,victim,BARB04760,2025-09-22
1333,400672466390,Rajesh Bhatt,Axis Bank,victim,UTIB03214,2025-04-10
1334,983871355669,Saanvi Desai,Axis Bank,victim,UTIB06338,2025-09-26
1335,367990102719,Saanvi Kulkarni,Axis Bank,victim,UTIB00952,2024-04-06
1336,381403075598,Lakshmi Nair,ICICI Bank,victim,ICIC04142,2024-06-26
1337,376554761727,Aarav Naidu,Axis Bank,victim,UTIB05735,2025-08-02
1338,773391299037,Meena Verma,ICICI Bank,victim,ICIC01912,2026-02-07
1339,220072276835,Aadhya Kulkarni,ICICI Bank,victim,ICIC02780,2026-05-20
1340,332465684154,Pooja Reddy,Axis Bank,victim,UTIB06351,2026-03-16
1341,514557953723,Meena Kulkarni,HDFC Bank,victim,HDFC07660,2025-05-21
1342,953908783476,Sai Bhatt,Bank of Baroda,victim,BARB07900,2026-02-01
1343,273468927047,Ananya Yadav,Axis Bank,victim,UTIB02334,2025-04-17
1344,440883318380,Vivaan Menon,HDFC Bank,victim,HDFC01693,2025-05-13
1345,212702318967,Rohan Nair,Punjab National Bank,victim,PUNB02012,2025-09-14
1346,117087027282,Aadhya Singh,Punjab National Bank,victim,PUNB00400,2025-03-26
1347,428326701167,Rajesh Rao,ICICI Bank,victim,ICIC08116,2026-03-20
1348,848528467703,Arjun Chauhan,State Bank of India,victim,SBIN07846,2026-02-23
1349,406368019905,Krishna Bhatt,HDFC Bank,victim,HDFC00240,2025-12-06
1350,567677619524,Riya Kumar,ICICI Bank,victim,ICIC09601,2026-04-13
1351,872729933570,Geeta Malhotra,Bank of Baroda,victim,BARB02409,2025-04-03
1352,401421563452,Kiara Menon,HDFC Bank,victim,HDFC06362,2026-01-03
1353,911647924642,Anil Bhatt,HDFC Bank,victim,HDFC09987,2024-12-17
1354,378624301460,Ananya Patel,ICICI Bank,victim,ICIC06696,2024-09-16
1355,868321208614,Saanvi Gupta,Punjab National Bank,victim,PUNB09842,2025-10-21
1356,305577979836,Lakshmi Patel,Punjab National Bank,victim,PUNB07607,2025-07-20
1357,184262264418,Aadhya Joshi,State Bank of India,victim,SBIN00245,2025-06-21
1358,752279294965,Amit Gupta,State Bank of India,victim,SBIN02396,2026-05-03
1359,620408520633,Priya Bhatt,Bank of Baroda,victim,BARB04611,2026-05-05
1360,137880210936,Navya Gupta,HDFC Bank,victim,HDFC07677,2026-03-13
1361,148550702640,Myra Verma,Bank of Baroda,victim,BARB06260,2025-11-11
1362,712582848891,Manoj Iyer,Axis Bank,victim,UTIB09949,2025-09-30
1363,467093672502,Pari Pillai,State Bank of India,victim,SBIN08004,2024-07-20
1364,881557155661,Saanvi Rao,Axis Bank,victim,UTIB06689,2025-07-04
1365,784879896319,Arjun Yadav,Punjab National Bank,victim,PUNB06305,2024-11-29
1366,223063567357,Ravi Desai,Axis Bank,victim,UTIB07569,2025-06-15
1367,621853111281,Sunil Singh,Bank of Baroda,victim,BARB07790,2025-02-10
1368,719503056878,Aadhya Joshi,Axis Bank,victim,UTIB00712,2025-12-01
1369,029484943457,Suresh Rao,Bank of Baroda,victim,BARB07661,2025-03-27
1370,087807202033,Navya Gupta,Axis Bank,victim,UTIB08811,2024-11-23
1371,649095468873,Pooja Pillai,State Bank of India,victim,SBIN00588,2026-01-18
1372,467347436939,Aarav Verma,ICICI Bank,victim,ICIC00894,2024-09-01
1373,941259799903,Geeta Malhotra,Bank of Baroda,victim,BARB02388,2026-02-16
1374,632939702663,Sunil Nair,HDFC Bank,victim,HDFC08207,2024-09-29
1375,058923036067,Sunil Chauhan,ICICI Bank,victim,ICIC07871,2024-12-11
1376,990185111567,Diya Joshi,Bank of Baroda,victim,BARB03385,2024-07-16
1377,563338923495,Kavita Mehta,Bank of Baroda,victim,BARB02457,2024-06-14
1378,237038547872,Sanjay Pandey,Bank of Baroda,victim,BARB06819,2025-01-10
1379,258831400356,Pari Pandey,Punjab National Bank,victim,PUNB03032,2026-05-16
1380,347608823092,Rajesh Verma,Bank of Baroda,victim,BARB05872,2025-06-15
1381,303101663662,Lakshmi Verma,ICICI Bank,victim,ICIC02845,2025-07-30
1382,495389162441,Aditya Pandey,Axis Bank,victim,UTIB00667,2025-06-13
1383,050667148533,Arjun Malhotra,Bank of Baroda,victim,BARB03171,2025-04-22
1384,962505073249,Geeta Kapoor,Axis Bank,victim,UTIB01394,2025-03-28
1385,308641486329,Pari Nair,HDFC Bank,victim,HDFC00850,2025-08-21
1386,345688486573,Manoj Yadav,State Bank of India,victim,SBIN07449,2025-10-31
1387,351602695775,Ravi Malhotra,Punjab National Bank,victim,PUNB02668,2025-06-15
1388,608853298734,Kiara Chauhan,Bank of Baroda,victim,BARB00114,2026-04-21
1389,573689108041,Amit Yadav,State Bank of India,victim,SBIN07569,2025-05-28
1390,867126572818,Diya Menon,Axis Bank,victim,UTIB02912,2026-04-24
1391,596707169448,Deepak Bhatt,ICICI Bank,victim,ICIC01440,2024-03-30
1392,799251973665,Ananya Iyer,Punjab National Bank,victim,PUNB04758,2026-03-09
1393,256004131667,Sunil Mehta,State Bank of India,victim,SBIN07527,2024-03-23
1394,025431639158,Navya Nair,Axis Bank,victim,UTIB04647,2024-10-04
1395,766540532421,Myra Patel,Axis Bank,victim,UTIB06943,2025-08-25
1396,107055705295,Sunil Malhotra,ICICI Bank,victim,ICIC00868,2026-04-27
1397,975193784953,Rahul Desai,Axis Bank,victim,UTIB01273,2025-05-11
1398,481297198840,Amit Menon,State Bank of India,victim,SBIN08943,2026-02-16
1399,033405081056,Rahul Singh,ICICI Bank,victim,ICIC03586,2024-05-21
1400,884959126092,Krishna Rao,Punjab National Bank,victim,PUNB00331,2025-04-30
1401,953223072487,Meena Kapoor,HDFC Bank,victim,HDFC06412,2025-12-24
1402,920696569325,Rajesh Patel,State Bank of India,victim,SBIN09627,2026-01-28
1403,502694473534,Ishaan Singh,ICICI Bank,victim,ICIC01439,2024-07-14
1404,782601877795,Vihaan Bhatt,HDFC Bank,victim,HDFC03342,2024-10-15
1405,968788420475,Sai Reddy,HDFC Bank,victim,HDFC09835,2026-05-13
1406,613959459211,Geeta Shah,HDFC Bank,victim,HDFC08572,2025-03-14
1407,428669062515,Sunil Malhotra,Bank of Baroda,victim,BARB07595,2024-09-06
1408,051719725123,Manoj Kapoor,HDFC Bank,victim,HDFC04335,2025-03-18
1409,199074666974,Sunita Chauhan,Axis Bank,victim,UTIB07217,2024-09-24
1410,728394764612,Sunita Pandey,Bank of Baroda,victim,BARB06149,2025-02-03
1411,870481135373,Neha Nair,Axis Bank,victim,UTIB09652,2026-04-11
1412,331326893746,Lakshmi Chauhan,Punjab National Bank,victim,PUNB00213,2026-01-27
1413,870630228293,Rajesh Mehta,ICICI Bank,victim,ICIC03528,2026-02-02
1414,808756450581,Deepak Kapoor,Punjab National Bank,victim,PUNB00580,2024-09-08
1415,379226281915,Priya Mehta,HDFC Bank,victim,HDFC00237,2025-06-16
1416,985919817473,Ananya Chauhan,State Bank of India,victim,SBIN06653,2026-02-06
1417,437212384877,Arjun Desai,Axis Bank,victim,UTIB05619,2024-07-27
1418,919344246271,Suresh Pandey,ICICI Bank,victim,ICIC02393,2025-04-10
1419,737630977398,Neha Sharma,Bank of Baroda,victim,BARB03666,2024-05-04
1420,546305941567,Vivaan Naidu,HDFC Bank,victim,HDFC01177,2025-08-01
1421,839507051306,Saanvi Bhatt,Axis Bank,victim,UTIB09672,2024-07-01
1422,858306848368,Riya Gupta,State Bank of India,victim,SBIN01672,2025-01-26
1423,085587235784,Ishaan Joshi,State Bank of India,victim,SBIN05720,2024-04-25
1424,004584089227,Rajesh Malhotra,State Bank of India,victim,SBIN00699,2024-05-19
1425,335142449663,Navya Pillai,Punjab National Bank,victim,PUNB09000,2025-04-30
1426,668813038469,Vihaan Yadav,State Bank of India,victim,SBIN01281,2025-10-10
1427,897173315716,Vikram Pandey,Bank of Baroda,victim,BARB00426,2024-07-29
1428,938373965242,Krishna Menon,State Bank of India,victim,SBIN07607,2025-06-03
1429,750568808482,Krishna Bhatt,HDFC Bank,victim,HDFC00727,2024-07-12
1430,929449931367,Divya Mehta,ICICI Bank,victim,ICIC05726,2025-12-18
1431,664802362801,Aadhya Kumar,State Bank of India,victim,SBIN09388,2025-10-11
1432,251826135062,Navya Kulkarni,HDFC Bank,victim,HDFC01084,2024-05-13
1433,714390390920,Sunil Kapoor,Punjab National Bank,victim,PUNB00562,2025-11-30
1434,475431886459,Ishaan Yadav,Punjab National Bank,victim,PUNB04780,2024-06-20
1435,113598043331,Aarav Pandey,HDFC Bank,victim,HDFC05696,2025-05-08
1436,171719945740,Kiara Menon,State Bank of India,victim,SBIN05199,2025-10-06
1437,560249235777,Myra Malhotra,Axis Bank,victim,UTIB04149,2024-05-30
1438,845467313717,Manoj Reddy,ICICI Bank,victim,ICIC04190,2025-12-19
1439,965640019154,Aadhya Kumar,Axis Bank,victim,UTIB02607,2024-11-08
1440,389515923466,Vihaan Malhotra,State Bank of India,victim,SBIN05217,2025-06-11
1441,576018830415,Reyansh Kapoor,Bank of Baroda,victim,BARB04474,2026-05-06
1442,740952905509,Meena Nair,Punjab National Bank,victim,PUNB05792,2026-05-12
1443,959282233125,Vivaan Singh,Axis Bank,victim,UTIB06772,2025-09-11
1444,415871994250,Riya Pandey,Axis Bank,victim,UTIB05925,2025-03-09
1445,107535024694,Ishaan Yadav,State Bank of India,victim,SBIN08412,2025-02-13
1446,822608099371,Sunil Naidu,Bank of Baroda,victim,BARB05193,2024-07-16
1447,355882348118,Neha Iyer,ICICI Bank,victim,ICIC00829,2025-03-18
1448,611955309373,Pooja Desai,Bank of Baroda,victim,BARB01340,2025-03-15
1449,550652990536,Diya Patel,HDFC Bank,victim,HDFC07912,2024-04-29
1450,515567409201,Sunita Pandey,State Bank of India,victim,SBIN06759,2025-04-04
1451,348752560489,Navya Verma,Punjab National Bank,victim,PUNB09246,2026-01-12
1452,647763103231,Vivaan Shah,Bank of Baroda,victim,BARB09767,2024-06-20
1453,144894009465,Myra Naidu,Punjab National Bank,victim,PUNB08463,2024-11-18
1454,476766609191,Suresh Reddy,Axis Bank,victim,UTIB09352,2025-11-04
1455,702501554494,Aditya Kapoor,Axis Bank,victim,UTIB00998,2025-08-03
1456,695887089426,Meena Mehta,Axis Bank,victim,UTIB06036,2026-01-10
1457,191636950725,Manoj Pillai,Punjab National Bank,victim,PUNB09250,2024-08-23
1458,695991129464,Diya Desai,Bank of Baroda,victim,BARB00311,2024-11-19
1459,463773485030,Aadhya Yadav,Punjab National Bank,victim,PUNB02772,2024-07-24
1460,728774786910,Vikram Yadav,Axis Bank,victim,UTIB04076,2024-12-04
1461,355019353110,Myra Naidu,Axis Bank,victim,UTIB01584,2025-10-17
1462,262189224006,Aadhya Naidu,Punjab National Bank,victim,PUNB01386,2025-08-24
1463,693477966054,Rahul Pandey,Axis Bank,victim,UTIB08562,2025-07-28
1464,975570826786,Reyansh Reddy,State Bank of India,victim,SBIN05044,2025-06-16
1465,207681700681,Divya Naidu,ICICI Bank,victim,ICIC04365,2026-03-26
1466,867706672192,Sunita Pillai,State Bank of India,victim,SBIN02834,2024-09-21
1467,256208361088,Geeta Patel,Bank of Baroda,victim,BARB00257,2024-05-21
1468,732092254508,Neha Joshi,Punjab National Bank,victim,PUNB00694,2024-04-20
1469,560897064937,Ravi Shah,Bank of Baroda,victim,BARB05904,2025-06-05
1470,274062828507,Anil Mehta,ICICI Bank,victim,ICIC02553,2025-01-02
1471,074045156993,Sanjay Malhotra,State Bank of India,victim,SBIN03276,2024-11-03
1472,366943643653,Aadhya Pillai,Punjab National Bank,victim,PUNB01459,2025-05-31
1473,250927040043,Anika Rao,State Bank of India,victim,SBIN08666,2025-07-07
1474,751862109863,Deepak Sharma,Bank of Baroda,victim,BARB06782,2026-05-17
1475,970310808348,Kavita Kumar,Axis Bank,victim,UTIB00985,2025-04-28
1476,743087803782,Arjun Kapoor,Punjab National Bank,victim,PUNB05371,2024-10-05
1477,730597662084,Anika Pillai,HDFC Bank,victim,HDFC00784,2025-12-05
1478,679406015413,Neha Naidu,Bank of Baroda,victim,BARB08273,2025-12-15
1479,262735060012,Rajesh Pillai,Punjab National Bank,victim,PUNB06646,2024-05-18
1480,898730732166,Anika Kulkarni,Bank of Baroda,victim,BARB05691,2024-06-02
1481,411602859538,Pooja Mehta,Bank of Baroda,victim,BARB08755,2026-04-28
1482,786740477246,Vikram Naidu,Bank of Baroda,victim,BARB04972,2026-05-24
1483,891055799915,Ishaan Singh,ICICI Bank,victim,ICIC08434,2025-09-18
1484,111264218154,Sunita Kumar,HDFC Bank,victim,HDFC04788,2025-02-23
1485,379877523999,Rohan Sharma,Punjab National Bank,victim,PUNB06369,2024-09-08
1486,533317931347,Lakshmi Pandey,ICICI Bank,victim,ICIC05619,2026-01-09
1487,769328792746,Ishaan Mehta,HDFC Bank,victim,HDFC02268,2026-04-01
1488,277157368507,Anika Mehta,Bank of Baroda,victim,BARB00518,2024-11-20
1489,764756657329,Vihaan Bhatt,ICICI Bank,victim,ICIC07741,2024-06-22
1490,629309615071,Kiara Sharma,State Bank of India,victim,SBIN00661,2025-11-30
1491,087884779888,Vihaan Kumar,HDFC Bank,victim,HDFC02437,2025-09-14
1492,814082824649,Vivaan Reddy,Axis Bank,victim,UTIB01371,2026-01-04
1493,815193942789,Anika Naidu,ICICI Bank,victim,ICIC01192,2026-01-26
1494,049779572400,Pooja Pillai,Bank of Baroda,victim,BARB03031,2025-10-11
1495,777085942682,Meena Verma,HDFC Bank,victim,HDFC03955,2025-05-06
1496,523243421395,Manoj Joshi,HDFC Bank,victim,HDFC07965,2026-01-31
1497,736080558226,Suresh Singh,Punjab National Bank,victim,PUNB02316,2026-03-07
1498,898122396575,Sunita Yadav,HDFC Bank,victim,HDFC03764,2025-06-13
1499,683829216298,Aditya Pandey,State Bank of India,victim,SBIN06042,2026-04-15
1500,110714923603,Sunil Singh,Punjab National Bank,victim,PUNB06808,2025-08-23
1501,842181801874,Riya Menon,Axis Bank,victim,UTIB07291,2025-03-12
1502,527261891095,Sai Kumar,Axis Bank,victim,UTIB03100,2024-07-08
1503,450980635333,Divya Kulkarni,State Bank of India,victim,SBIN05016,2025-01-08
1504,390363857433,Navya Sharma,HDFC Bank,victim,HDFC09195,2026-05-15
1505,201651988906,Priya Pandey,HDFC Bank,victim,HDFC00917,2025-09-16
1506,036534764144,Anil Pandey,State Bank of India,victim,SBIN02719,2026-02-01
1507,081464702360,Pari Nair,ICICI Bank,victim,ICIC07417,2024-06-23
1508,393396910829,Myra Naidu,Axis Bank,victim,UTIB06561,2024-10-21
1509,855143825520,Rohan Joshi,HDFC Bank,victim,HDFC03286,2025-08-29
1510,105071970957,Navya Sharma,Bank of Baroda,victim,BARB04454,2024-04-30
1511,391905665141,Diya Pandey,State Bank of India,victim,SBIN03430,2026-02-17
1512,357168261114,Deepak Menon,State Bank of India,victim,SBIN07620,2026-02-12
1513,148578165608,Kiara Pillai,State Bank of India,victim,SBIN08041,2026-05-21
1514,503083491164,Sai Singh,ICICI Bank,victim,ICIC07649,2025-01-04
1515,417876028749,Aditya Iyer,Punjab National Bank,victim,PUNB00726,2025-04-16
1516,232072486115,Anika Desai,Bank of Baroda,victim,BARB06230,2025-11-16
1517,277606395136,Ravi Mehta,HDFC Bank,victim,HDFC08990,2026-01-14
1518,883744892396,Vikram Singh,State Bank of India,victim,SBIN00424,2025-05-11
1519,980865510861,Navya Sharma,Axis Bank,victim,UTIB09970,2026-05-02
1520,384109600661,Rohan Kumar,Axis Bank,victim,UTIB06153,2024-07-24
1521,824996966081,Vivaan Kulkarni,Punjab National Bank,victim,PUNB08758,2024-05-18
1522,007256687230,Aadhya Gupta,Punjab National Bank,victim,PUNB06365,2026-02-14
1523,120945402894,Priya Pillai,Punjab National Bank,victim,PUNB04388,2024-10-23
1524,474270725445,Anil Bhatt,ICICI Bank,victim,ICIC02786,2024-06-30
1525,750139939256,Lakshmi Chauhan,Bank of Baroda,victim,BARB07974,2025-11-25
1526,497705364434,Ishaan Shah,ICICI Bank,victim,ICIC09541,2024-10-13
1527,923315240415,Navya Malhotra,State Bank of India,victim,SBIN07584,2024-11-03
1528,184173265234,Priya Gupta,HDFC Bank,victim,HDFC06554,2026-01-19
1529,813847513407,Amit Malhotra,Bank of Baroda,victim,BARB04918,2025-07-28
1530,944280540092,Rohan Mehta,HDFC Bank,victim,HDFC03195,2024-06-05
1531,399431095188,Ravi Shah,Punjab National Bank,victim,PUNB08578,2026-02-04
1532,875875098020,Amit Desai,Punjab National Bank,victim,PUNB07520,2025-04-18
1533,291694261666,Manoj Gupta,Axis Bank,victim,UTIB04710,2026-04-21
1534,604283167232,Meena Verma,Punjab National Bank,victim,PUNB04644,2026-03-29
1535,575790336759,Reyansh Malhotra,Punjab National Bank,victim,PUNB04791,2024-04-24
1536,547539641638,Divya Kumar,ICICI Bank,victim,ICIC02511,2026-03-24
1537,657721127168,Kavita Bhatt,State Bank of India,victim,SBIN01098,2024-08-17
1538,742525776899,Navya Pillai,Bank of Baroda,victim,BARB07739,2025-10-24
1539,961159533841,Priya Pandey,Bank of Baroda,victim,BARB06290,2026-01-26
1540,441676218743,Rahul Desai,HDFC Bank,victim,HDFC00964,2026-05-08
1541,876634041974,Ishaan Naidu,Bank of Baroda,victim,BARB04765,2024-12-30
1542,784138312760,Vivaan Joshi,Punjab National Bank,victim,PUNB07833,2025-09-17
1543,298358448012,Reyansh Malhotra,Bank of Baroda,victim,BARB07712,2026-02-08
1544,764526587280,Pari Reddy,HDFC Bank,victim,HDFC02386,2025-08-02
1545,922397662154,Ananya Pandey,Axis Bank,victim,UTIB01519,2024-06-23
1546,335588572834,Anil Pillai,Bank of Baroda,victim,BARB06389,2024-08-21
1547,481189172845,Rahul Malhotra,ICICI Bank,victim,ICIC08487,2025-05-17
1548,568084690015,Meena Pillai,ICICI Bank,victim,ICIC08123,2025-11-03
1549,083572890910,Manoj Bhatt,HDFC Bank,victim,HDFC00634,2026-03-07
1550,506648782648,Sunita Joshi,Punjab National Bank,victim,PUNB07130,2024-06-10
1551,613875955942,Aadhya Nair,Punjab National Bank,victim,PUNB02981,2025-01-13
1552,474934768893,Aarav Yadav,Punjab National Bank,victim,PUNB08616,2024-08-10
1553,958769559126,Ishaan Desai,ICICI Bank,victim,ICIC08130,2026-05-02
1554,286327023174,Vikram Gupta,Punjab National Bank,victim,PUNB00281,2024-05-31
1555,723685044852,Vikram Verma,State Bank of India,victim,SBIN06023,2025-08-23
1556,563859818284,Anika Verma,ICICI Bank,victim,ICIC03997,2025-06-27
1557,589906586972,Pari Naidu,ICICI Bank,victim,ICIC02324,2024-12-30
1558,245422492243,Sunil Kulkarni,State Bank of India,victim,SBIN00232,2024-06-17
1559,779536140830,Diya Yadav,Punjab National Bank,victim,PUNB07090,2025-11-22
1560,462922228338,Manoj Bhatt,State Bank of India,victim,SBIN01385,2024-12-22
1561,293374153583,Priya Naidu,Axis Bank,victim,UTIB03878,2025-10-11
1562,747529148356,Aarav Kumar,Bank of Baroda,victim,BARB05086,2024-10-20
1563,647033642453,Rohan Desai,Punjab National Bank,victim,PUNB02065,2025-05-17
1564,747870676442,Vivaan Chauhan,Punjab National Bank,victim,PUNB08630,2026-03-17
1565,204993064041,Anika Patel,Punjab National Bank,victim,PUNB02107,2024-05-24
1566,702153861151,Kiara Joshi,Axis Bank,victim,UTIB01162,2026-03-24
1567,088609692533,Diya Rao,ICICI Bank,victim,ICIC06010,2025-03-27
1568,266427386966,Arjun Mehta,State Bank of India,victim,SBIN04811,2024-05-20
1569,920823661620,Pari Verma,Axis Bank,victim,UTIB01729,2025-08-10
1570,667605508005,Pooja Sharma,Axis Bank,victim,UTIB00908,2025-02-24
1571,181498367849,Vihaan Joshi,Punjab National Bank,victim,PUNB00321,2026-02-19
1572,748675675351,Vihaan Bhatt,Axis Bank,victim,UTIB05347,2025-06-07
1573,661907644490,Lakshmi Kapoor,State Bank of India,victim,SBIN04394,2025-12-02
1574,864993397453,Riya Desai,Punjab National Bank,victim,PUNB09180,2024-12-21
1575,342900249278,Sunita Mehta,Bank of Baroda,victim,BARB05234,2025-12-03
1576,385404450398,Divya Naidu,Punjab National Bank,victim,PUNB06383,2025-04-21
1577,786015083345,Saanvi Sharma,Bank of Baroda,victim,BARB01298,2024-11-09
1578,755005357603,Sanjay Rao,Axis Bank,victim,UTIB06733,2025-11-17
1579,614601741964,Anil Mehta,State Bank of India,victim,SBIN00009,2024-11-18
1580,265652936756,Manoj Reddy,Bank of Baroda,victim,BARB02754,2025-09-03
1581,018769270438,Pari Naidu,Punjab National Bank,victim,PUNB08528,2026-02-21
1582,989087634272,Vihaan Rao,Bank of Baroda,victim,BARB04771,2024-09-12
1583,246988967621,Arjun Shah,Axis Bank,victim,UTIB08224,2026-03-14
1584,341373454247,Deepak Kumar,Punjab National Bank,victim,PUNB01155,2025-01-05
1585,353321012546,Riya Mehta,State Bank of India,victim,SBIN07591,2025-06-19
1586,836863644498,Arjun Patel,Punjab National Bank,victim,PUNB01063,2024-10-14
1587,938721120382,Sunita Patel,Punjab National Bank,victim,PUNB09983,2024-05-25
1588,689921274621,Kavita Malhotra,Axis Bank,victim,UTIB03345,2025-09-14
1589,295656219295,Lakshmi Verma,Punjab National Bank,mule,PUNB09944,2026-07-16
1590,051865067996,Anil Desai,Bank of Baroda,victim,BARB04511,2025-10-25
1591,059256870426,Pari Kulkarni,Punjab National Bank,mule,PUNB09795,2026-07-15
1592,922521238029,Aditya Bhatt,Bank of Baroda,victim,BARB04462,2026-04-27
1593,351487497151,Ishaan Kapoor,Axis Bank,mule,UTIB09545,2026-08-09
1594,512090181749,Kavita Yadav,Bank of Baroda,victim,BARB07311,2024-07-24
1595,963360989105,Aarav Shah,ICICI Bank,mule,ICIC05961,2026-08-03
1596,654907872550,Ananya Gupta,Punjab National Bank,victim,PUNB05415,2024-09-26
1597,093757707960,Neha Gupta,Punjab National Bank,mule,PUNB06941,2026-07-23
1598,694906082761,Vikram Naidu,ICICI Bank,victim,ICIC00023,2025-09-24
1599,209459691573,Pari Chauhan,State Bank of India,mule,SBIN04385,2026-08-02
1600,233143241707,Krishna Kumar,Bank of Baroda,victim,BARB01278,2026-04-15
1601,633879081322,Vihaan Singh,Punjab National Bank,mule,PUNB02204,2026-07-26
1602,224170183137,Krishna Verma,ICICI Bank,victim,ICIC07434,2024-05-16
1603,057925173335,Sanjay Reddy,HDFC Bank,mule,HDFC03682,2026-07-20
1604,076645362921,Priya Naidu,ICICI Bank,victim,ICIC03501,2024-09-01
1605,449689509291,Sanjay Shah,HDFC Bank,mule,HDFC08994,2026-07-30
1606,651444465748,Riya Rao,ICICI Bank,victim,ICIC01452,2025-07-28
1607,888646508930,Pari Menon,HDFC Bank,mule,HDFC01784,2026-07-20
1608,250383412472,Vikram Pillai,State Bank of India,victim,SBIN02372,2024-05-29
1609,419753700632,Myra Chauhan,Axis Bank,mule,UTIB09887,2026-08-04
1610,589981811994,Pooja Menon,Punjab National Bank,victim,PUNB02817,2025-03-23
1611,206433955343,Saanvi Shah,ICICI Bank,mule,ICIC09719,2026-08-03
1612,308724478390,Vivaan Chauhan,Bank of Baroda,victim,BARB07121,2024-12-07
1613,798969102419,Ravi Kapoor,ICICI Bank,mule,ICIC02724,2026-07-27
1614,800544027760,Meena Naidu,State Bank of India,victim,SBIN01231,2025-11-17
1615,575100036685,Manoj Shah,HDFC Bank,mule,HDFC03973,2026-08-08
1616,251129803102,Vihaan Iyer,Axis Bank,victim,UTIB06237,2024-04-30
1617,067482522925,Navya Kulkarni,ICICI Bank,mule,ICIC05476,2026-07-23
1618,761747904552,Ananya Nair,Axis Bank,victim,UTIB02420,2025-10-03
1619,642549780643,Manoj Gupta,Punjab National Bank,mule,PUNB09603,2026-07-27
1620,790868088358,Reyansh Pandey,HDFC Bank,victim,HDFC05583,2026-01-15
1621,548759799742,Suresh Pandey,ICICI Bank,mule,ICIC04290,2026-07-27
1622,894511932467,Diya Mehta,Axis Bank,victim,UTIB01999,2024-11-17
1623,523710029596,Saanvi Mehta,Axis Bank,mule,UTIB01875,2026-08-03
1624,806932894011,Reyansh Chauhan,ICICI Bank,victim,ICIC07130,2025-04-12
1625,709718467908,Deepak Pillai,Bank of Baroda,mule,BARB03731,2026-08-02
1626,661806108537,Manoj Shah,ICICI Bank,victim,ICIC00070,2024-04-24
1627,022212683905,Reyansh Pandey,State Bank of India,mule,SBIN00118,2026-07-16
1628,251964295861,Aditya Reddy,HDFC Bank,victim,HDFC06721,2024-06-28
1629,025449655024,Ananya Bhatt,Axis Bank,mule,UTIB01825,2026-07-25
1630,713202061392,Pooja Nair,Axis Bank,victim,UTIB00318,2025-12-28
1631,674482287807,Saanvi Chauhan,Axis Bank,mule,UTIB00049,2026-08-02
1632,954584465771,Kavita Malhotra,ICICI Bank,victim,ICIC03715,2025-01-23
1633,278932873227,Priya Desai,ICICI Bank,mule,ICIC05484,2026-07-19
1634,232345335668,Reyansh Shah,Punjab National Bank,victim,PUNB02289,2025-12-28
1635,754920398013,Kiara Malhotra,ICICI Bank,mule,ICIC07619,2026-07-16
1636,765091639750,Aadhya Gupta,Punjab National Bank,victim,PUNB05792,2024-09-26
1637,109810094430,Aditya Rao,ICICI Bank,mule,ICIC07732,2026-07-13
1638,398714142642,Neha Naidu,ICICI Bank,victim,ICIC09306,2025-04-26
1639,614383816742,Anil Pandey,Bank of Baroda,mule,BARB09540,2026-07-30
1640,404210014996,Amit Chauhan,ICICI Bank,victim,ICIC01177,2025-08-04
1641,539057986626,Lakshmi Iyer,ICICI Bank,mule,ICIC03395,2026-07-24
1642,870131117517,Neha Bhatt,ICICI Bank,victim,ICIC03358,2025-01-21
1643,249215156944,Kiara Kumar,Axis Bank,mule,UTIB07871,2026-08-04
1644,209928687842,Kavita Iyer,State Bank of India,victim,SBIN07751,2025-07-24
1645,672097506699,Reyansh Kapoor,HDFC Bank,mule,HDFC02856,2026-08-07
1646,323518522916,Riya Sharma,Axis Bank,victim,UTIB05613,2024-06-27
1647,398714845443,Vivaan Sharma,Axis Bank,mule,UTIB07457,2026-08-05
1648,578660702507,Myra Nair,Bank of Baroda,victim,BARB06660,2025-11-13
1649,508526106896,Rajesh Joshi,Punjab National Bank,mule,PUNB03264,2026-08-06
1650,716388193927,Aadhya Mehta,Punjab National Bank,victim,PUNB01918,2025-02-28
1651,198792165018,Arjun Naidu,Punjab National Bank,mule,PUNB05760,2026-07-17
1652,177313197493,Ishaan Kapoor,Bank of Baroda,victim,BARB01352,2026-04-21
1653,625593765118,Ishaan Mehta,Bank of Baroda,mule,BARB06651,2026-07-31
1654,968757446544,Navya Reddy,ICICI Bank,victim,ICIC08218,2026-04-20
1655,982125588774,Aditya Joshi,HDFC Bank,mule,HDFC00315,2026-07-16
1656,106572997665,Manoj Pillai,ICICI Bank,victim,ICIC06206,2026-05-06
1657,039336777441,Aditya Pandey,Bank of Baroda,mule,BARB08439,2026-08-04
1658,646518478879,Diya Pillai,Axis Bank,victim,UTIB07888,2025-07-09
1659,879579711491,Deepak Chauhan,ICICI Bank,mule,ICIC04619,2026-07-15
1660,326503052411,Neha Kulkarni,State Bank of India,victim,SBIN04207,2025-12-15
1661,133529495760,Myra Bhatt,ICICI Bank,mule,ICIC09610,2026-08-08
1662,456143153834,Neha Gupta,ICICI Bank,victim,ICIC08995,2025-04-07
1663,200859040024,Reyansh Kapoor,State Bank of India,mule,SBIN07036,2026-07-25
1664,921017274821,Ravi Yadav,Bank of Baroda,victim,BARB05175,2024-04-22
1665,796313240496,Sai Chauhan,Bank of Baroda,mule,BARB06519,2026-08-01
1666,391767070022,Ravi Joshi,Punjab National Bank,victim,PUNB07962,2025-05-26
1667,527843003987,Ravi Malhotra,ICICI Bank,mule,ICIC00646,2026-07-29
