id,victim_id,filed_at,amount_lost,narrative_text,bank_name,status
1,1,2026-07-31T05:24:03,406362.25,I was tricked into installing a remote-access app after a fake ICICI Bank KYC update message. Rs 406362 was transferred out immediately. Bank IFSC on the receiving account appears to be ICIC06199.,ICICI Bank,open
2,2,2026-07-17T22:35:42,45910.67,I received a call claiming to be from HDFC Bank customer support and was asked to share an OTP. Rs 45910 was debited from my account without my consent. The transaction reference mentions IFSC HDFC01911.,HDFC Bank,open
3,3,2026-08-04T18:21:22,93524.66,I was tricked into installing a remote-access app after a fake HDFC Bank KYC update message. Rs 93524 was transferred out immediately. Bank IFSC on the receiving account appears to be HDFC09462.,HDFC Bank,open
4,4,2026-07-09T16:14:10,156937.85,I received a call claiming to be from HDFC Bank customer support and was asked to share an OTP. Rs 156937 was debited from my account without my consent. The transaction reference mentions IFSC HDFC07166.,HDFC Bank,open
5,5,2026-08-28T13:14:38,394485.59,I received a call claiming to be from State Bank of India customer support and was asked to share an OTP. Rs 394485 was debited from my account without my consent. The transaction reference mentions IFSC SBIN01810.,State Bank of India,open
6,6,2026-06-10T10:28:48,101765.45,I was tricked into installing a remote-access app after a fake State Bank of India KYC update message. Rs 101765 was transferred out immediately. Bank IFSC on the receiving account appears to be SBIN00096.,State Bank of India,open
7,7,2026-07-06T19:40:47,294647.86,My Punjab National Bank debit card details were compromised after a phishing SMS. Rs 294647 was withdrawn/transferred without authorization. Reference IFSC noted on the statement: PUNB07140.,Punjab National Bank,open
8,8,2026-08-04T01:22:54,115721.96,An unknown person posing as a Axis Bank official convinced me to make a 'verification transfer' of Rs 115721. I later found the beneficiary IFSC was UTIB03325 and the number is no longer reachable.,Axis Bank,open
9,9,2026-06-08T15:25:01,421308.58,I was tricked into installing a remote-access app after a fake Axis Bank KYC update message. Rs 421308 was transferred out immediately. Bank IFSC on the receiving account appears to be UTIB01170.,Axis Bank,open
10,10,2026-08-20T00:22:41,17718.01,An unknown person posing as a Axis Bank official convinced me to make a 'verification transfer' of Rs 17718. I later found the beneficiary IFSC was UTIB02968 and the number is no longer reachable.,Axis Bank,open
11,11,2026-07-04T10:38:44,362818.33,An unknown person posing as a Bank of Baroda official convinced me to make a 'verification transfer' of Rs 362818. I later found the beneficiary IFSC was BARB09604 and the number is no longer reachable.,Bank of Baroda,open
12,12,2026-07-23T05:34:44,349860.48,I was tricked into installing a remote-access app after a fake State Bank of India KYC update message. Rs 349860 was transferred out immediately. Bank IFSC on the receiving account appears to be SBIN05923.,State Bank of India,open
13,13,2026-07-14T03:42:47,162352.42,I received a call claiming to be from Punjab National Bank customer support and was asked to share an OTP. Rs 162352 was debited from my account without my consent. The transaction reference mentions IFSC PUNB08806.,Punjab National Bank,open
14,14,2026-07-02T10:43:49,465503.35,My HDFC Bank debit card details were compromised after a phishing SMS. Rs 465503 was withdrawn/transferred without authorization. Reference IFSC noted on the statement: HDFC00511.,HDFC Bank,open
15,15,2026-08-19T11:56:08,72263.94,An unknown person posing as a State Bank of India official convinced me to make a 'verification transfer' of Rs 72263. I later found the beneficiary IFSC was SBIN05657 and the number is no longer reachable.,State Bank of India,open
16,16,2026-07-30T18:16:27,306078.87,I was tricked into installing a remote-access app after a fake Axis Bank KYC update message. Rs 306078 was transferred out immediately. Bank IFSC on the receiving account appears to be UTIB05916.,Axis Bank,open
17,17,2026-07-27T18:18:32,299784.57,My HDFC Bank debit card details were compromised after a phishing SMS. Rs 299784 was withdrawn/transferred without authorization. Reference IFSC noted on the statement: HDFC05365.,HDFC Bank,open
18,18,2026-06-30T05:23:07,327842.48,My State Bank of India debit card details were compromised after a phishing SMS. Rs 327842 was withdrawn/transferred without authorization. Reference IFSC noted on the statement: SBIN07633.,State Bank of India,open
19,19,2026-07-03T23:59:34,360997.37,An unknown person posing as a Axis Bank official convinced me to make a 'verification transfer' of Rs 360997. I later found the beneficiary IFSC was UTIB08165 and the number is no longer reachable.,Axis Bank,open
20,20,2026-07-21T13:48:27,258683.71,I received a call claiming to be from HDFC Bank customer support and was asked to share an OTP. Rs 258683 was debited from my account without my consent. The transaction reference mentions IFSC HDFC01986.,HDFC Bank,open
21,21,2026-06-18T20:52:48,77124.31,My Bank of Baroda debit card details were compromised after a phishing SMS. Rs 77124 was withdrawn/transferred without authorization. Reference IFSC noted on the statement: BARB06108.,Bank of Baroda,open
22,22,2026-06-05T18:01:43,6806.71,My Axis Bank debit card details were compromised after a phishing SMS. Rs 6806 was withdrawn/transferred without authorization. Reference IFSC noted on the statement: UTIB06411.,Axis Bank,open
23,23,2026-06-29T20:33:27,279210.74,My Punjab National Bank debit card details were compromised after a phishing SMS. Rs 279210 was withdrawn/transferred without authorization. Reference IFSC noted on the statement: PUNB02571.,Punjab National Bank,open
24,24,2026-07-06T06:45:12,171129.13,My HDFC Bank debit card details were compromised after a phishing SMS. Rs 171129 was withdrawn/transferred without authorization. Reference IFSC noted on the statement: HDFC04222.,HDFC Bank,open
25,25,2026-08-20T15:12:57,5030.13,I received a call claiming to be from ICICI Bank customer support and was asked to share an OTP. Rs 5030 was debited from my account without my consent. The transaction reference mentions IFSC ICIC00178.,ICICI Bank,open
26,26,2026-08-19T06:04:26,330183.94,I received a call claiming to be from ICICI Bank customer support and was asked to share an OTP. Rs 330183 was debited from my account without my consent. The transaction reference mentions IFSC ICIC08948.,ICICI Bank,open
27,27,2026-08-18T17:39:01,271517.8,An unknown person posing as a HDFC Bank official convinced me to make a 'verification transfer' of Rs 271517. I later found the beneficiary IFSC was HDFC02680 and the number is no longer reachable.,HDFC Bank,open
28,28,2026-07-03T15:05:22,31271.12,An unknown person posing as a Bank of Baroda official convinced me to make a 'verification transfer' of Rs 31271. I later found the beneficiary IFSC was BARB00913 and the number is no longer reachable.,Bank of Baroda,open
29,29,2026-06-18T21:01:14,221680.0,An unknown person posing as a Bank of Baroda official convinced me to make a 'verification transfer' of Rs 221680. I later found the beneficiary IFSC was BARB00740 and the number is no longer reachable.,Bank of Baroda,open
30,30,2026-07-04T19:52:40,67397.97,An unknown person posing as a HDFC Bank official convinced me to make a 'verification transfer' of Rs 67397. I later found the beneficiary IFSC was HDFC09520 and the number is no longer reachable.,HDFC Bank,open
31,31,2026-08-04T12:10:11,100953.48,I was tricked into installing a remote-access app after a fake Axis Bank KYC update message. Rs 100953 was transferred out immediately. Bank IFSC on the receiving account appears to be UTIB04178.,Axis Bank,open
32,32,2026-06-15T21:50:27,443767.23,My Bank of Baroda debit card details were compromised after a phishing SMS. Rs 443767 was withdrawn/transferred without authorization. Reference IFSC noted on the statement: BARB04260.,Bank of Baroda,open
33,33,2026-07-12T21:52:56,351709.9,An unknown person posing as a State Bank of India official convinced me to make a 'verification transfer' of Rs 351709. I later found the beneficiary IFSC was SBIN09772 and the number is no longer reachable.,State Bank of India,open
34,34,2026-06-17T07:45:04,362579.33,I received a call claiming to be from Punjab National Bank customer support and was asked to share an OTP. Rs 362579 was debited from my account without my consent. The transaction reference mentions IFSC PUNB01659.,Punjab National Bank,open
35,35,2026-07-03T14:41:05,443736.26,I received a call claiming to be from Punjab National Bank customer support and was asked to share an OTP. Rs 443736 was debited from my account without my consent. The transaction reference mentions IFSC PUNB06174.,Punjab National Bank,open
36,36,2026-07-06T20:11:44,205902.09,My Axis Bank debit card details were compromised after a phishing SMS. Rs 205902 was withdrawn/transferred without authorization. Reference IFSC noted on the statement: UTIB03493.,Axis Bank,open
37,37,2026-06-11T03:02:31,341193.01,I was tricked into installing a remote-access app after a fake HDFC Bank KYC update message. Rs 341193 was transferred out immediately. Bank IFSC on the receiving account appears to be HDFC04725.,HDFC Bank,open
38,38,2026-08-11T05:25:18,387183.9,I received a call claiming to be from Bank of Baroda customer support and was asked to share an OTP. Rs 387183 was debited from my account without my consent. The transaction reference mentions IFSC BARB09594.,Bank of Baroda,open
39,39,2026-08-20T23:01:03,146528.04,I received a call claiming to be from Bank of Baroda customer support and was asked to share an OTP. Rs 146528 was debited from my account without my consent. The transaction reference mentions IFSC BARB07852.,Bank of Baroda,open
40,40,2026-08-18T22:06:22,174011.38,I received a call claiming to be from Punjab National Bank customer support and was asked to share an OTP. Rs 174011 was debited from my account without my consent. The transaction reference mentions IFSC PUNB00558.,Punjab National Bank,open
41,41,2026-06-13T17:06:30,103067.22,I was tricked into installing a remote-access app after a fake HDFC Bank KYC update message. Rs 103067 was transferred out immediately. Bank IFSC on the receiving account appears to be HDFC02739.,HDFC Bank,open
42,42,2026-07-10T01:38:25,305531.48,My Axis Bank debit card details were compromised after a phishing SMS. Rs 305531 was withdrawn/transferred without authorization. Reference IFSC noted on the statement: UTIB04846.,Axis Bank,open
43,43,2026-06-19T14:34:41,411421.18,My State Bank of India debit card details were compromised after a phishing SMS. Rs 411421 was withdrawn/transferred without authorization. Reference IFSC noted on the statement: SBIN05384.,State Bank of India,open
44,44,2026-07-27T17:54:56,40997.13,An unknown person posing as a Axis Bank official convinced me to make a 'verification transfer' of Rs 40997. I later found the beneficiary IFSC was UTIB02070 and the number is no longer reachable.,Axis Bank,open
45,45,2026-06-23T06:17:38,41725.71,I was tricked into installing a remote-access app after a fake Bank of Baroda KYC update message. Rs 41725 was transferred out immediately. Bank IFSC on the receiving account appears to be BARB09431.,Bank of Baroda,open
46,46,2026-07-18T21:09:13,8409.39,An unknown person posing as a State Bank of India official convinced me to make a 'verification transfer' of Rs 8409. I later found the beneficiary IFSC was SBIN05006 and the number is no longer reachable.,State Bank of India,open
47,47,2026-08-11T04:16:09,8938.73,My Bank of Baroda debit card details were compromised after a phishing SMS. Rs 8938 was withdrawn/transferred without authorization. Reference IFSC noted on the statement: BARB03454.,Bank of Baroda,open
48,48,2026-06-17T00:40:11,116141.74,I was tricked into installing a remote-access app after a fake Axis Bank KYC update message. Rs 116141 was transferred out immediately. Bank IFSC on the receiving account appears to be UTIB00217.,Axis Bank,open
49,49,2026-07-27T11:40:58,32030.8,I was tricked into installing a remote-access app after a fake State Bank of India KYC update message. Rs 32030 was transferred out immediately. Bank IFSC on the receiving account appears to be SBIN01458.,State Bank of India,open
50,50,2026-07-12T05:07:43,107916.58,An unknown person posing as a Punjab National Bank official convinced me to make a 'verification transfer' of Rs 107916. I later found the beneficiary IFSC was PUNB06902 and the number is no longer reachable.,Punjab National Bank,open
51,51,2026-08-13T14:25:01,171703.18,I received a call claiming to be from Bank of Baroda customer support and was asked to share an OTP. Rs 171703 was debited from my account without my consent. The transaction reference mentions IFSC BARB06750.,Bank of Baroda,open
52,52,2026-06-14T23:43:34,272390.96,My Axis Bank debit card details were compromised after a phishing SMS. Rs 272390 was withdrawn/transferred without authorization. Reference IFSC noted on the statement: UTIB05461.,Axis Bank,open
53,53,2026-08-30T19:05:28,256030.95,I received a call claiming to be from Bank of Baroda customer support and was asked to share an OTP. Rs 256030 was debited from my account without my consent. The transaction reference mentions IFSC BARB01707.,Bank of Baroda,open
54,54,2026-06-19T21:39:51,85957.14,An unknown person posing as a State Bank of India official convinced me to make a 'verification transfer' of Rs 85957. I later found the beneficiary IFSC was SBIN08878 and the number is no longer reachable.,State Bank of India,open
55,55,2026-07-12T00:50:42,120419.87,I received a call claiming to be from ICICI Bank customer support and was asked to share an OTP. Rs 120419 was debited from my account without my consent. The transaction reference mentions IFSC ICIC01563.,ICICI Bank,open
56,56,2026-06-11T04:14:52,101293.22,I received a call claiming to be from ICICI Bank customer support and was asked to share an OTP. Rs 101293 was debited from my account without my consent. The transaction reference mentions IFSC ICIC05826.,ICICI Bank,open
57,57,2026-06-25T14:41:23,416794.61,I received a call claiming to be from HDFC Bank customer support and was asked to share an OTP. Rs 416794 was debited from my account without my consent. The transaction reference mentions IFSC HDFC04104.,HDFC Bank,open
58,58,2026-08-12T04:27:16,277028.61,An unknown person posing as a HDFC Bank official convinced me to make a 'verification transfer' of Rs 277028. I later found the beneficiary IFSC was HDFC03838 and the number is no longer reachable.,HDFC Bank,open
59,59,2026-07-11T04:04:15,450563.51,I was tricked into installing a remote-access app after a fake HDFC Bank KYC update message. Rs 450563 was transferred out immediately. Bank IFSC on the receiving account appears to be HDFC03921.,HDFC Bank,open
60,60,2026-08-17T00:18:57,42154.88,My HDFC Bank debit card details were compromised after a phishing SMS. Rs 42154 was withdrawn/transferred without authorization. Reference IFSC noted on the statement: HDFC06568.,HDFC Bank,open
61,61,2026-07-15T15:10:05,137717.95,My ICICI Bank debit card details were compromised after a phishing SMS. Rs 137717 was withdrawn/transferred without authorization. Reference IFSC noted on the statement: ICIC04183.,ICICI Bank,open
62,62,2026-08-19T00:44:49,200276.75,I was tricked into installing a remote-access app after a fake State Bank of India KYC update message. Rs 200276 was transferred out immediately. Bank IFSC on the receiving account appears to be SBIN00574.,State Bank of India,open
63,63,2026-06-03T22:21:51,456024.43,My HDFC Bank debit card details were compromised after a phishing SMS. Rs 456024 was withdrawn/transferred without authorization. Reference IFSC noted on the statement: HDFC00013.,HDFC Bank,open
64,64,2026-08-30T01:32:17,175375.53,An unknown person posing as a Punjab National Bank official convinced me to make a 'verification transfer' of Rs 175375. I later found the beneficiary IFSC was PUNB05593 and the number is no longer reachable.,Punjab National Bank,open
65,65,2026-06-25T16:53:33,461952.18,I received a call claiming to be from ICICI Bank customer support and was asked to share an OTP. Rs 461952 was debited from my account without my consent. The transaction reference mentions IFSC ICIC06185.,ICICI Bank,open
66,66,2026-06-12T12:55:25,417467.08,I was tricked into installing a remote-access app after a fake Bank of Baroda KYC update message. Rs 417467 was transferred out immediately. Bank IFSC on the receiving account appears to be BARB03892.,Bank of Baroda,open
67,67,2026-08-23T01:46:34,332142.45,An unknown person posing as a State Bank of India official convinced me to make a 'verification transfer' of Rs 332142. I later found the beneficiary IFSC was SBIN03362 and the number is no longer reachable.,State Bank of India,open
68,68,2026-06-11T15:58:37,353614.51,My ICICI Bank debit card details were compromised after a phishing SMS. Rs 353614 was withdrawn/transferred without authorization. Reference IFSC noted on the statement: ICIC05958.,ICICI Bank,open
69,69,2026-08-30T01:28:05,482915.7,My HDFC Bank debit card details were compromised after a phishing SMS. Rs 482915 was withdrawn/transferred without authorization. Reference IFSC noted on the statement: HDFC08145.,HDFC Bank,open
70,70,2026-06-21T01:05:33,67635.58,An unknown person posing as a Punjab National Bank official convinced me to make a 'verification transfer' of Rs 67635. I later found the beneficiary IFSC was PUNB08181 and the number is no longer reachable.,Punjab National Bank,open
71,71,2026-06-25T16:30:41,400247.18,I received a call claiming to be from ICICI Bank customer support and was asked to share an OTP. Rs 400247 was debited from my account without my consent. The transaction reference mentions IFSC ICIC01643.,ICICI Bank,open
72,72,2026-08-21T05:28:15,353873.71,I was tricked into installing a remote-access app after a fake State Bank of India KYC update message. Rs 353873 was transferred out immediately. Bank IFSC on the receiving account appears to be SBIN07304.,State Bank of India,open
73,73,2026-07-27T08:40:56,90981.7,My State Bank of India debit card details were compromised after a phishing SMS. Rs 90981 was withdrawn/transferred without authorization. Reference IFSC noted on the statement: SBIN08811.,State Bank of India,open
74,74,2026-08-09T15:48:11,9172.23,I received a call claiming to be from ICICI Bank customer support and was asked to share an OTP. Rs 9172 was debited from my account without my consent. The transaction reference mentions IFSC ICIC02319.,ICICI Bank,open
75,75,2026-06-11T09:45:55,477601.99,I was tricked into installing a remote-access app after a fake HDFC Bank KYC update message. Rs 477601 was transferred out immediately. Bank IFSC on the receiving account appears to be HDFC02517.,HDFC Bank,open
76,76,2026-07-14T16:19:28,348756.99,I received a call claiming to be from Axis Bank customer support and was asked to share an OTP. Rs 348756 was debited from my account without my consent. The transaction reference mentions IFSC UTIB00577.,Axis Bank,open
77,77,2026-08-12T03:53:05,257111.46,I was tricked into installing a remote-access app after a fake State Bank of India KYC update message. Rs 257111 was transferred out immediately. Bank IFSC on the receiving account appears to be SBIN08170.,State Bank of India,open
78,78,2026-08-12T03:36:59,412529.96,An unknown person posing as a Axis Bank official convinced me to make a 'verification transfer' of Rs 412529. I later found the beneficiary IFSC was UTIB08024 and the number is no longer reachable.,Axis Bank,open
79,79,2026-08-16T19:54:57,440010.05,I received a call claiming to be from Bank of Baroda customer support and was asked to share an OTP. Rs 440010 was debited from my account without my consent. The transaction reference mentions IFSC BARB09190.,Bank of Baroda,open
80,80,2026-06-16T07:30:54,63047.84,I received a call claiming to be from HDFC Bank customer support and was asked to share an OTP. Rs 63047 was debited from my account without my consent. The transaction reference mentions IFSC HDFC05503.,HDFC Bank,open
81,81,2026-07-27T06:40:15,477697.76,My Punjab National Bank debit card details were compromised after a phishing SMS. Rs 477697 was withdrawn/transferred without authorization. Reference IFSC noted on the statement: PUNB09060.,Punjab National Bank,open
82,82,2026-07-01T21:47:15,50771.12,I received a call claiming to be from State Bank of India customer support and was asked to share an OTP. Rs 50771 was debited from my account without my consent. The transaction reference mentions IFSC SBIN05353.,State Bank of India,open
83,83,2026-06-15T18:40:09,460722.0,An unknown person posing as a Axis Bank official convinced me to make a 'verification transfer' of Rs 460722. I later found the beneficiary IFSC was UTIB05273 and the number is no longer reachable.,Axis Bank,open
84,84,2026-06-28T20:33:56,334451.52,I received a call claiming to be from State Bank of India customer support and was asked to share an OTP. Rs 334451 was debited from my account without my consent. The transaction reference mentions IFSC SBIN01232.,State Bank of India,open
85,85,2026-08-20T14:27:18,483364.47,My ICICI Bank debit card details were compromised after a phishing SMS. Rs 483364 was withdrawn/transferred without authorization. Reference IFSC noted on the statement: ICIC01768.,ICICI Bank,open
86,86,2026-07-16T22:52:49,236205.35,I was tricked into installing a remote-access app after a fake HDFC Bank KYC update message. Rs 236205 was transferred out immediately. Bank IFSC on the receiving account appears to be HDFC03543.,HDFC Bank,open
87,87,2026-08-15T03:48:25,101804.57,I received a call claiming to be from HDFC Bank customer support and was asked to share an OTP. Rs 101804 was debited from my account without my consent. The transaction reference mentions IFSC HDFC08849.,HDFC Bank,open
88,88,2026-06-01T09:45:59,412778.84,I received a call claiming to be from Punjab National Bank customer support and was asked to share an OTP. Rs 412778 was debited from my account without my consent. The transaction reference mentions IFSC PUNB01140.,Punjab National Bank,open
89,89,2026-08-24T05:02:19,185506.0,I received a call claiming to be from Axis Bank customer support and was asked to share an OTP. Rs 185506 was debited from my account without my consent. The transaction reference mentions IFSC UTIB07279.,Axis Bank,open
90,90,2026-06-04T23:01:04,226467.31,An unknown person posing as a ICICI Bank official convinced me to make a 'verification transfer' of Rs 226467. I later found the beneficiary IFSC was ICIC03236 and the number is no longer reachable.,ICICI Bank,open
91,91,2026-06-06T07:58:11,369220.94,An unknown person posing as a HDFC Bank official convinced me to make a 'verification transfer' of Rs 369220. I later found the beneficiary IFSC was HDFC03198 and the number is no longer reachable.,HDFC Bank,open
92,92,2026-08-08T20:28:41,148946.82,My ICICI Bank debit card details were compromised after a phishing SMS. Rs 148946 was withdrawn/transferred without authorization. Reference IFSC noted on the statement: ICIC06427.,ICICI Bank,open
93,93,2026-06-16T00:37:38,191308.37,An unknown person posing as a ICICI Bank official convinced me to make a 'verification transfer' of Rs 191308. I later found the beneficiary IFSC was ICIC06772 and the number is no longer reachable.,ICICI Bank,open
94,94,2026-08-26T09:02:51,223938.74,My HDFC Bank debit card details were compromised after a phishing SMS. Rs 223938 was withdrawn/transferred without authorization. Reference IFSC noted on the statement: HDFC02884.,HDFC Bank,open
95,95,2026-07-29T23:18:05,30798.52,I received a call claiming to be from ICICI Bank customer support and was asked to share an OTP. Rs 30798 was debited from my account without my consent. The transaction reference mentions IFSC ICIC05089.,ICICI Bank,open
96,96,2026-07-28T03:48:05,353709.53,I was tricked into installing a remote-access app after a fake Bank of Baroda KYC update message. Rs 353709 was transferred out immediately. Bank IFSC on the receiving account appears to be BARB02271.,Bank of Baroda,open
97,97,2026-06-11T04:54:30,418595.12,I was tricked into installing a remote-access app after a fake ICICI Bank KYC update message. Rs 418595 was transferred out immediately. Bank IFSC on the receiving account appears to be ICIC06471.,ICICI Bank,open
98,98,2026-08-22T19:11:41,61000.57,I received a call claiming to be from ICICI Bank customer support and was asked to share an OTP. Rs 61000 was debited from my account without my consent. The transaction reference mentions IFSC ICIC02599.,ICICI Bank,open
99,99,2026-07-09T09:09:59,324711.42,My State Bank of India debit card details were compromised after a phishing SMS. Rs 324711 was withdrawn/transferred without authorization. Reference IFSC noted on the statement: SBIN04067.,State Bank of India,open
100,100,2026-07-04T20:03:15,478773.62,I was tricked into installing a remote-access app after a fake State Bank of India KYC update message. Rs 478773 was transferred out immediately. Bank IFSC on the receiving account appears to be SBIN05450.,State Bank of India,open
101,101,2026-08-20T20:32:04,483129.45,I received a call claiming to be from State Bank of India customer support and was asked to share an OTP. Rs 483129 was debited from my account without my consent. The transaction reference mentions IFSC SBIN02376.,State Bank of India,open
102,102,2026-06-10T21:41:44,243400.7,I received a call claiming to be from HDFC Bank customer support and was asked to share an OTP. Rs 243400 was debited from my account without my consent. The transaction reference mentions IFSC HDFC09617.,HDFC Bank,open
103,103,2026-06-30T09:43:32,122692.58,I was tricked into installing a remote-access app after a fake State Bank of India KYC update message. Rs 122692 was transferred out immediately. Bank IFSC on the receiving account appears to be SBIN04581.,State Bank of India,open
104,104,2026-07-13T02:20:04,141093.87,I was tricked into installing a remote-access app after a fake Axis Bank KYC update message. Rs 141093 was transferred out immediately. Bank IFSC on the receiving account appears to be UTIB06208.,Axis Bank,open
105,105,2026-06-17T19:51:19,278472.96,My State Bank of India debit card details were compromised after a phishing SMS. Rs 278472 was withdrawn/transferred without authorization. Reference IFSC noted on the statement: SBIN06270.,State Bank of India,open
106,106,2026-06-14T02:43:56,84359.44,My ICICI Bank debit card details were compromised after a phishing SMS. Rs 84359 was withdrawn/transferred without authorization. Reference IFSC noted on the statement: ICIC04616.,ICICI Bank,open
107,107,2026-06-02T04:57:57,323242.49,I was tricked into installing a remote-access app after a fake Axis Bank KYC update message. Rs 323242 was transferred out immediately. Bank IFSC on the receiving account appears to be UTIB07768.,Axis Bank,open
108,108,2026-06-17T17:48:14,153390.97,My HDFC Bank debit card details were compromised after a phishing SMS. Rs 153390 was withdrawn/transferred without authorization. Reference IFSC noted on the statement: HDFC09479.,HDFC Bank,open
109,109,2026-07-17T23:36:04,372249.67,My Bank of Baroda debit card details were compromised after a phishing SMS. Rs 372249 was withdrawn/transferred without authorization. Reference IFSC noted on the statement: BARB00476.,Bank of Baroda,open
110,110,2026-08-25T22:35:55,348533.38,An unknown person posing as a Punjab National Bank official convinced me to make a 'verification transfer' of Rs 348533. I later found the beneficiary IFSC was PUNB05078 and the number is no longer reachable.,Punjab National Bank,open
111,111,2026-07-24T06:06:18,466842.9,I was tricked into installing a remote-access app after a fake ICICI Bank KYC update message. Rs 466842 was transferred out immediately. Bank IFSC on the receiving account appears to be ICIC08590.,ICICI Bank,open
112,112,2026-08-06T07:01:31,363027.8,I was tricked into installing a remote-access app after a fake Punjab National Bank KYC update message. Rs 363027 was transferred out immediately. Bank IFSC on the receiving account appears to be PUNB08919.,Punjab National Bank,open
113,113,2026-08-05T13:23:49,386685.94,I received a call claiming to be from HDFC Bank customer support and was asked to share an OTP. Rs 386685 was debited from my account without my consent. The transaction reference mentions IFSC HDFC09587.,HDFC Bank,open
114,114,2026-07-05T05:32:40,442098.95,An unknown person posing as a State Bank of India official convinced me to make a 'verification transfer' of Rs 442098. I later found the beneficiary IFSC was SBIN00370 and the number is no longer reachable.,State Bank of India,open
115,115,2026-08-21T22:16:55,265655.78,I received a call claiming to be from Punjab National Bank customer support and was asked to share an OTP. Rs 265655 was debited from my account without my consent. The transaction reference mentions IFSC PUNB06919.,Punjab National Bank,open
116,116,2026-08-02T19:56:34,130275.47,I received a call claiming to be from Punjab National Bank customer support and was asked to share an OTP. Rs 130275 was debited from my account without my consent. The transaction reference mentions IFSC PUNB09123.,Punjab National Bank,open
117,117,2026-07-20T21:38:52,378180.12,I was tricked into installing a remote-access app after a fake Punjab National Bank KYC update message. Rs 378180 was transferred out immediately. Bank IFSC on the receiving account appears to be PUNB01597.,Punjab National Bank,open
118,118,2026-08-28T11:38:54,428383.13,I received a call claiming to be from Axis Bank customer support and was asked to share an OTP. Rs 428383 was debited from my account without my consent. The transaction reference mentions IFSC UTIB07996.,Axis Bank,open
119,119,2026-06-25T19:11:41,131129.44,I was tricked into installing a remote-access app after a fake HDFC Bank KYC update message. Rs 131129 was transferred out immediately. Bank IFSC on the receiving account appears to be HDFC06000.,HDFC Bank,open
120,120,2026-07-28T10:08:50,308384.29,I received a call claiming to be from HDFC Bank customer support and was asked to share an OTP. Rs 308384 was debited from my account without my consent. The transaction reference mentions IFSC HDFC08235.,HDFC Bank,open
121,121,2026-07-10T17:07:57,54749.5,My ICICI Bank debit card details were compromised after a phishing SMS. Rs 54749 was withdrawn/transferred without authorization. Reference IFSC noted on the statement: ICIC04125.,ICICI Bank,open
122,122,2026-07-28T10:38:41,103146.6,My ICICI Bank debit card details were compromised after a phishing SMS. Rs 103146 was withdrawn/transferred without authorization. Reference IFSC noted on the statement: ICIC06078.,ICICI Bank,open
123,123,2026-06-04T14:25:01,304484.18,My Punjab National Bank debit card details were compromised after a phishing SMS. Rs 304484 was withdrawn/transferred without authorization. Reference IFSC noted on the statement: PUNB05391.,Punjab National Bank,open
124,124,2026-07-09T05:17:07,385627.99,I was tricked into installing a remote-access app after a fake State Bank of India KYC update message. Rs 385627 was transferred out immediately. Bank IFSC on the receiving account appears to be SBIN06529.,State Bank of India,open
125,125,2026-06-05T09:35:13,300307.53,My HDFC Bank debit card details were compromised after a phishing SMS. Rs 300307 was withdrawn/transferred without authorization. Reference IFSC noted on the statement: HDFC06115.,HDFC Bank,open
126,126,2026-06-27T19:59:21,184862.44,An unknown person posing as a State Bank of India official convinced me to make a 'verification transfer' of Rs 184862. I later found the beneficiary IFSC was SBIN06199 and the number is no longer reachable.,State Bank of India,open
127,127,2026-08-18T22:19:16,279984.39,I received a call claiming to be from ICICI Bank customer support and was asked to share an OTP. Rs 279984 was debited from my account without my consent. The transaction reference mentions IFSC ICIC02816.,ICICI Bank,open
128,128,2026-08-07T14:03:45,300740.63,An unknown person posing as a Axis Bank official convinced me to make a 'verification transfer' of Rs 300740. I later found the beneficiary IFSC was UTIB05449 and the number is no longer reachable.,Axis Bank,open
129,129,2026-06-16T05:36:14,434143.13,An unknown person posing as a HDFC Bank official convinced me to make a 'verification transfer' of Rs 434143. I later found the beneficiary IFSC was HDFC08607 and the number is no longer reachable.,HDFC Bank,open
130,130,2026-07-04T16:14:40,265646.86,An unknown person posing as a Bank of Baroda official convinced me to make a 'verification transfer' of Rs 265646. I later found the beneficiary IFSC was BARB03157 and the number is no longer reachable.,Bank of Baroda,open
131,131,2026-07-09T15:26:07,275734.62,I received a call claiming to be from State Bank of India customer support and was asked to share an OTP. Rs 275734 was debited from my account without my consent. The transaction reference mentions IFSC SBIN09220.,State Bank of India,open
132,132,2026-06-26T01:51:10,86842.26,I received a call claiming to be from ICICI Bank customer support and was asked to share an OTP. Rs 86842 was debited from my account without my consent. The transaction reference mentions IFSC ICIC01693.,ICICI Bank,open
133,133,2026-07-26T07:56:45,346414.46,I was tricked into installing a remote-access app after a fake Axis Bank KYC update message. Rs 346414 was transferred out immediately. Bank IFSC on the receiving account appears to be UTIB02777.,Axis Bank,open
134,134,2026-08-01T04:24:46,147393.65,I was tricked into installing a remote-access app after a fake Punjab National Bank KYC update message. Rs 147393 was transferred out immediately. Bank IFSC on the receiving account appears to be PUNB06762.,Punjab National Bank,open
135,135,2026-07-28T03:02:35,350996.5,An unknown person posing as a Bank of Baroda official convinced me to make a 'verification transfer' of Rs 350996. I later found the beneficiary IFSC was BARB05049 and the number is no longer reachable.,Bank of Baroda,open
136,136,2026-06-01T22:57:39,351402.61,I was tricked into installing a remote-access app after a fake Bank of Baroda KYC update message. Rs 351402 was transferred out immediately. Bank IFSC on the receiving account appears to be BARB05678.,Bank of Baroda,open
137,137,2026-07-16T09:26:38,375058.73,I was tricked into installing a remote-access app after a fake Axis Bank KYC update message. Rs 375058 was transferred out immediately. Bank IFSC on the receiving account appears to be UTIB08309.,Axis Bank,open
138,138,2026-07-02T07:25:05,167250.24,I was tricked into installing a remote-access app after a fake Axis Bank KYC update message. Rs 167250 was transferred out immediately. Bank IFSC on the receiving account appears to be UTIB04051.,Axis Bank,open
139,139,2026-08-19T18:25:16,237626.23,I received a call claiming to be from HDFC Bank customer support and was asked to share an OTP. Rs 237626 was debited from my account without my consent. The transaction reference mentions IFSC HDFC05089.,HDFC Bank,open
140,140,2026-07-30T11:31:13,138799.39,My ICICI Bank debit card details were compromised after a phishing SMS. Rs 138799 was withdrawn/transferred without authorization. Reference IFSC noted on the statement: ICIC03940.,ICICI Bank,open
141,141,2026-06-23T01:46:54,52702.67,An unknown person posing as a Bank of Baroda official convinced me to make a 'verification transfer' of Rs 52702. I later found the beneficiary IFSC was BARB08230 and the number is no longer reachable.,Bank of Baroda,open
142,142,2026-06-10T13:53:14,425406.73,My State Bank of India debit card details were compromised after a phishing SMS. Rs 425406 was withdrawn/transferred without authorization. Reference IFSC noted on the statement: SBIN08824.,State Bank of India,open
143,143,2026-08-05T23:45:40,414624.64,An unknown person posing as a Punjab National Bank official convinced me to make a 'verification transfer' of Rs 414624. I later found the beneficiary IFSC was PUNB07795 and the number is no longer reachable.,Punjab National Bank,open
144,144,2026-07-07T18:46:54,257414.24,I received a call claiming to be from Axis Bank customer support and was asked to share an OTP. Rs 257414 was debited from my account without my consent. The transaction reference mentions IFSC UTIB02396.,Axis Bank,open
145,145,2026-06-22T07:20:47,243118.58,I received a call claiming to be from Axis Bank customer support and was asked to share an OTP. Rs 243118 was debited from my account without my consent. The transaction reference mentions IFSC UTIB03506.,Axis Bank,open
146,146,2026-06-13T11:25:12,323635.19,An unknown person posing as a State Bank of India official convinced me to make a 'verification transfer' of Rs 323635. I later found the beneficiary IFSC was SBIN01470 and the number is no longer reachable.,State Bank of India,open
147,147,2026-07-12T18:03:53,258627.17,I was tricked into installing a remote-access app after a fake HDFC Bank KYC update message. Rs 258627 was transferred out immediately. Bank IFSC on the receiving account appears to be HDFC09573.,HDFC Bank,open
148,148,2026-08-19T20:22:15,117250.48,I was tricked into installing a remote-access app after a fake Axis Bank KYC update message. Rs 117250 was transferred out immediately. Bank IFSC on the receiving account appears to be UTIB04467.,Axis Bank,open
149,149,2026-08-03T04:43:10,417893.95,My Axis Bank debit card details were compromised after a phishing SMS. Rs 417893 was withdrawn/transferred without authorization. Reference IFSC noted on the statement: UTIB04029.,Axis Bank,open
150,150,2026-06-01T03:29:06,74077.18,I received a call claiming to be from ICICI Bank customer support and was asked to share an OTP. Rs 74077 was debited from my account without my consent. The transaction reference mentions IFSC ICIC01376.,ICICI Bank,open
151,151,2026-08-22T16:03:36,200749.18,My ICICI Bank debit card details were compromised after a phishing SMS. Rs 200749 was withdrawn/transferred without authorization. Reference IFSC noted on the statement: ICIC09559.,ICICI Bank,open
152,152,2026-07-22T19:01:01,455749.46,I was tricked into installing a remote-access app after a fake ICICI Bank KYC update message. Rs 455749 was transferred out immediately. Bank IFSC on the receiving account appears to be ICIC02511.,ICICI Bank,open
153,153,2026-07-19T17:51:27,30541.16,I was tricked into installing a remote-access app after a fake Axis Bank KYC update message. Rs 30541 was transferred out immediately. Bank IFSC on the receiving account appears to be UTIB01078.,Axis Bank,open
154,154,2026-07-10T05:57:27,21453.98,An unknown person posing as a HDFC Bank official convinced me to make a 'verification transfer' of Rs 21453. I later found the beneficiary IFSC was HDFC01142 and the number is no longer reachable.,HDFC Bank,open
155,155,2026-08-24T19:01:38,488770.95,An unknown person posing as a HDFC Bank official convinced me to make a 'verification transfer' of Rs 488770. I later found the beneficiary IFSC was HDFC08433 and the number is no longer reachable.,HDFC Bank,open
156,156,2026-07-12T16:08:38,397560.38,My Bank of Baroda debit card details were compromised after a phishing SMS. Rs 397560 was withdrawn/transferred without authorization. Reference IFSC noted on the statement: BARB03498.,Bank of Baroda,open
157,157,2026-06-26T21:13:31,239002.6,I was tricked into installing a remote-access app after a fake Bank of Baroda KYC update message. Rs 239002 was transferred out immediately. Bank IFSC on the receiving account appears to be BARB05389.,Bank of Baroda,open
158,158,2026-07-24T06:09:52,167619.19,I received a call claiming to be from Punjab National Bank customer support and was asked to share an OTP. Rs 167619 was debited from my account without my consent. The transaction reference mentions IFSC PUNB06153.,Punjab National Bank,open
159,159,2026-07-08T12:50:14,367298.17,I was tricked into installing a remote-access app after a fake HDFC Bank KYC update message. Rs 367298 was transferred out immediately. Bank IFSC on the receiving account appears to be HDFC06456.,HDFC Bank,open
160,160,2026-08-06T05:00:26,445058.36,An unknown person posing as a HDFC Bank official convinced me to make a 'verification transfer' of Rs 445058. I later found the beneficiary IFSC was HDFC09013 and the number is no longer reachable.,HDFC Bank,open
161,161,2026-06-11T08:02:14,203226.06,My Punjab National Bank debit card details were compromised after a phishing SMS. Rs 203226 was withdrawn/transferred without authorization. Reference IFSC noted on the statement: PUNB06168.,Punjab National Bank,open
162,162,2026-08-21T13:54:43,469909.65,I received a call claiming to be from Bank of Baroda customer support and was asked to share an OTP. Rs 469909 was debited from my account without my consent. The transaction reference mentions IFSC BARB09402.,Bank of Baroda,open
163,163,2026-07-29T23:05:48,40515.06,An unknown person posing as a ICICI Bank official convinced me to make a 'verification transfer' of Rs 40515. I later found the beneficiary IFSC was ICIC00131 and the number is no longer reachable.,ICICI Bank,open
164,164,2026-07-21T14:36:12,265227.35,An unknown person posing as a Axis Bank official convinced me to make a 'verification transfer' of Rs 265227. I later found the beneficiary IFSC was UTIB06355 and the number is no longer reachable.,Axis Bank,open
165,165,2026-07-20T10:37:28,325899.58,An unknown person posing as a Bank of Baroda official convinced me to make a 'verification transfer' of Rs 325899. I later found the beneficiary IFSC was BARB01728 and the number is no longer reachable.,Bank of Baroda,open
166,166,2026-07-05T18:00:15,499962.24,I received a call claiming to be from ICICI Bank customer support and was asked to share an OTP. Rs 499962 was debited from my account without my consent. The transaction reference mentions IFSC ICIC05357.,ICICI Bank,open
167,167,2026-06-30T06:02:19,43214.64,I received a call claiming to be from HDFC Bank customer support and was asked to share an OTP. Rs 43214 was debited from my account without my consent. The transaction reference mentions IFSC HDFC02188.,HDFC Bank,open
168,168,2026-07-04T14:17:14,457908.45,I received a call claiming to be from Bank of Baroda customer support and was asked to share an OTP. Rs 457908 was debited from my account without my consent. The transaction reference mentions IFSC BARB04528.,Bank of Baroda,open
169,169,2026-06-30T13:53:55,295934.22,My ICICI Bank debit card details were compromised after a phishing SMS. Rs 295934 was withdrawn/transferred without authorization. Reference IFSC noted on the statement: ICIC07250.,ICICI Bank,open
170,170,2026-06-28T11:05:16,423693.05,An unknown person posing as a ICICI Bank official convinced me to make a 'verification transfer' of Rs 423693. I later found the beneficiary IFSC was ICIC05231 and the number is no longer reachable.,ICICI Bank,open
171,171,2026-06-09T16:16:51,206599.1,I received a call claiming to be from ICICI Bank customer support and was asked to share an OTP. Rs 206599 was debited from my account without my consent. The transaction reference mentions IFSC ICIC03139.,ICICI Bank,open
172,172,2026-06-06T19:36:19,324833.19,An unknown person posing as a Bank of Baroda official convinced me to make a 'verification transfer' of Rs 324833. I later found the beneficiary IFSC was BARB05940 and the number is no longer reachable.,Bank of Baroda,open
173,173,2026-08-14T03:45:47,179608.16,I received a call claiming to be from HDFC Bank customer support and was asked to share an OTP. Rs 179608 was debited from my account without my consent. The transaction reference mentions IFSC HDFC09281.,HDFC Bank,open
174,174,2026-07-23T08:18:47,181089.19,An unknown person posing as a Punjab National Bank official convinced me to make a 'verification transfer' of Rs 181089. I later found the beneficiary IFSC was PUNB03000 and the number is no longer reachable.,Punjab National Bank,open
175,175,2026-08-18T18:40:46,343090.58,I was tricked into installing a remote-access app after a fake ICICI Bank KYC update message. Rs 343090 was transferred out immediately. Bank IFSC on the receiving account appears to be ICIC06642.,ICICI Bank,open
176,176,2026-06-17T03:23:05,142947.62,I received a call claiming to be from ICICI Bank customer support and was asked to share an OTP. Rs 142947 was debited from my account without my consent. The transaction reference mentions IFSC ICIC02062.,ICICI Bank,open
177,177,2026-07-24T09:50:05,492063.17,I was tricked into installing a remote-access app after a fake HDFC Bank KYC update message. Rs 492063 was transferred out immediately. Bank IFSC on the receiving account appears to be HDFC09821.,HDFC Bank,open
178,178,2026-06-14T10:44:59,442224.02,I was tricked into installing a remote-access app after a fake HDFC Bank KYC update message. Rs 442224 was transferred out immediately. Bank IFSC on the receiving account appears to be HDFC03679.,HDFC Bank,open
179,179,2026-06-26T09:27:28,312707.66,I received a call claiming to be from Bank of Baroda customer support and was asked to share an OTP. Rs 312707 was debited from my account without my consent. The transaction reference mentions IFSC BARB08038.,Bank of Baroda,open
180,180,2026-07-02T03:49:53,179370.49,I received a call claiming to be from Punjab National Bank customer support and was asked to share an OTP. Rs 179370 was debited from my account without my consent. The transaction reference mentions IFSC PUNB02716.,Punjab National Bank,open
181,181,2026-06-08T07:58:28,240862.75,I was tricked into installing a remote-access app after a fake HDFC Bank KYC update message. Rs 240862 was transferred out immediately. Bank IFSC on the receiving account appears to be HDFC09982.,HDFC Bank,open
182,182,2026-08-28T04:36:36,413737.25,I was tricked into installing a remote-access app after a fake State Bank of India KYC update message. Rs 413737 was transferred out immediately. Bank IFSC on the receiving account appears to be SBIN00873.,State Bank of India,open
183,183,2026-07-15T09:39:28,454163.01,My Axis Bank debit card details were compromised after a phishing SMS. Rs 454163 was withdrawn/transferred without authorization. Reference IFSC noted on the statement: UTIB01961.,Axis Bank,open
184,184,2026-08-21T20:17:45,420614.88,I was tricked into installing a remote-access app after a fake Axis Bank KYC update message. Rs 420614 was transferred out immediately. Bank IFSC on the receiving account appears to be UTIB06015.,Axis Bank,open
185,185,2026-08-24T17:38:51,280371.28,My Bank of Baroda debit card details were compromised after a phishing SMS. Rs 280371 was withdrawn/transferred without authorization. Reference IFSC noted on the statement: BARB06432.,Bank of Baroda,open
186,186,2026-06-12T03:42:05,155576.13,I was tricked into installing a remote-access app after a fake HDFC Bank KYC update message. Rs 155576 was transferred out immediately. Bank IFSC on the receiving account appears to be HDFC05636.,HDFC Bank,open
187,187,2026-07-04T11:07:52,274158.79,I was tricked into installing a remote-access app after a fake State Bank of India KYC update message. Rs 274158 was transferred out immediately. Bank IFSC on the receiving account appears to be SBIN02681.,State Bank of India,open
188,188,2026-08-13T16:03:10,157670.24,I was tricked into installing a remote-access app after a fake HDFC Bank KYC update message. Rs 157670 was transferred out immediately. Bank IFSC on the receiving account appears to be HDFC06368.,HDFC Bank,open
189,189,2026-07-26T15:17:04,458804.47,An unknown person posing as a Axis Bank official convinced me to make a 'verification transfer' of Rs 458804. I later found the beneficiary IFSC was UTIB00838 and the number is no longer reachable.,Axis Bank,open
190,190,2026-08-04T03:16:44,61504.62,My ICICI Bank debit card details were compromised after a phishing SMS. Rs 61504 was withdrawn/transferred without authorization. Reference IFSC noted on the statement: ICIC00302.,ICICI Bank,open
191,191,2026-08-21T08:16:52,63937.78,My Punjab National Bank debit card details were compromised after a phishing SMS. Rs 63937 was withdrawn/transferred without authorization. Reference IFSC noted on the statement: PUNB05374.,Punjab National Bank,open
192,192,2026-08-05T03:25:40,217423.0,I was tricked into installing a remote-access app after a fake Bank of Baroda KYC update message. Rs 217423 was transferred out immediately. Bank IFSC on the receiving account appears to be BARB06736.,Bank of Baroda,open
193,193,2026-07-05T19:09:31,16770.7,I was tricked into installing a remote-access app after a fake Punjab National Bank KYC update message. Rs 16770 was transferred out immediately. Bank IFSC on the receiving account appears to be PUNB09077.,Punjab National Bank,open
194,194,2026-07-02T20:10:57,108810.27,I received a call claiming to be from State Bank of India customer support and was asked to share an OTP. Rs 108810 was debited from my account without my consent. The transaction reference mentions IFSC SBIN02359.,State Bank of India,open
195,195,2026-06-27T13:07:54,317800.77,My HDFC Bank debit card details were compromised after a phishing SMS. Rs 317800 was withdrawn/transferred without authorization. Reference IFSC noted on the statement: HDFC02816.,HDFC Bank,open
196,196,2026-07-29T09:43:46,312610.95,I was tricked into installing a remote-access app after a fake ICICI Bank KYC update message. Rs 312610 was transferred out immediately. Bank IFSC on the receiving account appears to be ICIC02673.,ICICI Bank,open
197,197,2026-06-26T04:43:25,131399.09,An unknown person posing as a Bank of Baroda official convinced me to make a 'verification transfer' of Rs 131399. I later found the beneficiary IFSC was BARB03695 and the number is no longer reachable.,Bank of Baroda,open
198,198,2026-08-13T20:08:27,31519.72,My HDFC Bank debit card details were compromised after a phishing SMS. Rs 31519 was withdrawn/transferred without authorization. Reference IFSC noted on the statement: HDFC07074.,HDFC Bank,open
199,199,2026-07-21T04:53:25,202883.7,My HDFC Bank debit card details were compromised after a phishing SMS. Rs 202883 was withdrawn/transferred without authorization. Reference IFSC noted on the statement: HDFC08810.,HDFC Bank,open
200,200,2026-06-05T07:10:00,386619.38,My HDFC Bank debit card details were compromised after a phishing SMS. Rs 386619 was withdrawn/transferred without authorization. Reference IFSC noted on the statement: HDFC09078.,HDFC Bank,open
201,201,2026-06-12T23:47:47,94250.16,My ICICI Bank debit card details were compromised after a phishing SMS. Rs 94250 was withdrawn/transferred without authorization. Reference IFSC noted on the statement: ICIC01927.,ICICI Bank,open
202,202,2026-06-11T10:14:17,101820.61,My HDFC Bank debit card details were compromised after a phishing SMS. Rs 101820 was withdrawn/transferred without authorization. Reference IFSC noted on the statement: HDFC06330.,HDFC Bank,open
203,203,2026-07-24T12:34:18,488593.91,An unknown person posing as a State Bank of India official convinced me to make a 'verification transfer' of Rs 488593. I later found the beneficiary IFSC was SBIN09229 and the number is no longer reachable.,State Bank of India,open
204,204,2026-06-05T05:43:12,48315.03,I received a call claiming to be from Axis Bank customer support and was asked to share an OTP. Rs 48315 was debited from my account without my consent. The transaction reference mentions IFSC UTIB05221.,Axis Bank,open
205,205,2026-07-08T06:09:05,417237.51,I received a call claiming to be from Punjab National Bank customer support and was asked to share an OTP. Rs 417237 was debited from my account without my consent. The transaction reference mentions IFSC PUNB06820.,Punjab National Bank,open
206,206,2026-06-25T05:10:50,240729.7,My HDFC Bank debit card details were compromised after a phishing SMS. Rs 240729 was withdrawn/transferred without authorization. Reference IFSC noted on the statement: HDFC04392.,HDFC Bank,open
207,207,2026-06-27T03:13:20,53345.6,My State Bank of India debit card details were compromised after a phishing SMS. Rs 53345 was withdrawn/transferred without authorization. Reference IFSC noted on the statement: SBIN04598.,State Bank of India,open
208,208,2026-08-08T12:22:28,72362.29,I was tricked into installing a remote-access app after a fake Axis Bank KYC update message. Rs 72362 was transferred out immediately. Bank IFSC on the receiving account appears to be UTIB02365.,Axis Bank,open
209,209,2026-07-06T04:51:57,211181.57,I received a call claiming to be from Punjab National Bank customer support and was asked to share an OTP. Rs 211181 was debited from my account without my consent. The transaction reference mentions IFSC PUNB08261.,Punjab National Bank,open
210,210,2026-06-10T17:03:29,286497.16,An unknown person posing as a HDFC Bank official convinced me to make a 'verification transfer' of Rs 286497. I later found the beneficiary IFSC was HDFC06334 and the number is no longer reachable.,HDFC Bank,open
211,211,2026-07-05T19:49:37,15307.66,I received a call claiming to be from Axis Bank customer support and was asked to share an OTP. Rs 15307 was debited from my account without my consent. The transaction reference mentions IFSC UTIB03969.,Axis Bank,open
212,212,2026-06-29T15:13:28,371088.09,I received a call claiming to be from Axis Bank customer support and was asked to share an OTP. Rs 371088 was debited from my account without my consent. The transaction reference mentions IFSC UTIB01497.,Axis Bank,open
213,213,2026-06-22T15:22:14,145622.87,An unknown person posing as a HDFC Bank official convinced me to make a 'verification transfer' of Rs 145622. I later found the beneficiary IFSC was HDFC02861 and the number is no longer reachable.,HDFC Bank,open
214,214,2026-08-14T12:42:24,375584.24,I was tricked into installing a remote-access app after a fake Punjab National Bank KYC update message. Rs 375584 was transferred out immediately. Bank IFSC on the receiving account appears to be PUNB00485.,Punjab National Bank,open
215,215,2026-07-24T10:16:26,40609.95,I was tricked into installing a remote-access app after a fake Axis Bank KYC update message. Rs 40609 was transferred out immediately. Bank IFSC on the receiving account appears to be UTIB06263.,Axis Bank,open
216,216,2026-08-13T20:29:49,393084.04,My ICICI Bank debit card details were compromised after a phishing SMS. Rs 393084 was withdrawn/transferred without authorization. Reference IFSC noted on the statement: ICIC03309.,ICICI Bank,open
217,217,2026-07-14T08:58:38,492007.4,My State Bank of India debit card details were compromised after a phishing SMS. Rs 492007 was withdrawn/transferred without authorization. Reference IFSC noted on the statement: SBIN05118.,State Bank of India,open
218,218,2026-08-10T05:17:57,308984.5,My HDFC Bank debit card details were compromised after a phishing SMS. Rs 308984 was withdrawn/transferred without authorization. Reference IFSC noted on the statement: HDFC06405.,HDFC Bank,open
219,219,2026-07-17T09:09:05,367950.01,My Punjab National Bank debit card details were compromised after a phishing SMS. Rs 367950 was withdrawn/transferred without authorization. Reference IFSC noted on the statement: PUNB03518.,Punjab National Bank,open
220,220,2026-08-04T08:51:05,88054.83,An unknown person posing as a Axis Bank official convinced me to make a 'verification transfer' of Rs 88054. I later found the beneficiary IFSC was UTIB05816 and the number is no longer reachable.,Axis Bank,open
221,221,2026-06-11T19:52:31,346123.01,My Bank of Baroda debit card details were compromised after a phishing SMS. Rs 346123 was withdrawn/transferred without authorization. Reference IFSC noted on the statement: BARB01331.,Bank of Baroda,open
222,222,2026-07-16T10:42:07,206354.73,An unknown person posing as a Axis Bank official convinced me to make a 'verification transfer' of Rs 206354. I later found the beneficiary IFSC was UTIB01910 and the number is no longer reachable.,Axis Bank,open
223,223,2026-06-16T10:16:16,20086.11,My Punjab National Bank debit card details were compromised after a phishing SMS. Rs 20086 was withdrawn/transferred without authorization. Reference IFSC noted on the statement: PUNB00322.,Punjab National Bank,open
224,224,2026-08-19T07:36:00,193151.15,I received a call claiming to be from ICICI Bank customer support and was asked to share an OTP. Rs 193151 was debited from my account without my consent. The transaction reference mentions IFSC ICIC08985.,ICICI Bank,open
225,225,2026-07-12T18:14:02,325341.39,I received a call claiming to be from HDFC Bank customer support and was asked to share an OTP. Rs 325341 was debited from my account without my consent. The transaction reference mentions IFSC HDFC03514.,HDFC Bank,open
226,226,2026-06-22T18:38:26,321604.34,My ICICI Bank debit card details were compromised after a phishing SMS. Rs 321604 was withdrawn/transferred without authorization. Reference IFSC noted on the statement: ICIC02925.,ICICI Bank,open
227,227,2026-07-31T06:56:16,474799.58,An unknown person posing as a Bank of Baroda official convinced me to make a 'verification transfer' of Rs 474799. I later found the beneficiary IFSC was BARB09289 and the number is no longer reachable.,Bank of Baroda,open
228,228,2026-08-16T15:13:36,182304.27,My State Bank of India debit card details were compromised after a phishing SMS. Rs 182304 was withdrawn/transferred without authorization. Reference IFSC noted on the statement: SBIN03015.,State Bank of India,open
229,229,2026-08-19T00:32:05,105970.73,An unknown person posing as a State Bank of India official convinced me to make a 'verification transfer' of Rs 105970. I later found the beneficiary IFSC was SBIN03926 and the number is no longer reachable.,State Bank of India,open
230,230,2026-06-19T05:07:22,490652.01,An unknown person posing as a Axis Bank official convinced me to make a 'verification transfer' of Rs 490652. I later found the beneficiary IFSC was UTIB04607 and the number is no longer reachable.,Axis Bank,open
231,231,2026-08-30T03:44:07,141418.36,An unknown person posing as a ICICI Bank official convinced me to make a 'verification transfer' of Rs 141418. I later found the beneficiary IFSC was ICIC03436 and the number is no longer reachable.,ICICI Bank,open
232,232,2026-06-14T10:42:40,475124.58,An unknown person posing as a Punjab National Bank official convinced me to make a 'verification transfer' of Rs 475124. I later found the beneficiary IFSC was PUNB06413 and the number is no longer reachable.,Punjab National Bank,open
233,233,2026-07-20T12:42:08,53371.92,I received a call claiming to be from Axis Bank customer support and was asked to share an OTP. Rs 53371 was debited from my account without my consent. The transaction reference mentions IFSC UTIB04697.,Axis Bank,open
234,234,2026-06-09T13:28:27,232758.08,I was tricked into installing a remote-access app after a fake Axis Bank KYC update message. Rs 232758 was transferred out immediately. Bank IFSC on the receiving account appears to be UTIB01593.,Axis Bank,open
235,235,2026-08-19T01:09:49,175975.95,My Bank of Baroda debit card details were compromised after a phishing SMS. Rs 175975 was withdrawn/transferred without authorization. Reference IFSC noted on the statement: BARB07148.,Bank of Baroda,open
236,236,2026-06-12T03:41:17,406072.7,My ICICI Bank debit card details were compromised after a phishing SMS. Rs 406072 was withdrawn/transferred without authorization. Reference IFSC noted on the statement: ICIC05744.,ICICI Bank,open
237,237,2026-07-14T17:48:05,419563.17,An unknown person posing as a ICICI Bank official convinced me to make a 'verification transfer' of Rs 419563. I later found the beneficiary IFSC was ICIC00112 and the number is no longer reachable.,ICICI Bank,open
238,238,2026-07-18T09:44:02,213428.52,I was tricked into installing a remote-access app after a fake State Bank of India KYC update message. Rs 213428 was transferred out immediately. Bank IFSC on the receiving account appears to be SBIN02645.,State Bank of India,open
239,239,2026-08-08T01:37:53,31274.75,I was tricked into installing a remote-access app after a fake Axis Bank KYC update message. Rs 31274 was transferred out immediately. Bank IFSC on the receiving account appears to be UTIB05260.,Axis Bank,open
240,240,2026-06-25T17:31:08,443267.81,I received a call claiming to be from HDFC Bank customer support and was asked to share an OTP. Rs 443267 was debited from my account without my consent. The transaction reference mentions IFSC HDFC09558.,HDFC Bank,open
241,241,2026-06-02T12:41:11,168330.0,I received a call claiming to be from State Bank of India customer support and was asked to share an OTP. Rs 168330 was debited from my account without my consent. The transaction reference mentions IFSC SBIN06434.,State Bank of India,open
242,242,2026-08-09T19:42:42,437256.71,An unknown person posing as a Punjab National Bank official convinced me to make a 'verification transfer' of Rs 437256. I later found the beneficiary IFSC was PUNB07611 and the number is no longer reachable.,Punjab National Bank,open
243,243,2026-07-29T00:02:06,10156.18,My Axis Bank debit card details were compromised after a phishing SMS. Rs 10156 was withdrawn/transferred without authorization. Reference IFSC noted on the statement: UTIB00977.,Axis Bank,open
244,244,2026-06-19T15:03:11,97778.52,I received a call claiming to be from Bank of Baroda customer support and was asked to share an OTP. Rs 97778 was debited from my account without my consent. The transaction reference mentions IFSC BARB06943.,Bank of Baroda,open
245,245,2026-07-23T07:17:32,242043.85,An unknown person posing as a Axis Bank official convinced me to make a 'verification transfer' of Rs 242043. I later found the beneficiary IFSC was UTIB02550 and the number is no longer reachable.,Axis Bank,open
246,246,2026-07-24T18:07:04,406499.44,My State Bank of India debit card details were compromised after a phishing SMS. Rs 406499 was withdrawn/transferred without authorization. Reference IFSC noted on the statement: SBIN00332.,State Bank of India,open
247,247,2026-06-28T18:34:13,267264.51,I received a call claiming to be from HDFC Bank customer support and was asked to share an OTP. Rs 267264 was debited from my account without my consent. The transaction reference mentions IFSC HDFC03607.,HDFC Bank,open
248,248,2026-07-20T01:54:45,42361.27,I was tricked into installing a remote-access app after a fake Punjab National Bank KYC update message. Rs 42361 was transferred out immediately. Bank IFSC on the receiving account appears to be PUNB00182.,Punjab National Bank,open
249,249,2026-06-10T18:25:02,144799.09,I received a call claiming to be from ICICI Bank customer support and was asked to share an OTP. Rs 144799 was debited from my account without my consent. The transaction reference mentions IFSC ICIC08831.,ICICI Bank,open
250,250,2026-08-14T13:18:04,356946.97,I received a call claiming to be from Bank of Baroda customer support and was asked to share an OTP. Rs 356946 was debited from my account without my consent. The transaction reference mentions IFSC BARB09409.,Bank of Baroda,open
251,251,2026-08-07T16:55:02,169383.44,An unknown person posing as a Punjab National Bank official convinced me to make a 'verification transfer' of Rs 169383. I later found the beneficiary IFSC was PUNB02933 and the number is no longer reachable.,Punjab National Bank,open
252,252,2026-08-11T23:18:54,390789.35,My Punjab National Bank debit card details were compromised after a phishing SMS. Rs 390789 was withdrawn/transferred without authorization. Reference IFSC noted on the statement: PUNB03554.,Punjab National Bank,open
253,253,2026-08-24T16:39:29,109945.78,I was tricked into installing a remote-access app after a fake Bank of Baroda KYC update message. Rs 109945 was transferred out immediately. Bank IFSC on the receiving account appears to be BARB00236.,Bank of Baroda,open
254,254,2026-07-20T04:45:25,355807.38,I received a call claiming to be from ICICI Bank customer support and was asked to share an OTP. Rs 355807 was debited from my account without my consent. The transaction reference mentions IFSC ICIC01992.,ICICI Bank,open
255,255,2026-07-20T11:22:25,474949.96,An unknown person posing as a Bank of Baroda official convinced me to make a 'verification transfer' of Rs 474949. I later found the beneficiary IFSC was BARB06352 and the number is no longer reachable.,Bank of Baroda,open
256,256,2026-06-12T09:40:16,26845.01,I received a call claiming to be from HDFC Bank customer support and was asked to share an OTP. Rs 26845 was debited from my account without my consent. The transaction reference mentions IFSC HDFC06878.,HDFC Bank,open
257,257,2026-08-05T18:43:22,336038.44,An unknown person posing as a Punjab National Bank official convinced me to make a 'verification transfer' of Rs 336038. I later found the beneficiary IFSC was PUNB01454 and the number is no longer reachable.,Punjab National Bank,open
258,258,2026-06-05T15:57:15,178791.67,An unknown person posing as a Axis Bank official convinced me to make a 'verification transfer' of Rs 178791. I later found the beneficiary IFSC was UTIB03377 and the number is no longer reachable.,Axis Bank,open
259,259,2026-06-04T12:50:07,330801.18,I received a call claiming to be from Axis Bank customer support and was asked to share an OTP. Rs 330801 was debited from my account without my consent. The transaction reference mentions IFSC UTIB06303.,Axis Bank,open
260,260,2026-06-16T09:57:54,258432.4,I received a call claiming to be from ICICI Bank customer support and was asked to share an OTP. Rs 258432 was debited from my account without my consent. The transaction reference mentions IFSC ICIC05677.,ICICI Bank,open
261,261,2026-08-16T18:25:28,141328.41,I was tricked into installing a remote-access app after a fake ICICI Bank KYC update message. Rs 141328 was transferred out immediately. Bank IFSC on the receiving account appears to be ICIC04886.,ICICI Bank,open
262,262,2026-06-10T20:25:38,17131.1,I was tricked into installing a remote-access app after a fake Punjab National Bank KYC update message. Rs 17131 was transferred out immediately. Bank IFSC on the receiving account appears to be PUNB04103.,Punjab National Bank,open
263,263,2026-06-02T17:48:12,288399.69,My HDFC Bank debit card details were compromised after a phishing SMS. Rs 288399 was withdrawn/transferred without authorization. Reference IFSC noted on the statement: HDFC05794.,HDFC Bank,open
264,264,2026-06-03T14:05:48,417560.56,My Punjab National Bank debit card details were compromised after a phishing SMS. Rs 417560 was withdrawn/transferred without authorization. Reference IFSC noted on the statement: PUNB05461.,Punjab National Bank,open
265,265,2026-08-28T18:13:15,326567.55,I received a call claiming to be from HDFC Bank customer support and was asked to share an OTP. Rs 326567 was debited from my account without my consent. The transaction reference mentions IFSC HDFC07811.,HDFC Bank,open
266,266,2026-08-09T17:19:48,463180.8,I was tricked into installing a remote-access app after a fake Punjab National Bank KYC update message. Rs 463180 was transferred out immediately. Bank IFSC on the receiving account appears to be PUNB06653.,Punjab National Bank,open
267,267,2026-07-25T18:31:28,229351.34,An unknown person posing as a HDFC Bank official convinced me to make a 'verification transfer' of Rs 229351. I later found the beneficiary IFSC was HDFC07921 and the number is no longer reachable.,HDFC Bank,open
268,268,2026-06-27T09:23:43,332398.94,I received a call claiming to be from State Bank of India customer support and was asked to share an OTP. Rs 332398 was debited from my account without my consent. The transaction reference mentions IFSC SBIN00110.,State Bank of India,open
269,269,2026-08-15T08:15:21,341797.61,I was tricked into installing a remote-access app after a fake Bank of Baroda KYC update message. Rs 341797 was transferred out immediately. Bank IFSC on the receiving account appears to be BARB06556.,Bank of Baroda,open
270,270,2026-07-12T06:25:29,255837.76,An unknown person posing as a HDFC Bank official convinced me to make a 'verification transfer' of Rs 255837. I later found the beneficiary IFSC was HDFC02826 and the number is no longer reachable.,HDFC Bank,open
271,271,2026-06-12T03:31:26,436693.55,An unknown person posing as a ICICI Bank official convinced me to make a 'verification transfer' of Rs 436693. I later found the beneficiary IFSC was ICIC05906 and the number is no longer reachable.,ICICI Bank,open
272,272,2026-06-08T00:50:40,269917.76,An unknown person posing as a Axis Bank official convinced me to make a 'verification transfer' of Rs 269917. I later found the beneficiary IFSC was UTIB05192 and the number is no longer reachable.,Axis Bank,open
273,273,2026-06-04T19:47:34,399258.93,My Punjab National Bank debit card details were compromised after a phishing SMS. Rs 399258 was withdrawn/transferred without authorization. Reference IFSC noted on the statement: PUNB03210.,Punjab National Bank,open
274,274,2026-06-25T14:25:41,415654.19,An unknown person posing as a ICICI Bank official convinced me to make a 'verification transfer' of Rs 415654. I later found the beneficiary IFSC was ICIC01005 and the number is no longer reachable.,ICICI Bank,open
275,275,2026-08-05T00:26:01,139499.7,My Axis Bank debit card details were compromised after a phishing SMS. Rs 139499 was withdrawn/transferred without authorization. Reference IFSC noted on the statement: UTIB03166.,Axis Bank,open
276,276,2026-06-10T19:11:59,167952.93,My State Bank of India debit card details were compromised after a phishing SMS. Rs 167952 was withdrawn/transferred without authorization. Reference IFSC noted on the statement: SBIN09961.,State Bank of India,open
277,277,2026-07-28T20:20:53,185245.54,My HDFC Bank debit card details were compromised after a phishing SMS. Rs 185245 was withdrawn/transferred without authorization. Reference IFSC noted on the statement: HDFC00317.,HDFC Bank,open
278,278,2026-06-05T13:38:34,166362.57,An unknown person posing as a Bank of Baroda official convinced me to make a 'verification transfer' of Rs 166362. I later found the beneficiary IFSC was BARB05762 and the number is no longer reachable.,Bank of Baroda,open
279,279,2026-06-27T10:29:32,231960.66,I received a call claiming to be from Bank of Baroda customer support and was asked to share an OTP. Rs 231960 was debited from my account without my consent. The transaction reference mentions IFSC BARB03997.,Bank of Baroda,open
280,280,2026-07-09T14:06:43,349854.91,An unknown person posing as a Bank of Baroda official convinced me to make a 'verification transfer' of Rs 349854. I later found the beneficiary IFSC was BARB04410 and the number is no longer reachable.,Bank of Baroda,open
281,281,2026-08-18T21:35:27,304955.19,I was tricked into installing a remote-access app after a fake ICICI Bank KYC update message. Rs 304955 was transferred out immediately. Bank IFSC on the receiving account appears to be ICIC04073.,ICICI Bank,open
282,282,2026-06-13T14:40:45,477197.98,An unknown person posing as a Bank of Baroda official convinced me to make a 'verification transfer' of Rs 477197. I later found the beneficiary IFSC was BARB01497 and the number is no longer reachable.,Bank of Baroda,open
283,283,2026-06-12T00:58:36,237780.44,I received a call claiming to be from Bank of Baroda customer support and was asked to share an OTP. Rs 237780 was debited from my account without my consent. The transaction reference mentions IFSC BARB02706.,Bank of Baroda,open
284,284,2026-07-10T17:08:20,110061.76,I received a call claiming to be from HDFC Bank customer support and was asked to share an OTP. Rs 110061 was debited from my account without my consent. The transaction reference mentions IFSC HDFC04600.,HDFC Bank,open
285,285,2026-07-04T15:59:21,340716.54,I received a call claiming to be from Bank of Baroda customer support and was asked to share an OTP. Rs 340716 was debited from my account without my consent. The transaction reference mentions IFSC BARB08333.,Bank of Baroda,open
286,286,2026-07-16T22:42:24,390804.88,I received a call claiming to be from Punjab National Bank customer support and was asked to share an OTP. Rs 390804 was debited from my account without my consent. The transaction reference mentions IFSC PUNB04466.,Punjab National Bank,open
287,287,2026-07-25T12:47:37,453539.4,I received a call claiming to be from Punjab National Bank customer support and was asked to share an OTP. Rs 453539 was debited from my account without my consent. The transaction reference mentions IFSC PUNB09282.,Punjab National Bank,open
288,288,2026-08-02T22:54:45,36731.49,I received a call claiming to be from ICICI Bank customer support and was asked to share an OTP. Rs 36731 was debited from my account without my consent. The transaction reference mentions IFSC ICIC08701.,ICICI Bank,open
289,289,2026-08-04T11:09:24,456445.89,My Punjab National Bank debit card details were compromised after a phishing SMS. Rs 456445 was withdrawn/transferred without authorization. Reference IFSC noted on the statement: PUNB02392.,Punjab National Bank,open
290,290,2026-06-08T06:47:17,144233.92,My Axis Bank debit card details were compromised after a phishing SMS. Rs 144233 was withdrawn/transferred without authorization. Reference IFSC noted on the statement: UTIB06816.,Axis Bank,open
291,291,2026-06-18T17:27:48,145204.52,An unknown person posing as a Bank of Baroda official convinced me to make a 'verification transfer' of Rs 145204. I later found the beneficiary IFSC was BARB01846 and the number is no longer reachable.,Bank of Baroda,open
292,292,2026-07-31T07:31:20,484063.79,An unknown person posing as a Punjab National Bank official convinced me to make a 'verification transfer' of Rs 484063. I later found the beneficiary IFSC was PUNB07460 and the number is no longer reachable.,Punjab National Bank,open
293,293,2026-08-02T17:13:34,460144.03,I received a call claiming to be from Axis Bank customer support and was asked to share an OTP. Rs 460144 was debited from my account without my consent. The transaction reference mentions IFSC UTIB05962.,Axis Bank,open
294,294,2026-06-16T06:14:37,354099.24,My HDFC Bank debit card details were compromised after a phishing SMS. Rs 354099 was withdrawn/transferred without authorization. Reference IFSC noted on the statement: HDFC01862.,HDFC Bank,open
295,295,2026-07-21T22:16:17,203663.24,An unknown person posing as a ICICI Bank official convinced me to make a 'verification transfer' of Rs 203663. I later found the beneficiary IFSC was ICIC06998 and the number is no longer reachable.,ICICI Bank,open
296,296,2026-06-30T09:42:45,67754.13,My ICICI Bank debit card details were compromised after a phishing SMS. Rs 67754 was withdrawn/transferred without authorization. Reference IFSC noted on the statement: ICIC01062.,ICICI Bank,open
297,297,2026-06-24T03:04:45,374004.71,My Punjab National Bank debit card details were compromised after a phishing SMS. Rs 374004 was withdrawn/transferred without authorization. Reference IFSC noted on the statement: PUNB07041.,Punjab National Bank,open
298,298,2026-08-11T00:09:48,93266.32,My HDFC Bank debit card details were compromised after a phishing SMS. Rs 93266 was withdrawn/transferred without authorization. Reference IFSC noted on the statement: HDFC04076.,HDFC Bank,open
299,299,2026-07-03T22:28:23,446090.8,An unknown person posing as a Axis Bank official convinced me to make a 'verification transfer' of Rs 446090. I later found the beneficiary IFSC was UTIB07945 and the number is no longer reachable.,Axis Bank,open
300,300,2026-08-07T11:15:56,159906.6,I was tricked into installing a remote-access app after a fake ICICI Bank KYC update message. Rs 159906 was transferred out immediately. Bank IFSC on the receiving account appears to be ICIC00302.,ICICI Bank,open
301,301,2026-07-28T12:16:10,129004.67,I was tricked into installing a remote-access app after a fake Bank of Baroda KYC update message. Rs 129004 was transferred out immediately. Bank IFSC on the receiving account appears to be BARB02546.,Bank of Baroda,open
302,302,2026-06-30T12:40:58,410596.35,I received a call claiming to be from Bank of Baroda customer support and was asked to share an OTP. Rs 410596 was debited from my account without my consent. The transaction reference mentions IFSC BARB09664.,Bank of Baroda,open
303,303,2026-06-09T14:41:34,10615.87,An unknown person posing as a Punjab National Bank official convinced me to make a 'verification transfer' of Rs 10615. I later found the beneficiary IFSC was PUNB06071 and the number is no longer reachable.,Punjab National Bank,open
304,304,2026-08-24T00:09:43,485667.0,I was tricked into installing a remote-access app after a fake HDFC Bank KYC update message. Rs 485667 was transferred out immediately. Bank IFSC on the receiving account appears to be HDFC07007.,HDFC Bank,open
305,305,2026-08-01T19:31:34,438259.43,I received a call claiming to be from Punjab National Bank customer support and was asked to share an OTP. Rs 438259 was debited from my account without my consent. The transaction reference mentions IFSC PUNB09603.,Punjab National Bank,open
306,306,2026-07-13T03:57:16,449800.08,I received a call claiming to be from Punjab National Bank customer support and was asked to share an OTP. Rs 449800 was debited from my account without my consent. The transaction reference mentions IFSC PUNB01441.,Punjab National Bank,open
307,307,2026-07-05T17:45:43,356092.24,An unknown person posing as a Bank of Baroda official convinced me to make a 'verification transfer' of Rs 356092. I later found the beneficiary IFSC was BARB04595 and the number is no longer reachable.,Bank of Baroda,open
308,308,2026-08-05T13:54:02,394121.26,I was tricked into installing a remote-access app after a fake State Bank of India KYC update message. Rs 394121 was transferred out immediately. Bank IFSC on the receiving account appears to be SBIN04848.,State Bank of India,open
309,309,2026-08-13T01:24:55,377028.69,An unknown person posing as a Bank of Baroda official convinced me to make a 'verification transfer' of Rs 377028. I later found the beneficiary IFSC was BARB09235 and the number is no longer reachable.,Bank of Baroda,open
310,310,2026-06-06T21:26:46,428935.28,My Punjab National Bank debit card details were compromised after a phishing SMS. Rs 428935 was withdrawn/transferred without authorization. Reference IFSC noted on the statement: PUNB05679.,Punjab National Bank,open
311,311,2026-06-12T21:26:31,494478.52,An unknown person posing as a Bank of Baroda official convinced me to make a 'verification transfer' of Rs 494478. I later found the beneficiary IFSC was BARB02377 and the number is no longer reachable.,Bank of Baroda,open
312,312,2026-08-06T07:55:21,205903.8,I was tricked into installing a remote-access app after a fake State Bank of India KYC update message. Rs 205903 was transferred out immediately. Bank IFSC on the receiving account appears to be SBIN07090.,State Bank of India,open
313,313,2026-08-24T14:40:30,207636.16,An unknown person posing as a Punjab National Bank official convinced me to make a 'verification transfer' of Rs 207636. I later found the beneficiary IFSC was PUNB07795 and the number is no longer reachable.,Punjab National Bank,open
314,314,2026-08-14T01:19:04,388761.33,An unknown person posing as a Bank of Baroda official convinced me to make a 'verification transfer' of Rs 388761. I later found the beneficiary IFSC was BARB03669 and the number is no longer reachable.,Bank of Baroda,open
315,315,2026-08-11T02:45:54,238409.87,I received a call claiming to be from Axis Bank customer support and was asked to share an OTP. Rs 238409 was debited from my account without my consent. The transaction reference mentions IFSC UTIB02578.,Axis Bank,open
316,316,2026-07-31T21:52:11,336015.02,My HDFC Bank debit card details were compromised after a phishing SMS. Rs 336015 was withdrawn/transferred without authorization. Reference IFSC noted on the statement: HDFC09978.,HDFC Bank,open
317,317,2026-06-23T13:55:10,495281.16,An unknown person posing as a ICICI Bank official convinced me to make a 'verification transfer' of Rs 495281. I later found the beneficiary IFSC was ICIC09637 and the number is no longer reachable.,ICICI Bank,open
318,318,2026-06-24T03:50:02,20499.13,I was tricked into installing a remote-access app after a fake Bank of Baroda KYC update message. Rs 20499 was transferred out immediately. Bank IFSC on the receiving account appears to be BARB04874.,Bank of Baroda,open
319,319,2026-07-22T06:51:03,181914.95,An unknown person posing as a HDFC Bank official convinced me to make a 'verification transfer' of Rs 181914. I later found the beneficiary IFSC was HDFC06694 and the number is no longer reachable.,HDFC Bank,open
320,320,2026-06-25T05:42:03,488448.89,I was tricked into installing a remote-access app after a fake Punjab National Bank KYC update message. Rs 488448 was transferred out immediately. Bank IFSC on the receiving account appears to be PUNB04343.,Punjab National Bank,open
321,321,2026-06-01T21:31:38,452831.61,An unknown person posing as a Axis Bank official convinced me to make a 'verification transfer' of Rs 452831. I later found the beneficiary IFSC was UTIB05868 and the number is no longer reachable.,Axis Bank,open
322,322,2026-08-17T20:02:58,428018.87,My HDFC Bank debit card details were compromised after a phishing SMS. Rs 428018 was withdrawn/transferred without authorization. Reference IFSC noted on the statement: HDFC05055.,HDFC Bank,open
323,323,2026-07-31T11:36:55,214169.4,My Axis Bank debit card details were compromised after a phishing SMS. Rs 214169 was withdrawn/transferred without authorization. Reference IFSC noted on the statement: UTIB05885.,Axis Bank,open
324,324,2026-06-07T09:42:11,416573.88,I was tricked into installing a remote-access app after a fake Axis Bank KYC update message. Rs 416573 was transferred out immediately. Bank IFSC on the receiving account appears to be UTIB03145.,Axis Bank,open
325,325,2026-08-18T03:00:13,140672.17,I received a call claiming to be from ICICI Bank customer support and was asked to share an OTP. Rs 140672 was debited from my account without my consent. The transaction reference mentions IFSC ICIC06095.,ICICI Bank,open
326,326,2026-07-16T05:18:56,465306.79,My Bank of Baroda debit card details were compromised after a phishing SMS. Rs 465306 was withdrawn/transferred without authorization. Reference IFSC noted on the statement: BARB01746.,Bank of Baroda,open
327,327,2026-07-19T05:51:07,326981.12,I was tricked into installing a remote-access app after a fake ICICI Bank KYC update message. Rs 326981 was transferred out immediately. Bank IFSC on the receiving account appears to be ICIC05600.,ICICI Bank,open
328,328,2026-07-31T05:46:03,480536.57,My State Bank of India debit card details were compromised after a phishing SMS. Rs 480536 was withdrawn/transferred without authorization. Reference IFSC noted on the statement: SBIN08343.,State Bank of India,open
329,329,2026-06-17T15:30:46,486844.92,I was tricked into installing a remote-access app after a fake Axis Bank KYC update message. Rs 486844 was transferred out immediately. Bank IFSC on the receiving account appears to be UTIB05442.,Axis Bank,open
330,330,2026-07-10T13:29:43,239043.48,I was tricked into installing a remote-access app after a fake ICICI Bank KYC update message. Rs 239043 was transferred out immediately. Bank IFSC on the receiving account appears to be ICIC01526.,ICICI Bank,open
331,331,2026-07-29T08:14:09,398869.83,My Punjab National Bank debit card details were compromised after a phishing SMS. Rs 398869 was withdrawn/transferred without authorization. Reference IFSC noted on the statement: PUNB05858.,Punjab National Bank,open
332,332,2026-07-29T13:04:36,434405.3,An unknown person posing as a Axis Bank official convinced me to make a 'verification transfer' of Rs 434405. I later found the beneficiary IFSC was UTIB07774 and the number is no longer reachable.,Axis Bank,open
333,333,2026-07-18T04:05:06,280020.51,An unknown person posing as a State Bank of India official convinced me to make a 'verification transfer' of Rs 280020. I later found the beneficiary IFSC was SBIN08531 and the number is no longer reachable.,State Bank of India,open
334,334,2026-07-01T05:09:54,281760.03,My HDFC Bank debit card details were compromised after a phishing SMS. Rs 281760 was withdrawn/transferred without authorization. Reference IFSC noted on the statement: HDFC03659.,HDFC Bank,open
335,335,2026-07-25T05:28:12,327916.83,I was tricked into installing a remote-access app after a fake ICICI Bank KYC update message. Rs 327916 was transferred out immediately. Bank IFSC on the receiving account appears to be ICIC03647.,ICICI Bank,open
336,336,2026-07-18T00:17:08,334821.83,My Punjab National Bank debit card details were compromised after a phishing SMS. Rs 334821 was withdrawn/transferred without authorization. Reference IFSC noted on the statement: PUNB01557.,Punjab National Bank,open
337,337,2026-06-05T13:24:03,464309.16,My HDFC Bank debit card details were compromised after a phishing SMS. Rs 464309 was withdrawn/transferred without authorization. Reference IFSC noted on the statement: HDFC06765.,HDFC Bank,open
338,338,2026-07-21T02:04:08,88978.27,An unknown person posing as a Bank of Baroda official convinced me to make a 'verification transfer' of Rs 88978. I later found the beneficiary IFSC was BARB06932 and the number is no longer reachable.,Bank of Baroda,open
339,339,2026-07-11T19:34:20,183677.26,My Punjab National Bank debit card details were compromised after a phishing SMS. Rs 183677 was withdrawn/transferred without authorization. Reference IFSC noted on the statement: PUNB04159.,Punjab National Bank,open
340,340,2026-06-24T22:47:42,432205.83,My HDFC Bank debit card details were compromised after a phishing SMS. Rs 432205 was withdrawn/transferred without authorization. Reference IFSC noted on the statement: HDFC00687.,HDFC Bank,open
341,341,2026-08-28T21:47:40,457120.87,I was tricked into installing a remote-access app after a fake Axis Bank KYC update message. Rs 457120 was transferred out immediately. Bank IFSC on the receiving account appears to be UTIB08478.,Axis Bank,open
342,342,2026-06-25T12:49:22,396971.03,I received a call claiming to be from Bank of Baroda customer support and was asked to share an OTP. Rs 396971 was debited from my account without my consent. The transaction reference mentions IFSC BARB07560.,Bank of Baroda,open
343,343,2026-06-05T07:12:52,222882.61,I was tricked into installing a remote-access app after a fake State Bank of India KYC update message. Rs 222882 was transferred out immediately. Bank IFSC on the receiving account appears to be SBIN00682.,State Bank of India,open
344,344,2026-07-08T08:00:16,429720.54,I received a call claiming to be from Punjab National Bank customer support and was asked to share an OTP. Rs 429720 was debited from my account without my consent. The transaction reference mentions IFSC PUNB05590.,Punjab National Bank,open
345,345,2026-07-11T06:22:50,357363.47,An unknown person posing as a Axis Bank official convinced me to make a 'verification transfer' of Rs 357363. I later found the beneficiary IFSC was UTIB04777 and the number is no longer reachable.,Axis Bank,open
346,346,2026-07-26T12:23:21,416903.26,My Axis Bank debit card details were compromised after a phishing SMS. Rs 416903 was withdrawn/transferred without authorization. Reference IFSC noted on the statement: UTIB04906.,Axis Bank,open
347,347,2026-08-01T21:17:46,481895.83,I received a call claiming to be from Bank of Baroda customer support and was asked to share an OTP. Rs 481895 was debited from my account without my consent. The transaction reference mentions IFSC BARB00860.,Bank of Baroda,open
348,348,2026-07-25T17:18:09,178379.01,My Punjab National Bank debit card details were compromised after a phishing SMS. Rs 178379 was withdrawn/transferred without authorization. Reference IFSC noted on the statement: PUNB03790.,Punjab National Bank,open
349,349,2026-07-01T12:38:05,258689.29,I was tricked into installing a remote-access app after a fake Axis Bank KYC update message. Rs 258689 was transferred out immediately. Bank IFSC on the receiving account appears to be UTIB07958.,Axis Bank,open
350,350,2026-07-03T04:53:06,328529.27,I was tricked into installing a remote-access app after a fake HDFC Bank KYC update message. Rs 328529 was transferred out immediately. Bank IFSC on the receiving account appears to be HDFC03246.,HDFC Bank,open
351,351,2026-07-28T09:42:50,195595.87,An unknown person posing as a Bank of Baroda official convinced me to make a 'verification transfer' of Rs 195595. I later found the beneficiary IFSC was BARB09436 and the number is no longer reachable.,Bank of Baroda,open
352,352,2026-06-09T00:59:21,317628.23,I was tricked into installing a remote-access app after a fake HDFC Bank KYC update message. Rs 317628 was transferred out immediately. Bank IFSC on the receiving account appears to be HDFC09876.,HDFC Bank,open
353,353,2026-07-04T22:33:40,232268.39,I was tricked into installing a remote-access app after a fake Punjab National Bank KYC update message. Rs 232268 was transferred out immediately. Bank IFSC on the receiving account appears to be PUNB00407.,Punjab National Bank,open
354,354,2026-06-09T05:08:52,306746.62,An unknown person posing as a HDFC Bank official convinced me to make a 'verification transfer' of Rs 306746. I later found the beneficiary IFSC was HDFC07555 and the number is no longer reachable.,HDFC Bank,open
355,355,2026-06-09T08:02:18,350423.02,An unknown person posing as a Punjab National Bank official convinced me to make a 'verification transfer' of Rs 350423. I later found the beneficiary IFSC was PUNB01657 and the number is no longer reachable.,Punjab National Bank,open
356,356,2026-07-24T01:02:16,254690.0,I received a call claiming to be from Bank of Baroda customer support and was asked to share an OTP. Rs 254690 was debited from my account without my consent. The transaction reference mentions IFSC BARB00984.,Bank of Baroda,open
357,357,2026-07-08T00:19:14,266947.13,I received a call claiming to be from Punjab National Bank customer support and was asked to share an OTP. Rs 266947 was debited from my account without my consent. The transaction reference mentions IFSC PUNB06983.,Punjab National Bank,open
358,358,2026-06-02T19:35:56,290391.91,My Bank of Baroda debit card details were compromised after a phishing SMS. Rs 290391 was withdrawn/transferred without authorization. Reference IFSC noted on the statement: BARB01186.,Bank of Baroda,open
359,359,2026-07-16T18:25:35,412523.91,My State Bank of India debit card details were compromised after a phishing SMS. Rs 412523 was withdrawn/transferred without authorization. Reference IFSC noted on the statement: SBIN07359.,State Bank of India,open
360,360,2026-08-25T08:52:21,406184.43,An unknown person posing as a Punjab National Bank official convinced me to make a 'verification transfer' of Rs 406184. I later found the beneficiary IFSC was PUNB08438 and the number is no longer reachable.,Punjab National Bank,open
361,361,2026-07-27T21:17:22,289722.03,I was tricked into installing a remote-access app after a fake HDFC Bank KYC update message. Rs 289722 was transferred out immediately. Bank IFSC on the receiving account appears to be HDFC05526.,HDFC Bank,open
362,362,2026-06-09T00:42:51,223045.62,My Bank of Baroda debit card details were compromised after a phishing SMS. Rs 223045 was withdrawn/transferred without authorization. Reference IFSC noted on the statement: BARB07917.,Bank of Baroda,open
363,363,2026-07-28T13:00:16,352405.59,An unknown person posing as a Axis Bank official convinced me to make a 'verification transfer' of Rs 352405. I later found the beneficiary IFSC was UTIB03944 and the number is no longer reachable.,Axis Bank,open
364,364,2026-06-16T06:16:08,382517.11,I received a call claiming to be from State Bank of India customer support and was asked to share an OTP. Rs 382517 was debited from my account without my consent. The transaction reference mentions IFSC SBIN06426.,State Bank of India,open
365,365,2026-07-08T21:46:38,456969.47,I was tricked into installing a remote-access app after a fake Axis Bank KYC update message. Rs 456969 was transferred out immediately. Bank IFSC on the receiving account appears to be UTIB05214.,Axis Bank,open
366,366,2026-07-05T22:03:37,366755.53,An unknown person posing as a Bank of Baroda official convinced me to make a 'verification transfer' of Rs 366755. I later found the beneficiary IFSC was BARB02492 and the number is no longer reachable.,Bank of Baroda,open
367,367,2026-07-11T03:43:52,164116.48,An unknown person posing as a Axis Bank official convinced me to make a 'verification transfer' of Rs 164116. I later found the beneficiary IFSC was UTIB09481 and the number is no longer reachable.,Axis Bank,open
368,368,2026-08-25T16:46:04,73010.03,I received a call claiming to be from Axis Bank customer support and was asked to share an OTP. Rs 73010 was debited from my account without my consent. The transaction reference mentions IFSC UTIB03202.,Axis Bank,open
369,369,2026-06-08T06:51:10,24660.02,An unknown person posing as a HDFC Bank official convinced me to make a 'verification transfer' of Rs 24660. I later found the beneficiary IFSC was HDFC07254 and the number is no longer reachable.,HDFC Bank,open
370,370,2026-08-15T13:39:24,417928.63,I received a call claiming to be from HDFC Bank customer support and was asked to share an OTP. Rs 417928 was debited from my account without my consent. The transaction reference mentions IFSC HDFC01699.,HDFC Bank,open
371,371,2026-07-07T19:35:37,254761.54,An unknown person posing as a ICICI Bank official convinced me to make a 'verification transfer' of Rs 254761. I later found the beneficiary IFSC was ICIC05133 and the number is no longer reachable.,ICICI Bank,open
372,372,2026-08-23T08:36:10,170911.44,I was tricked into installing a remote-access app after a fake Bank of Baroda KYC update message. Rs 170911 was transferred out immediately. Bank IFSC on the receiving account appears to be BARB03812.,Bank of Baroda,open
373,373,2026-06-24T03:59:28,495313.5,My HDFC Bank debit card details were compromised after a phishing SMS. Rs 495313 was withdrawn/transferred without authorization. Reference IFSC noted on the statement: HDFC04851.,HDFC Bank,open
374,374,2026-08-24T03:41:28,457806.58,I received a call claiming to be from Axis Bank customer support and was asked to share an OTP. Rs 457806 was debited from my account without my consent. The transaction reference mentions IFSC UTIB01041.,Axis Bank,open
375,375,2026-08-09T23:19:07,279094.31,I was tricked into installing a remote-access app after a fake Axis Bank KYC update message. Rs 279094 was transferred out immediately. Bank IFSC on the receiving account appears to be UTIB00487.,Axis Bank,open
376,376,2026-08-18T03:55:34,162904.17,An unknown person posing as a Bank of Baroda official convinced me to make a 'verification transfer' of Rs 162904. I later found the beneficiary IFSC was BARB04063 and the number is no longer reachable.,Bank of Baroda,open
377,377,2026-07-15T06:37:58,236652.13,I was tricked into installing a remote-access app after a fake State Bank of India KYC update message. Rs 236652 was transferred out immediately. Bank IFSC on the receiving account appears to be SBIN04617.,State Bank of India,open
378,378,2026-07-16T15:13:24,45671.3,My Bank of Baroda debit card details were compromised after a phishing SMS. Rs 45671 was withdrawn/transferred without authorization. Reference IFSC noted on the statement: BARB08997.,Bank of Baroda,open
379,379,2026-06-06T20:08:05,51156.04,My HDFC Bank debit card details were compromised after a phishing SMS. Rs 51156 was withdrawn/transferred without authorization. Reference IFSC noted on the statement: HDFC04325.,HDFC Bank,open
380,380,2026-06-25T05:33:20,369817.65,An unknown person posing as a HDFC Bank official convinced me to make a 'verification transfer' of Rs 369817. I later found the beneficiary IFSC was HDFC02561 and the number is no longer reachable.,HDFC Bank,open
381,381,2026-06-27T04:28:24,426499.62,I received a call claiming to be from Punjab National Bank customer support and was asked to share an OTP. Rs 426499 was debited from my account without my consent. The transaction reference mentions IFSC PUNB05075.,Punjab National Bank,open
382,382,2026-06-28T09:50:02,404332.58,An unknown person posing as a Punjab National Bank official convinced me to make a 'verification transfer' of Rs 404332. I later found the beneficiary IFSC was PUNB04609 and the number is no longer reachable.,Punjab National Bank,open
383,383,2026-07-09T13:46:58,476338.58,An unknown person posing as a Punjab National Bank official convinced me to make a 'verification transfer' of Rs 476338. I later found the beneficiary IFSC was PUNB04278 and the number is no longer reachable.,Punjab National Bank,open
384,384,2026-07-13T15:59:24,366027.01,I received a call claiming to be from Bank of Baroda customer support and was asked to share an OTP. Rs 366027 was debited from my account without my consent. The transaction reference mentions IFSC BARB04046.,Bank of Baroda,open
385,385,2026-07-14T02:56:08,391022.65,My HDFC Bank debit card details were compromised after a phishing SMS. Rs 391022 was withdrawn/transferred without authorization. Reference IFSC noted on the statement: HDFC09215.,HDFC Bank,open
386,386,2026-06-01T16:01:17,282355.94,I was tricked into installing a remote-access app after a fake Axis Bank KYC update message. Rs 282355 was transferred out immediately. Bank IFSC on the receiving account appears to be UTIB04148.,Axis Bank,open
387,387,2026-06-18T11:24:06,126428.85,I was tricked into installing a remote-access app after a fake State Bank of India KYC update message. Rs 126428 was transferred out immediately. Bank IFSC on the receiving account appears to be SBIN02308.,State Bank of India,open
388,388,2026-06-01T19:25:31,295911.99,An unknown person posing as a State Bank of India official convinced me to make a 'verification transfer' of Rs 295911. I later found the beneficiary IFSC was SBIN02043 and the number is no longer reachable.,State Bank of India,open
389,389,2026-08-11T10:34:08,417806.37,My Bank of Baroda debit card details were compromised after a phishing SMS. Rs 417806 was withdrawn/transferred without authorization. Reference IFSC noted on the statement: BARB08953.,Bank of Baroda,open
390,390,2026-07-04T10:53:03,38794.74,My HDFC Bank debit card details were compromised after a phishing SMS. Rs 38794 was withdrawn/transferred without authorization. Reference IFSC noted on the statement: HDFC03571.,HDFC Bank,open
391,391,2026-08-25T03:23:55,436798.5,An unknown person posing as a Punjab National Bank official convinced me to make a 'verification transfer' of Rs 436798. I later found the beneficiary IFSC was PUNB06849 and the number is no longer reachable.,Punjab National Bank,open
392,392,2026-06-10T04:24:49,331857.18,My Axis Bank debit card details were compromised after a phishing SMS. Rs 331857 was withdrawn/transferred without authorization. Reference IFSC noted on the statement: UTIB01824.,Axis Bank,open
393,393,2026-08-09T07:10:28,113307.37,My Axis Bank debit card details were compromised after a phishing SMS. Rs 113307 was withdrawn/transferred without authorization. Reference IFSC noted on the statement: UTIB07154.,Axis Bank,open
394,394,2026-07-17T17:51:03,486469.0,My Punjab National Bank debit card details were compromised after a phishing SMS. Rs 486469 was withdrawn/transferred without authorization. Reference IFSC noted on the statement: PUNB08298.,Punjab National Bank,open
395,395,2026-06-15T00:48:23,156118.52,An unknown person posing as a State Bank of India official convinced me to make a 'verification transfer' of Rs 156118. I later found the beneficiary IFSC was SBIN00654 and the number is no longer reachable.,State Bank of India,open
396,396,2026-07-15T22:12:08,479034.72,An unknown person posing as a Punjab National Bank official convinced me to make a 'verification transfer' of Rs 479034. I later found the beneficiary IFSC was PUNB08641 and the number is no longer reachable.,Punjab National Bank,open
397,397,2026-08-22T06:32:15,62876.7,An unknown person posing as a State Bank of India official convinced me to make a 'verification transfer' of Rs 62876. I later found the beneficiary IFSC was SBIN02038 and the number is no longer reachable.,State Bank of India,open
398,398,2026-08-05T20:07:07,179639.52,An unknown person posing as a State Bank of India official convinced me to make a 'verification transfer' of Rs 179639. I later found the beneficiary IFSC was SBIN02024 and the number is no longer reachable.,State Bank of India,open
399,399,2026-08-28T06:14:47,311769.17,I received a call claiming to be from Axis Bank customer support and was asked to share an OTP. Rs 311769 was debited from my account without my consent. The transaction reference mentions IFSC UTIB07275.,Axis Bank,open
400,400,2026-06-06T22:47:14,467200.05,My Axis Bank debit card details were compromised after a phishing SMS. Rs 467200 was withdrawn/transferred without authorization. Reference IFSC noted on the statement: UTIB03391.,Axis Bank,open
401,401,2026-07-29T08:04:27,48977.07,I received a call claiming to be from Bank of Baroda customer support and was asked to share an OTP. Rs 48977 was debited from my account without my consent. The transaction reference mentions IFSC BARB00722.,Bank of Baroda,open
402,402,2026-06-21T17:47:12,318897.46,I was tricked into installing a remote-access app after a fake Axis Bank KYC update message. Rs 318897 was transferred out immediately. Bank IFSC on the receiving account appears to be UTIB03246.,Axis Bank,open
403,403,2026-07-02T18:27:07,395589.23,I received a call claiming to be from ICICI Bank customer support and was asked to share an OTP. Rs 395589 was debited from my account without my consent. The transaction reference mentions IFSC ICIC04557.,ICICI Bank,open
404,404,2026-07-28T07:35:09,281984.55,An unknown person posing as a Punjab National Bank official convinced me to make a 'verification transfer' of Rs 281984. I later found the beneficiary IFSC was PUNB00769 and the number is no longer reachable.,Punjab National Bank,open
405,405,2026-08-06T10:29:49,410692.58,My HDFC Bank debit card details were compromised after a phishing SMS. Rs 410692 was withdrawn/transferred without authorization. Reference IFSC noted on the statement: HDFC06923.,HDFC Bank,open
406,406,2026-06-09T23:24:44,275688.9,I was tricked into installing a remote-access app after a fake State Bank of India KYC update message. Rs 275688 was transferred out immediately. Bank IFSC on the receiving account appears to be SBIN09518.,State Bank of India,open
407,407,2026-07-18T23:00:33,482950.3,I was tricked into installing a remote-access app after a fake ICICI Bank KYC update message. Rs 482950 was transferred out immediately. Bank IFSC on the receiving account appears to be ICIC03133.,ICICI Bank,open
408,408,2026-06-10T14:12:16,333227.88,I was tricked into installing a remote-access app after a fake HDFC Bank KYC update message. Rs 333227 was transferred out immediately. Bank IFSC on the receiving account appears to be HDFC04483.,HDFC Bank,open
409,409,2026-07-31T12:15:54,122520.65,I was tricked into installing a remote-access app after a fake State Bank of India KYC update message. Rs 122520 was transferred out immediately. Bank IFSC on the receiving account appears to be SBIN02527.,State Bank of India,open
410,410,2026-08-30T19:43:17,236799.22,An unknown person posing as a Punjab National Bank official convinced me to make a 'verification transfer' of Rs 236799. I later found the beneficiary IFSC was PUNB01753 and the number is no longer reachable.,Punjab National Bank,open
411,411,2026-06-25T09:47:36,391926.21,I received a call claiming to be from ICICI Bank customer support and was asked to share an OTP. Rs 391926 was debited from my account without my consent. The transaction reference mentions IFSC ICIC01727.,ICICI Bank,open
412,412,2026-06-09T20:02:43,443468.5,An unknown person posing as a ICICI Bank official convinced me to make a 'verification transfer' of Rs 443468. I later found the beneficiary IFSC was ICIC07968 and the number is no longer reachable.,ICICI Bank,open
413,413,2026-07-15T05:29:49,210965.98,I was tricked into installing a remote-access app after a fake State Bank of India KYC update message. Rs 210965 was transferred out immediately. Bank IFSC on the receiving account appears to be SBIN02380.,State Bank of India,open
414,414,2026-06-18T16:14:20,489342.7,An unknown person posing as a Punjab National Bank official convinced me to make a 'verification transfer' of Rs 489342. I later found the beneficiary IFSC was PUNB06484 and the number is no longer reachable.,Punjab National Bank,open
415,415,2026-07-09T09:49:49,317230.52,My HDFC Bank debit card details were compromised after a phishing SMS. Rs 317230 was withdrawn/transferred without authorization. Reference IFSC noted on the statement: HDFC02886.,HDFC Bank,open
416,416,2026-07-18T14:59:23,322564.78,I was tricked into installing a remote-access app after a fake Axis Bank KYC update message. Rs 322564 was transferred out immediately. Bank IFSC on the receiving account appears to be UTIB04642.,Axis Bank,open
417,417,2026-08-23T10:37:57,142589.76,My HDFC Bank debit card details were compromised after a phishing SMS. Rs 142589 was withdrawn/transferred without authorization. Reference IFSC noted on the statement: HDFC08624.,HDFC Bank,open
418,418,2026-06-04T07:39:13,215246.61,My Punjab National Bank debit card details were compromised after a phishing SMS. Rs 215246 was withdrawn/transferred without authorization. Reference IFSC noted on the statement: PUNB08321.,Punjab National Bank,open
419,419,2026-06-14T22:20:41,132407.16,An unknown person posing as a Punjab National Bank official convinced me to make a 'verification transfer' of Rs 132407. I later found the beneficiary IFSC was PUNB07576 and the number is no longer reachable.,Punjab National Bank,open
420,420,2026-08-11T11:56:33,337963.12,My Axis Bank debit card details were compromised after a phishing SMS. Rs 337963 was withdrawn/transferred without authorization. Reference IFSC noted on the statement: UTIB00963.,Axis Bank,open
421,421,2026-06-08T07:21:24,253346.1,An unknown person posing as a Bank of Baroda official convinced me to make a 'verification transfer' of Rs 253346. I later found the beneficiary IFSC was BARB05737 and the number is no longer reachable.,Bank of Baroda,open
422,422,2026-06-22T01:54:23,394336.39,I received a call claiming to be from ICICI Bank customer support and was asked to share an OTP. Rs 394336 was debited from my account without my consent. The transaction reference mentions IFSC ICIC02426.,ICICI Bank,open
423,423,2026-06-16T08:03:29,16098.9,An unknown person posing as a State Bank of India official convinced me to make a 'verification transfer' of Rs 16098. I later found the beneficiary IFSC was SBIN01917 and the number is no longer reachable.,State Bank of India,open
424,424,2026-08-07T10:04:45,454709.93,I received a call claiming to be from ICICI Bank customer support and was asked to share an OTP. Rs 454709 was debited from my account without my consent. The transaction reference mentions IFSC ICIC03481.,ICICI Bank,open
425,425,2026-08-04T03:49:09,262410.65,My Punjab National Bank debit card details were compromised after a phishing SMS. Rs 262410 was withdrawn/transferred without authorization. Reference IFSC noted on the statement: PUNB06216.,Punjab National Bank,open
426,426,2026-07-17T08:28:01,385363.15,An unknown person posing as a Bank of Baroda official convinced me to make a 'verification transfer' of Rs 385363. I later found the beneficiary IFSC was BARB09919 and the number is no longer reachable.,Bank of Baroda,open
427,427,2026-07-21T20:43:22,296021.61,I received a call claiming to be from Punjab National Bank customer support and was asked to share an OTP. Rs 296021 was debited from my account without my consent. The transaction reference mentions IFSC PUNB00417.,Punjab National Bank,open
428,428,2026-08-04T06:36:01,93695.2,My ICICI Bank debit card details were compromised after a phishing SMS. Rs 93695 was withdrawn/transferred without authorization. Reference IFSC noted on the statement: ICIC01556.,ICICI Bank,open
429,429,2026-07-12T14:39:35,492157.01,My ICICI Bank debit card details were compromised after a phishing SMS. Rs 492157 was withdrawn/transferred without authorization. Reference IFSC noted on the statement: ICIC09784.,ICICI Bank,open
430,430,2026-06-02T22:23:48,470939.26,An unknown person posing as a State Bank of India official convinced me to make a 'verification transfer' of Rs 470939. I later found the beneficiary IFSC was SBIN05360 and the number is no longer reachable.,State Bank of India,open
431,431,2026-08-24T11:29:19,373523.83,I received a call claiming to be from Axis Bank customer support and was asked to share an OTP. Rs 373523 was debited from my account without my consent. The transaction reference mentions IFSC UTIB01882.,Axis Bank,open
432,432,2026-06-23T18:34:33,199180.04,An unknown person posing as a Bank of Baroda official convinced me to make a 'verification transfer' of Rs 199180. I later found the beneficiary IFSC was BARB00375 and the number is no longer reachable.,Bank of Baroda,open
433,433,2026-07-04T21:59:40,80122.55,My Axis Bank debit card details were compromised after a phishing SMS. Rs 80122 was withdrawn/transferred without authorization. Reference IFSC noted on the statement: UTIB07649.,Axis Bank,open
434,434,2026-08-13T10:50:03,429895.35,An unknown person posing as a State Bank of India official convinced me to make a 'verification transfer' of Rs 429895. I later found the beneficiary IFSC was SBIN09567 and the number is no longer reachable.,State Bank of India,open
435,435,2026-07-15T06:59:49,72227.01,I was tricked into installing a remote-access app after a fake State Bank of India KYC update message. Rs 72227 was transferred out immediately. Bank IFSC on the receiving account appears to be SBIN07344.,State Bank of India,open
436,436,2026-06-10T11:32:27,199272.69,I received a call claiming to be from State Bank of India customer support and was asked to share an OTP. Rs 199272 was debited from my account without my consent. The transaction reference mentions IFSC SBIN02531.,State Bank of India,open
437,437,2026-08-27T21:12:12,462982.1,An unknown person posing as a Punjab National Bank official convinced me to make a 'verification transfer' of Rs 462982. I later found the beneficiary IFSC was PUNB09671 and the number is no longer reachable.,Punjab National Bank,open
438,438,2026-06-08T08:33:38,413717.33,I was tricked into installing a remote-access app after a fake State Bank of India KYC update message. Rs 413717 was transferred out immediately. Bank IFSC on the receiving account appears to be SBIN04039.,State Bank of India,open
439,439,2026-07-17T04:58:48,65592.14,I was tricked into installing a remote-access app after a fake Punjab National Bank KYC update message. Rs 65592 was transferred out immediately. Bank IFSC on the receiving account appears to be PUNB00302.,Punjab National Bank,open
440,440,2026-07-03T18:38:02,174093.81,I was tricked into installing a remote-access app after a fake Punjab National Bank KYC update message. Rs 174093 was transferred out immediately. Bank IFSC on the receiving account appears to be PUNB05269.,Punjab National Bank,open
441,441,2026-07-20T15:47:25,368940.19,An unknown person posing as a HDFC Bank official convinced me to make a 'verification transfer' of Rs 368940. I later found the beneficiary IFSC was HDFC09524 and the number is no longer reachable.,HDFC Bank,open
442,442,2026-08-13T12:24:20,129213.95,An unknown person posing as a Bank of Baroda official convinced me to make a 'verification transfer' of Rs 129213. I later found the beneficiary IFSC was BARB01232 and the number is no longer reachable.,Bank of Baroda,open
443,443,2026-07-06T12:53:44,204156.85,I was tricked into installing a remote-access app after a fake HDFC Bank KYC update message. Rs 204156 was transferred out immediately. Bank IFSC on the receiving account appears to be HDFC05086.,HDFC Bank,open
444,444,2026-07-10T10:07:03,108621.91,I received a call claiming to be from ICICI Bank customer support and was asked to share an OTP. Rs 108621 was debited from my account without my consent. The transaction reference mentions IFSC ICIC01634.,ICICI Bank,open
445,445,2026-08-28T20:37:26,289593.91,An unknown person posing as a ICICI Bank official convinced me to make a 'verification transfer' of Rs 289593. I later found the beneficiary IFSC was ICIC03891 and the number is no longer reachable.,ICICI Bank,open
446,446,2026-08-13T18:01:56,130850.71,I was tricked into installing a remote-access app after a fake ICICI Bank KYC update message. Rs 130850 was transferred out immediately. Bank IFSC on the receiving account appears to be ICIC03317.,ICICI Bank,open
447,447,2026-06-12T08:13:46,423147.81,I was tricked into installing a remote-access app after a fake Bank of Baroda KYC update message. Rs 423147 was transferred out immediately. Bank IFSC on the receiving account appears to be BARB05027.,Bank of Baroda,open
448,448,2026-06-05T04:51:03,263754.74,I was tricked into installing a remote-access app after a fake State Bank of India KYC update message. Rs 263754 was transferred out immediately. Bank IFSC on the receiving account appears to be SBIN03772.,State Bank of India,open
449,449,2026-07-04T04:23:26,338733.18,My HDFC Bank debit card details were compromised after a phishing SMS. Rs 338733 was withdrawn/transferred without authorization. Reference IFSC noted on the statement: HDFC08938.,HDFC Bank,open
450,450,2026-06-23T19:55:58,334887.5,An unknown person posing as a HDFC Bank official convinced me to make a 'verification transfer' of Rs 334887. I later found the beneficiary IFSC was HDFC03952 and the number is no longer reachable.,HDFC Bank,open
451,451,2026-08-15T15:17:04,296289.52,My ICICI Bank debit card details were compromised after a phishing SMS. Rs 296289 was withdrawn/transferred without authorization. Reference IFSC noted on the statement: ICIC03689.,ICICI Bank,open
452,452,2026-06-20T03:49:41,119641.62,I received a call claiming to be from Punjab National Bank customer support and was asked to share an OTP. Rs 119641 was debited from my account without my consent. The transaction reference mentions IFSC PUNB02789.,Punjab National Bank,open
453,453,2026-07-24T06:08:31,163828.13,I received a call claiming to be from HDFC Bank customer support and was asked to share an OTP. Rs 163828 was debited from my account without my consent. The transaction reference mentions IFSC HDFC00640.,HDFC Bank,open
454,454,2026-08-19T21:30:09,208468.58,I received a call claiming to be from Bank of Baroda customer support and was asked to share an OTP. Rs 208468 was debited from my account without my consent. The transaction reference mentions IFSC BARB06771.,Bank of Baroda,open
455,455,2026-07-15T06:52:07,59697.09,My Axis Bank debit card details were compromised after a phishing SMS. Rs 59697 was withdrawn/transferred without authorization. Reference IFSC noted on the statement: UTIB07622.,Axis Bank,open
456,456,2026-07-09T06:14:06,348383.83,I received a call claiming to be from HDFC Bank customer support and was asked to share an OTP. Rs 348383 was debited from my account without my consent. The transaction reference mentions IFSC HDFC02206.,HDFC Bank,open
457,457,2026-06-25T23:43:32,488118.87,An unknown person posing as a ICICI Bank official convinced me to make a 'verification transfer' of Rs 488118. I later found the beneficiary IFSC was ICIC02615 and the number is no longer reachable.,ICICI Bank,open
458,458,2026-07-03T02:23:04,282851.61,My Punjab National Bank debit card details were compromised after a phishing SMS. Rs 282851 was withdrawn/transferred without authorization. Reference IFSC noted on the statement: PUNB05193.,Punjab National Bank,open
459,459,2026-07-02T18:03:03,78605.01,I received a call claiming to be from State Bank of India customer support and was asked to share an OTP. Rs 78605 was debited from my account without my consent. The transaction reference mentions IFSC SBIN01481.,State Bank of India,open
460,460,2026-07-03T09:37:37,259917.6,I received a call claiming to be from State Bank of India customer support and was asked to share an OTP. Rs 259917 was debited from my account without my consent. The transaction reference mentions IFSC SBIN00563.,State Bank of India,open
461,461,2026-06-17T04:33:54,354298.1,An unknown person posing as a Bank of Baroda official convinced me to make a 'verification transfer' of Rs 354298. I later found the beneficiary IFSC was BARB09126 and the number is no longer reachable.,Bank of Baroda,open
462,462,2026-06-25T22:27:53,463923.24,I was tricked into installing a remote-access app after a fake HDFC Bank KYC update message. Rs 463923 was transferred out immediately. Bank IFSC on the receiving account appears to be HDFC03072.,HDFC Bank,open
463,463,2026-08-26T22:28:33,482359.99,I was tricked into installing a remote-access app after a fake Punjab National Bank KYC update message. Rs 482359 was transferred out immediately. Bank IFSC on the receiving account appears to be PUNB00696.,Punjab National Bank,open
464,464,2026-07-05T00:24:14,319216.46,My State Bank of India debit card details were compromised after a phishing SMS. Rs 319216 was withdrawn/transferred without authorization. Reference IFSC noted on the statement: SBIN02945.,State Bank of India,open
465,465,2026-08-02T17:47:10,245744.43,I was tricked into installing a remote-access app after a fake ICICI Bank KYC update message. Rs 245744 was transferred out immediately. Bank IFSC on the receiving account appears to be ICIC07826.,ICICI Bank,open
466,466,2026-06-26T04:02:42,184245.43,I was tricked into installing a remote-access app after a fake State Bank of India KYC update message. Rs 184245 was transferred out immediately. Bank IFSC on the receiving account appears to be SBIN06383.,State Bank of India,open
467,467,2026-06-25T22:04:57,69747.12,My Bank of Baroda debit card details were compromised after a phishing SMS. Rs 69747 was withdrawn/transferred without authorization. Reference IFSC noted on the statement: BARB07818.,Bank of Baroda,open
468,468,2026-07-21T00:37:19,246270.78,My Bank of Baroda debit card details were compromised after a phishing SMS. Rs 246270 was withdrawn/transferred without authorization. Reference IFSC noted on the statement: BARB09178.,Bank of Baroda,open
469,469,2026-07-26T07:01:04,351145.97,An unknown person posing as a HDFC Bank official convinced me to make a 'verification transfer' of Rs 351145. I later found the beneficiary IFSC was HDFC02274 and the number is no longer reachable.,HDFC Bank,open
470,470,2026-08-07T08:30:55,226510.31,I received a call claiming to be from State Bank of India customer support and was asked to share an OTP. Rs 226510 was debited from my account without my consent. The transaction reference mentions IFSC SBIN04979.,State Bank of India,open
471,471,2026-06-30T20:16:48,385183.03,An unknown person posing as a Punjab National Bank official convinced me to make a 'verification transfer' of Rs 385183. I later found the beneficiary IFSC was PUNB02558 and the number is no longer reachable.,Punjab National Bank,open
472,472,2026-08-04T16:11:52,205417.44,An unknown person posing as a Punjab National Bank official convinced me to make a 'verification transfer' of Rs 205417. I later found the beneficiary IFSC was PUNB06630 and the number is no longer reachable.,Punjab National Bank,open
473,473,2026-06-17T15:19:12,243951.69,I received a call claiming to be from Bank of Baroda customer support and was asked to share an OTP. Rs 243951 was debited from my account without my consent. The transaction reference mentions IFSC BARB07129.,Bank of Baroda,open
474,474,2026-06-25T18:11:40,220106.62,An unknown person posing as a Bank of Baroda official convinced me to make a 'verification transfer' of Rs 220106. I later found the beneficiary IFSC was BARB06176 and the number is no longer reachable.,Bank of Baroda,open
475,475,2026-07-23T21:56:37,308170.82,My ICICI Bank debit card details were compromised after a phishing SMS. Rs 308170 was withdrawn/transferred without authorization. Reference IFSC noted on the statement: ICIC04550.,ICICI Bank,open
476,476,2026-06-02T10:03:17,283195.94,My HDFC Bank debit card details were compromised after a phishing SMS. Rs 283195 was withdrawn/transferred without authorization. Reference IFSC noted on the statement: HDFC04653.,HDFC Bank,open
477,477,2026-06-25T03:19:41,147708.2,My Bank of Baroda debit card details were compromised after a phishing SMS. Rs 147708 was withdrawn/transferred without authorization. Reference IFSC noted on the statement: BARB02914.,Bank of Baroda,open
478,478,2026-07-24T00:04:11,227948.29,I received a call claiming to be from Axis Bank customer support and was asked to share an OTP. Rs 227948 was debited from my account without my consent. The transaction reference mentions IFSC UTIB06395.,Axis Bank,open
479,479,2026-07-07T13:11:26,248924.28,I was tricked into installing a remote-access app after a fake Axis Bank KYC update message. Rs 248924 was transferred out immediately. Bank IFSC on the receiving account appears to be UTIB06585.,Axis Bank,open
480,480,2026-07-02T18:00:18,466687.71,An unknown person posing as a Bank of Baroda official convinced me to make a 'verification transfer' of Rs 466687. I later found the beneficiary IFSC was BARB07882 and the number is no longer reachable.,Bank of Baroda,open
481,481,2026-07-06T16:35:34,332571.04,I was tricked into installing a remote-access app after a fake Bank of Baroda KYC update message. Rs 332571 was transferred out immediately. Bank IFSC on the receiving account appears to be BARB06527.,Bank of Baroda,open
482,482,2026-08-11T05:54:07,440238.96,My HDFC Bank debit card details were compromised after a phishing SMS. Rs 440238 was withdrawn/transferred without authorization. Reference IFSC noted on the statement: HDFC05972.,HDFC Bank,open
483,483,2026-07-19T21:14:35,433201.03,My State Bank of India debit card details were compromised after a phishing SMS. Rs 433201 was withdrawn/transferred without authorization. Reference IFSC noted on the statement: SBIN03063.,State Bank of India,open
484,484,2026-07-07T11:52:09,284240.31,I was tricked into installing a remote-access app after a fake Bank of Baroda KYC update message. Rs 284240 was transferred out immediately. Bank IFSC on the receiving account appears to be BARB05040.,Bank of Baroda,open
485,485,2026-08-18T19:43:12,146697.88,An unknown person posing as a Axis Bank official convinced me to make a 'verification transfer' of Rs 146697. I later found the beneficiary IFSC was UTIB00004 and the number is no longer reachable.,Axis Bank,open
486,486,2026-07-11T11:50:27,149976.24,My Bank of Baroda debit card details were compromised after a phishing SMS. Rs 149976 was withdrawn/transferred without authorization. Reference IFSC noted on the statement: BARB06390.,Bank of Baroda,open
487,487,2026-06-09T11:27:42,251419.12,My Axis Bank debit card details were compromised after a phishing SMS. Rs 251419 was withdrawn/transferred without authorization. Reference IFSC noted on the statement: UTIB02573.,Axis Bank,open
488,488,2026-06-13T20:38:07,235792.42,An unknown person posing as a State Bank of India official convinced me to make a 'verification transfer' of Rs 235792. I later found the beneficiary IFSC was SBIN02644 and the number is no longer reachable.,State Bank of India,open
489,489,2026-07-14T14:25:19,127032.6,I was tricked into installing a remote-access app after a fake ICICI Bank KYC update message. Rs 127032 was transferred out immediately. Bank IFSC on the receiving account appears to be ICIC05556.,ICICI Bank,open
490,490,2026-08-03T21:10:05,35570.66,I was tricked into installing a remote-access app after a fake Axis Bank KYC update message. Rs 35570 was transferred out immediately. Bank IFSC on the receiving account appears to be UTIB03262.,Axis Bank,open
491,491,2026-07-19T21:51:58,176556.11,I received a call claiming to be from HDFC Bank customer support and was asked to share an OTP. Rs 176556 was debited from my account without my consent. The transaction reference mentions IFSC HDFC07790.,HDFC Bank,open
492,492,2026-08-25T05:59:56,300510.83,I received a call claiming to be from Axis Bank customer support and was asked to share an OTP. Rs 300510 was debited from my account without my consent. The transaction reference mentions IFSC UTIB08623.,Axis Bank,open
493,493,2026-07-23T16:21:37,148099.85,I received a call claiming to be from Axis Bank customer support and was asked to share an OTP. Rs 148099 was debited from my account without my consent. The transaction reference mentions IFSC UTIB06821.,Axis Bank,open
494,494,2026-08-03T23:57:38,468195.07,I was tricked into installing a remote-access app after a fake Bank of Baroda KYC update message. Rs 468195 was transferred out immediately. Bank IFSC on the receiving account appears to be BARB05401.,Bank of Baroda,open
495,495,2026-07-30T08:32:21,418739.21,I was tricked into installing a remote-access app after a fake Axis Bank KYC update message. Rs 418739 was transferred out immediately. Bank IFSC on the receiving account appears to be UTIB01135.,Axis Bank,open
496,496,2026-06-17T16:26:08,493177.6,An unknown person posing as a State Bank of India official convinced me to make a 'verification transfer' of Rs 493177. I later found the beneficiary IFSC was SBIN05740 and the number is no longer reachable.,State Bank of India,open
497,497,2026-06-12T18:17:20,123705.01,My State Bank of India debit card details were compromised after a phishing SMS. Rs 123705 was withdrawn/transferred without authorization. Reference IFSC noted on the statement: SBIN05322.,State Bank of India,open
498,498,2026-08-11T02:25:35,135231.72,An unknown person posing as a ICICI Bank official convinced me to make a 'verification transfer' of Rs 135231. I later found the beneficiary IFSC was ICIC05085 and the number is no longer reachable.,ICICI Bank,open
499,499,2026-06-04T09:18:05,469074.05,I was tricked into installing a remote-access app after a fake Punjab National Bank KYC update message. Rs 469074 was transferred out immediately. Bank IFSC on the receiving account appears to be PUNB04116.,Punjab National Bank,open
500,500,2026-07-10T20:50:55,32133.01,An unknown person posing as a ICICI Bank official convinced me to make a 'verification transfer' of Rs 32133. I later found the beneficiary IFSC was ICIC00605 and the number is no longer reachable.,ICICI Bank,open
501,501,2026-06-03T11:49:06,140773.29,I was tricked into installing a remote-access app after a fake ICICI Bank KYC update message. Rs 140773 was transferred out immediately. Bank IFSC on the receiving account appears to be ICIC05317.,ICICI Bank,open
502,502,2026-07-19T14:59:25,461241.85,My Bank of Baroda debit card details were compromised after a phishing SMS. Rs 461241 was withdrawn/transferred without authorization. Reference IFSC noted on the statement: BARB02789.,Bank of Baroda,open
503,503,2026-06-01T20:34:32,413159.18,I was tricked into installing a remote-access app after a fake ICICI Bank KYC update message. Rs 413159 was transferred out immediately. Bank IFSC on the receiving account appears to be ICIC01420.,ICICI Bank,open
504,504,2026-07-08T03:58:33,346098.15,I was tricked into installing a remote-access app after a fake State Bank of India KYC update message. Rs 346098 was transferred out immediately. Bank IFSC on the receiving account appears to be SBIN09213.,State Bank of India,open
505,505,2026-07-26T13:32:07,244627.45,I was tricked into installing a remote-access app after a fake Axis Bank KYC update message. Rs 244627 was transferred out immediately. Bank IFSC on the receiving account appears to be UTIB07921.,Axis Bank,open
506,506,2026-06-21T07:40:22,224910.12,I received a call claiming to be from Axis Bank customer support and was asked to share an OTP. Rs 224910 was debited from my account without my consent. The transaction reference mentions IFSC UTIB00535.,Axis Bank,open
507,507,2026-08-12T09:18:25,180282.82,My Bank of Baroda debit card details were compromised after a phishing SMS. Rs 180282 was withdrawn/transferred without authorization. Reference IFSC noted on the statement: BARB03311.,Bank of Baroda,open
508,508,2026-06-04T02:04:45,210013.49,An unknown person posing as a HDFC Bank official convinced me to make a 'verification transfer' of Rs 210013. I later found the beneficiary IFSC was HDFC06847 and the number is no longer reachable.,HDFC Bank,open
509,509,2026-07-02T23:21:18,349185.08,I received a call claiming to be from Bank of Baroda customer support and was asked to share an OTP. Rs 349185 was debited from my account without my consent. The transaction reference mentions IFSC BARB07442.,Bank of Baroda,open
510,510,2026-08-25T12:12:08,21468.24,I received a call claiming to be from State Bank of India customer support and was asked to share an OTP. Rs 21468 was debited from my account without my consent. The transaction reference mentions IFSC SBIN04645.,State Bank of India,open
511,511,2026-07-24T00:18:11,24563.74,I received a call claiming to be from ICICI Bank customer support and was asked to share an OTP. Rs 24563 was debited from my account without my consent. The transaction reference mentions IFSC ICIC04315.,ICICI Bank,open
512,512,2026-07-22T05:41:45,130719.83,I was tricked into installing a remote-access app after a fake State Bank of India KYC update message. Rs 130719 was transferred out immediately. Bank IFSC on the receiving account appears to be SBIN07244.,State Bank of India,open
513,513,2026-07-20T07:19:08,282274.19,I received a call claiming to be from State Bank of India customer support and was asked to share an OTP. Rs 282274 was debited from my account without my consent. The transaction reference mentions IFSC SBIN08716.,State Bank of India,open
514,514,2026-07-14T18:09:37,433012.27,My Axis Bank debit card details were compromised after a phishing SMS. Rs 433012 was withdrawn/transferred without authorization. Reference IFSC noted on the statement: UTIB00447.,Axis Bank,open
515,515,2026-07-10T08:20:16,496714.02,An unknown person posing as a Bank of Baroda official convinced me to make a 'verification transfer' of Rs 496714. I later found the beneficiary IFSC was BARB02050 and the number is no longer reachable.,Bank of Baroda,open
516,516,2026-08-20T12:02:51,307013.16,My Punjab National Bank debit card details were compromised after a phishing SMS. Rs 307013 was withdrawn/transferred without authorization. Reference IFSC noted on the statement: PUNB01653.,Punjab National Bank,open
517,517,2026-07-09T08:08:38,305186.81,I was tricked into installing a remote-access app after a fake State Bank of India KYC update message. Rs 305186 was transferred out immediately. Bank IFSC on the receiving account appears to be SBIN03743.,State Bank of India,open
518,518,2026-07-26T18:04:15,233763.04,My Axis Bank debit card details were compromised after a phishing SMS. Rs 233763 was withdrawn/transferred without authorization. Reference IFSC noted on the statement: UTIB06942.,Axis Bank,open
519,519,2026-07-16T16:05:40,289850.17,My HDFC Bank debit card details were compromised after a phishing SMS. Rs 289850 was withdrawn/transferred without authorization. Reference IFSC noted on the statement: HDFC02687.,HDFC Bank,open
520,520,2026-07-30T12:24:55,191691.49,I received a call claiming to be from State Bank of India customer support and was asked to share an OTP. Rs 191691 was debited from my account without my consent. The transaction reference mentions IFSC SBIN02943.,State Bank of India,open
521,521,2026-07-10T04:59:44,224245.58,I was tricked into installing a remote-access app after a fake Axis Bank KYC update message. Rs 224245 was transferred out immediately. Bank IFSC on the receiving account appears to be UTIB00217.,Axis Bank,open
522,522,2026-06-28T20:09:07,424005.56,I received a call claiming to be from State Bank of India customer support and was asked to share an OTP. Rs 424005 was debited from my account without my consent. The transaction reference mentions IFSC SBIN04501.,State Bank of India,open
523,523,2026-07-17T22:32:44,178219.08,I received a call claiming to be from ICICI Bank customer support and was asked to share an OTP. Rs 178219 was debited from my account without my consent. The transaction reference mentions IFSC ICIC08277.,ICICI Bank,open
524,524,2026-06-11T11:58:11,451642.73,My Axis Bank debit card details were compromised after a phishing SMS. Rs 451642 was withdrawn/transferred without authorization. Reference IFSC noted on the statement: UTIB02684.,Axis Bank,open
525,525,2026-06-16T06:16:32,337488.25,An unknown person posing as a Axis Bank official convinced me to make a 'verification transfer' of Rs 337488. I later found the beneficiary IFSC was UTIB01800 and the number is no longer reachable.,Axis Bank,open
526,526,2026-06-27T22:26:12,106624.31,I received a call claiming to be from Punjab National Bank customer support and was asked to share an OTP. Rs 106624 was debited from my account without my consent. The transaction reference mentions IFSC PUNB02059.,Punjab National Bank,open
527,527,2026-08-18T17:18:15,39582.43,I received a call claiming to be from Axis Bank customer support and was asked to share an OTP. Rs 39582 was debited from my account without my consent. The transaction reference mentions IFSC UTIB06629.,Axis Bank,open
528,528,2026-08-01T11:31:55,222400.71,My State Bank of India debit card details were compromised after a phishing SMS. Rs 222400 was withdrawn/transferred without authorization. Reference IFSC noted on the statement: SBIN06584.,State Bank of India,open
529,529,2026-07-18T05:35:20,442370.98,I received a call claiming to be from Bank of Baroda customer support and was asked to share an OTP. Rs 442370 was debited from my account without my consent. The transaction reference mentions IFSC BARB05019.,Bank of Baroda,open
530,530,2026-07-08T05:33:59,348266.8,I received a call claiming to be from HDFC Bank customer support and was asked to share an OTP. Rs 348266 was debited from my account without my consent. The transaction reference mentions IFSC HDFC08418.,HDFC Bank,open
531,531,2026-07-15T06:44:25,116932.51,I was tricked into installing a remote-access app after a fake State Bank of India KYC update message. Rs 116932 was transferred out immediately. Bank IFSC on the receiving account appears to be SBIN07394.,State Bank of India,open
532,532,2026-06-06T19:26:21,378303.05,I was tricked into installing a remote-access app after a fake HDFC Bank KYC update message. Rs 378303 was transferred out immediately. Bank IFSC on the receiving account appears to be HDFC00423.,HDFC Bank,open
533,533,2026-08-19T23:54:06,252324.08,I was tricked into installing a remote-access app after a fake Punjab National Bank KYC update message. Rs 252324 was transferred out immediately. Bank IFSC on the receiving account appears to be PUNB03309.,Punjab National Bank,open
534,534,2026-08-04T17:34:27,326834.76,An unknown person posing as a Punjab National Bank official convinced me to make a 'verification transfer' of Rs 326834. I later found the beneficiary IFSC was PUNB06580 and the number is no longer reachable.,Punjab National Bank,open
535,535,2026-06-26T14:36:32,454622.68,I received a call claiming to be from Punjab National Bank customer support and was asked to share an OTP. Rs 454622 was debited from my account without my consent. The transaction reference mentions IFSC PUNB06664.,Punjab National Bank,open
536,536,2026-08-17T09:47:44,477567.48,An unknown person posing as a Bank of Baroda official convinced me to make a 'verification transfer' of Rs 477567. I later found the beneficiary IFSC was BARB03317 and the number is no longer reachable.,Bank of Baroda,open
537,537,2026-06-13T22:17:15,301949.87,My State Bank of India debit card details were compromised after a phishing SMS. Rs 301949 was withdrawn/transferred without authorization. Reference IFSC noted on the statement: SBIN02267.,State Bank of India,open
538,538,2026-07-06T00:58:14,325215.04,An unknown person posing as a Bank of Baroda official convinced me to make a 'verification transfer' of Rs 325215. I later found the beneficiary IFSC was BARB09262 and the number is no longer reachable.,Bank of Baroda,open
539,539,2026-08-23T08:51:01,334673.37,I received a call claiming to be from HDFC Bank customer support and was asked to share an OTP. Rs 334673 was debited from my account without my consent. The transaction reference mentions IFSC HDFC05225.,HDFC Bank,open
540,540,2026-07-08T03:37:22,21594.89,I received a call claiming to be from ICICI Bank customer support and was asked to share an OTP. Rs 21594 was debited from my account without my consent. The transaction reference mentions IFSC ICIC05347.,ICICI Bank,open
541,541,2026-06-17T13:26:08,481319.03,I was tricked into installing a remote-access app after a fake ICICI Bank KYC update message. Rs 481319 was transferred out immediately. Bank IFSC on the receiving account appears to be ICIC03294.,ICICI Bank,open
542,542,2026-07-30T04:46:47,288291.35,I was tricked into installing a remote-access app after a fake State Bank of India KYC update message. Rs 288291 was transferred out immediately. Bank IFSC on the receiving account appears to be SBIN04891.,State Bank of India,open
543,543,2026-08-24T12:44:51,327894.81,I was tricked into installing a remote-access app after a fake Punjab National Bank KYC update message. Rs 327894 was transferred out immediately. Bank IFSC on the receiving account appears to be PUNB01112.,Punjab National Bank,open
544,544,2026-08-06T04:46:48,112569.87,I was tricked into installing a remote-access app after a fake Punjab National Bank KYC update message. Rs 112569 was transferred out immediately. Bank IFSC on the receiving account appears to be PUNB07987.,Punjab National Bank,open
545,545,2026-07-12T15:38:31,405243.84,An unknown person posing as a ICICI Bank official convinced me to make a 'verification transfer' of Rs 405243. I later found the beneficiary IFSC was ICIC03331 and the number is no longer reachable.,ICICI Bank,open
546,546,2026-08-27T02:39:00,409122.67,My Axis Bank debit card details were compromised after a phishing SMS. Rs 409122 was withdrawn/transferred without authorization. Reference IFSC noted on the statement: UTIB09328.,Axis Bank,open
547,547,2026-07-31T08:24:50,100443.53,I was tricked into installing a remote-access app after a fake Bank of Baroda KYC update message. Rs 100443 was transferred out immediately. Bank IFSC on the receiving account appears to be BARB08409.,Bank of Baroda,open
548,548,2026-07-17T20:24:41,180788.49,I received a call claiming to be from ICICI Bank customer support and was asked to share an OTP. Rs 180788 was debited from my account without my consent. The transaction reference mentions IFSC ICIC01026.,ICICI Bank,open
549,549,2026-06-06T21:05:30,307919.06,An unknown person posing as a State Bank of India official convinced me to make a 'verification transfer' of Rs 307919. I later found the beneficiary IFSC was SBIN03428 and the number is no longer reachable.,State Bank of India,open
550,550,2026-07-04T08:23:55,290209.09,I received a call claiming to be from Axis Bank customer support and was asked to share an OTP. Rs 290209 was debited from my account without my consent. The transaction reference mentions IFSC UTIB08749.,Axis Bank,open
551,551,2026-06-19T21:29:18,226260.83,My HDFC Bank debit card details were compromised after a phishing SMS. Rs 226260 was withdrawn/transferred without authorization. Reference IFSC noted on the statement: HDFC07211.,HDFC Bank,open
552,552,2026-08-04T00:49:54,121725.87,My ICICI Bank debit card details were compromised after a phishing SMS. Rs 121725 was withdrawn/transferred without authorization. Reference IFSC noted on the statement: ICIC04494.,ICICI Bank,open
553,553,2026-08-27T21:31:50,480872.19,I received a call claiming to be from State Bank of India customer support and was asked to share an OTP. Rs 480872 was debited from my account without my consent. The transaction reference mentions IFSC SBIN05858.,State Bank of India,open
554,554,2026-06-19T11:41:09,387722.0,I received a call claiming to be from State Bank of India customer support and was asked to share an OTP. Rs 387722 was debited from my account without my consent. The transaction reference mentions IFSC SBIN02633.,State Bank of India,open
555,555,2026-06-14T12:49:42,64753.91,My HDFC Bank debit card details were compromised after a phishing SMS. Rs 64753 was withdrawn/transferred without authorization. Reference IFSC noted on the statement: HDFC05083.,HDFC Bank,open
556,556,2026-08-27T20:37:11,115231.99,An unknown person posing as a HDFC Bank official convinced me to make a 'verification transfer' of Rs 115231. I later found the beneficiary IFSC was HDFC05872 and the number is no longer reachable.,HDFC Bank,open
557,557,2026-07-07T22:49:39,102993.35,My Bank of Baroda debit card details were compromised after a phishing SMS. Rs 102993 was withdrawn/transferred without authorization. Reference IFSC noted on the statement: BARB01379.,Bank of Baroda,open
558,558,2026-06-18T01:07:00,315000.45,I received a call claiming to be from HDFC Bank customer support and was asked to share an OTP. Rs 315000 was debited from my account without my consent. The transaction reference mentions IFSC HDFC07186.,HDFC Bank,open
559,559,2026-07-22T00:10:52,189762.27,I received a call claiming to be from ICICI Bank customer support and was asked to share an OTP. Rs 189762 was debited from my account without my consent. The transaction reference mentions IFSC ICIC02352.,ICICI Bank,open
560,560,2026-07-26T08:32:15,332860.76,I received a call claiming to be from HDFC Bank customer support and was asked to share an OTP. Rs 332860 was debited from my account without my consent. The transaction reference mentions IFSC HDFC09180.,HDFC Bank,open
561,561,2026-06-12T13:19:28,65906.09,An unknown person posing as a Axis Bank official convinced me to make a 'verification transfer' of Rs 65906. I later found the beneficiary IFSC was UTIB08881 and the number is no longer reachable.,Axis Bank,open
562,562,2026-07-30T23:43:48,331111.63,I received a call claiming to be from State Bank of India customer support and was asked to share an OTP. Rs 331111 was debited from my account without my consent. The transaction reference mentions IFSC SBIN09401.,State Bank of India,open
563,563,2026-07-12T11:14:39,356577.21,An unknown person posing as a State Bank of India official convinced me to make a 'verification transfer' of Rs 356577. I later found the beneficiary IFSC was SBIN01332 and the number is no longer reachable.,State Bank of India,open
564,564,2026-06-28T15:26:34,104303.26,An unknown person posing as a Bank of Baroda official convinced me to make a 'verification transfer' of Rs 104303. I later found the beneficiary IFSC was BARB06831 and the number is no longer reachable.,Bank of Baroda,open
565,565,2026-06-12T11:10:21,302023.21,My Axis Bank debit card details were compromised after a phishing SMS. Rs 302023 was withdrawn/transferred without authorization. Reference IFSC noted on the statement: UTIB05046.,Axis Bank,open
566,566,2026-07-09T13:26:13,377279.87,An unknown person posing as a State Bank of India official convinced me to make a 'verification transfer' of Rs 377279. I later found the beneficiary IFSC was SBIN05955 and the number is no longer reachable.,State Bank of India,open
567,567,2026-06-26T17:54:28,165083.79,I was tricked into installing a remote-access app after a fake HDFC Bank KYC update message. Rs 165083 was transferred out immediately. Bank IFSC on the receiving account appears to be HDFC05255.,HDFC Bank,open
568,568,2026-07-26T03:10:45,86537.99,An unknown person posing as a Bank of Baroda official convinced me to make a 'verification transfer' of Rs 86537. I later found the beneficiary IFSC was BARB06120 and the number is no longer reachable.,Bank of Baroda,open
569,569,2026-08-26T14:16:05,292160.88,I was tricked into installing a remote-access app after a fake ICICI Bank KYC update message. Rs 292160 was transferred out immediately. Bank IFSC on the receiving account appears to be ICIC00328.,ICICI Bank,open
570,570,2026-06-04T05:12:07,56778.71,I received a call claiming to be from Axis Bank customer support and was asked to share an OTP. Rs 56778 was debited from my account without my consent. The transaction reference mentions IFSC UTIB09709.,Axis Bank,open
571,571,2026-08-02T08:31:47,85932.02,I received a call claiming to be from Punjab National Bank customer support and was asked to share an OTP. Rs 85932 was debited from my account without my consent. The transaction reference mentions IFSC PUNB09056.,Punjab National Bank,open
572,572,2026-08-06T16:06:51,137672.94,I received a call claiming to be from ICICI Bank customer support and was asked to share an OTP. Rs 137672 was debited from my account without my consent. The transaction reference mentions IFSC ICIC03571.,ICICI Bank,open
573,573,2026-08-28T15:07:47,468935.72,An unknown person posing as a Bank of Baroda official convinced me to make a 'verification transfer' of Rs 468935. I later found the beneficiary IFSC was BARB03830 and the number is no longer reachable.,Bank of Baroda,open
574,574,2026-07-17T07:45:04,106586.6,I was tricked into installing a remote-access app after a fake HDFC Bank KYC update message. Rs 106586 was transferred out immediately. Bank IFSC on the receiving account appears to be HDFC09380.,HDFC Bank,open
575,575,2026-08-02T20:54:50,246254.21,My State Bank of India debit card details were compromised after a phishing SMS. Rs 246254 was withdrawn/transferred without authorization. Reference IFSC noted on the statement: SBIN00338.,State Bank of India,open
576,576,2026-06-18T10:26:13,267887.45,My HDFC Bank debit card details were compromised after a phishing SMS. Rs 267887 was withdrawn/transferred without authorization. Reference IFSC noted on the statement: HDFC08146.,HDFC Bank,open
577,577,2026-06-08T15:54:49,341190.34,I received a call claiming to be from HDFC Bank customer support and was asked to share an OTP. Rs 341190 was debited from my account without my consent. The transaction reference mentions IFSC HDFC08362.,HDFC Bank,open
578,578,2026-07-26T09:13:47,286660.47,I was tricked into installing a remote-access app after a fake Bank of Baroda KYC update message. Rs 286660 was transferred out immediately. Bank IFSC on the receiving account appears to be BARB07561.,Bank of Baroda,open
579,579,2026-08-14T13:32:37,311636.75,I was tricked into installing a remote-access app after a fake Punjab National Bank KYC update message. Rs 311636 was transferred out immediately. Bank IFSC on the receiving account appears to be PUNB09598.,Punjab National Bank,open
580,580,2026-07-02T11:58:06,429998.79,I received a call claiming to be from HDFC Bank customer support and was asked to share an OTP. Rs 429998 was debited from my account without my consent. The transaction reference mentions IFSC HDFC03294.,HDFC Bank,open
581,581,2026-06-07T01:42:02,436367.04,My State Bank of India debit card details were compromised after a phishing SMS. Rs 436367 was withdrawn/transferred without authorization. Reference IFSC noted on the statement: SBIN01531.,State Bank of India,open
582,582,2026-07-09T05:23:01,280514.21,I received a call claiming to be from State Bank of India customer support and was asked to share an OTP. Rs 280514 was debited from my account without my consent. The transaction reference mentions IFSC SBIN08758.,State Bank of India,open
583,583,2026-07-01T07:50:29,111647.06,My ICICI Bank debit card details were compromised after a phishing SMS. Rs 111647 was withdrawn/transferred without authorization. Reference IFSC noted on the statement: ICIC06872.,ICICI Bank,open
584,584,2026-08-11T16:44:25,476321.3,An unknown person posing as a Punjab National Bank official convinced me to make a 'verification transfer' of Rs 476321. I later found the beneficiary IFSC was PUNB05402 and the number is no longer reachable.,Punjab National Bank,open
585,585,2026-07-22T18:51:40,384175.03,An unknown person posing as a State Bank of India official convinced me to make a 'verification transfer' of Rs 384175. I later found the beneficiary IFSC was SBIN04474 and the number is no longer reachable.,State Bank of India,open
586,586,2026-07-31T14:07:55,66333.74,I received a call claiming to be from State Bank of India customer support and was asked to share an OTP. Rs 66333 was debited from my account without my consent. The transaction reference mentions IFSC SBIN08587.,State Bank of India,open
587,587,2026-07-11T06:55:33,366903.65,My Bank of Baroda debit card details were compromised after a phishing SMS. Rs 366903 was withdrawn/transferred without authorization. Reference IFSC noted on the statement: BARB02498.,Bank of Baroda,open
588,588,2026-06-08T12:13:58,453001.88,I was tricked into installing a remote-access app after a fake Punjab National Bank KYC update message. Rs 453001 was transferred out immediately. Bank IFSC on the receiving account appears to be PUNB00536.,Punjab National Bank,open
589,589,2026-08-09T05:39:50,401754.19,I was tricked into installing a remote-access app after a fake HDFC Bank KYC update message. Rs 401754 was transferred out immediately. Bank IFSC on the receiving account appears to be HDFC03569.,HDFC Bank,open
590,590,2026-08-03T11:33:16,206931.07,An unknown person posing as a Punjab National Bank official convinced me to make a 'verification transfer' of Rs 206931. I later found the beneficiary IFSC was PUNB06726 and the number is no longer reachable.,Punjab National Bank,open
591,591,2026-06-29T09:34:27,484573.02,I was tricked into installing a remote-access app after a fake Punjab National Bank KYC update message. Rs 484573 was transferred out immediately. Bank IFSC on the receiving account appears to be PUNB04055.,Punjab National Bank,open
592,592,2026-06-24T09:53:03,483130.67,I received a call claiming to be from HDFC Bank customer support and was asked to share an OTP. Rs 483130 was debited from my account without my consent. The transaction reference mentions IFSC HDFC09507.,HDFC Bank,open
593,593,2026-07-08T06:41:55,195357.99,An unknown person posing as a State Bank of India official convinced me to make a 'verification transfer' of Rs 195357. I later found the beneficiary IFSC was SBIN07878 and the number is no longer reachable.,State Bank of India,open
594,594,2026-06-17T17:27:00,336310.59,I received a call claiming to be from State Bank of India customer support and was asked to share an OTP. Rs 336310 was debited from my account without my consent. The transaction reference mentions IFSC SBIN02075.,State Bank of India,open
595,595,2026-08-04T00:29:35,55114.66,I received a call claiming to be from Bank of Baroda customer support and was asked to share an OTP. Rs 55114 was debited from my account without my consent. The transaction reference mentions IFSC BARB06942.,Bank of Baroda,open
596,596,2026-08-03T09:30:05,433567.51,I was tricked into installing a remote-access app after a fake ICICI Bank KYC update message. Rs 433567 was transferred out immediately. Bank IFSC on the receiving account appears to be ICIC00860.,ICICI Bank,open
597,597,2026-06-08T23:57:20,131540.17,I received a call claiming to be from Bank of Baroda customer support and was asked to share an OTP. Rs 131540 was debited from my account without my consent. The transaction reference mentions IFSC BARB07056.,Bank of Baroda,open
598,598,2026-07-23T21:30:14,359534.57,I received a call claiming to be from HDFC Bank customer support and was asked to share an OTP. Rs 359534 was debited from my account without my consent. The transaction reference mentions IFSC HDFC07000.,HDFC Bank,open
599,599,2026-07-19T22:31:25,401746.26,I received a call claiming to be from Bank of Baroda customer support and was asked to share an OTP. Rs 401746 was debited from my account without my consent. The transaction reference mentions IFSC BARB08861.,Bank of Baroda,open
600,600,2026-08-28T06:12:07,217310.29,My Punjab National Bank debit card details were compromised after a phishing SMS. Rs 217310 was withdrawn/transferred without authorization. Reference IFSC noted on the statement: PUNB08646.,Punjab National Bank,open
601,601,2026-06-11T01:12:46,197074.47,I received a call claiming to be from ICICI Bank customer support and was asked to share an OTP. Rs 197074 was debited from my account without my consent. The transaction reference mentions IFSC ICIC07151.,ICICI Bank,open
602,602,2026-06-20T18:13:50,276033.18,I was tricked into installing a remote-access app after a fake State Bank of India KYC update message. Rs 276033 was transferred out immediately. Bank IFSC on the receiving account appears to be SBIN04349.,State Bank of India,open
603,603,2026-08-01T11:27:52,206502.65,I received a call claiming to be from ICICI Bank customer support and was asked to share an OTP. Rs 206502 was debited from my account without my consent. The transaction reference mentions IFSC ICIC06289.,ICICI Bank,open
604,604,2026-08-25T21:04:17,372431.25,I was tricked into installing a remote-access app after a fake Punjab National Bank KYC update message. Rs 372431 was transferred out immediately. Bank IFSC on the receiving account appears to be PUNB01751.,Punjab National Bank,open
605,605,2026-06-12T21:28:50,116793.21,An unknown person posing as a HDFC Bank official convinced me to make a 'verification transfer' of Rs 116793. I later found the beneficiary IFSC was HDFC05248 and the number is no longer reachable.,HDFC Bank,open
606,606,2026-08-21T16:41:36,290602.51,I received a call claiming to be from Axis Bank customer support and was asked to share an OTP. Rs 290602 was debited from my account without my consent. The transaction reference mentions IFSC UTIB05685.,Axis Bank,open
607,607,2026-07-26T03:16:07,375680.69,My HDFC Bank debit card details were compromised after a phishing SMS. Rs 375680 was withdrawn/transferred without authorization. Reference IFSC noted on the statement: HDFC05626.,HDFC Bank,open
608,608,2026-08-29T08:23:50,379100.82,My Axis Bank debit card details were compromised after a phishing SMS. Rs 379100 was withdrawn/transferred without authorization. Reference IFSC noted on the statement: UTIB06215.,Axis Bank,open
609,609,2026-07-26T16:48:46,293399.82,An unknown person posing as a ICICI Bank official convinced me to make a 'verification transfer' of Rs 293399. I later found the beneficiary IFSC was ICIC07283 and the number is no longer reachable.,ICICI Bank,open
610,610,2026-07-16T11:58:56,285319.44,My State Bank of India debit card details were compromised after a phishing SMS. Rs 285319 was withdrawn/transferred without authorization. Reference IFSC noted on the statement: SBIN02845.,State Bank of India,open
611,611,2026-07-27T03:59:48,452204.01,An unknown person posing as a State Bank of India official convinced me to make a 'verification transfer' of Rs 452204. I later found the beneficiary IFSC was SBIN06900 and the number is no longer reachable.,State Bank of India,open
612,612,2026-08-18T12:41:03,481078.64,I received a call claiming to be from State Bank of India customer support and was asked to share an OTP. Rs 481078 was debited from my account without my consent. The transaction reference mentions IFSC SBIN00634.,State Bank of India,open
613,613,2026-07-05T12:27:02,73697.27,I was tricked into installing a remote-access app after a fake State Bank of India KYC update message. Rs 73697 was transferred out immediately. Bank IFSC on the receiving account appears to be SBIN00002.,State Bank of India,open
614,614,2026-08-14T08:54:05,101933.69,I was tricked into installing a remote-access app after a fake HDFC Bank KYC update message. Rs 101933 was transferred out immediately. Bank IFSC on the receiving account appears to be HDFC09813.,HDFC Bank,open
615,615,2026-07-13T16:12:11,54183.99,My State Bank of India debit card details were compromised after a phishing SMS. Rs 54183 was withdrawn/transferred without authorization. Reference IFSC noted on the statement: SBIN01877.,State Bank of India,open
616,616,2026-06-07T00:44:33,74271.13,I was tricked into installing a remote-access app after a fake Axis Bank KYC update message. Rs 74271 was transferred out immediately. Bank IFSC on the receiving account appears to be UTIB01835.,Axis Bank,open
617,617,2026-07-29T11:54:21,67152.27,An unknown person posing as a ICICI Bank official convinced me to make a 'verification transfer' of Rs 67152. I later found the beneficiary IFSC was ICIC03346 and the number is no longer reachable.,ICICI Bank,open
618,618,2026-08-29T19:17:52,256131.79,An unknown person posing as a State Bank of India official convinced me to make a 'verification transfer' of Rs 256131. I later found the beneficiary IFSC was SBIN05306 and the number is no longer reachable.,State Bank of India,open
619,619,2026-06-24T06:55:02,257013.85,I received a call claiming to be from HDFC Bank customer support and was asked to share an OTP. Rs 257013 was debited from my account without my consent. The transaction reference mentions IFSC HDFC07926.,HDFC Bank,open
620,620,2026-08-24T00:24:10,395616.34,I was tricked into installing a remote-access app after a fake Bank of Baroda KYC update message. Rs 395616 was transferred out immediately. Bank IFSC on the receiving account appears to be BARB06359.,Bank of Baroda,open
621,621,2026-06-29T02:28:23,123729.7,My Punjab National Bank debit card details were compromised after a phishing SMS. Rs 123729 was withdrawn/transferred without authorization. Reference IFSC noted on the statement: PUNB09135.,Punjab National Bank,open
622,622,2026-06-01T11:06:02,278154.41,I was tricked into installing a remote-access app after a fake Bank of Baroda KYC update message. Rs 278154 was transferred out immediately. Bank IFSC on the receiving account appears to be BARB06292.,Bank of Baroda,open
623,623,2026-06-20T22:53:26,252550.84,An unknown person posing as a ICICI Bank official convinced me to make a 'verification transfer' of Rs 252550. I later found the beneficiary IFSC was ICIC01245 and the number is no longer reachable.,ICICI Bank,open
624,624,2026-06-21T06:08:38,359261.42,I received a call claiming to be from ICICI Bank customer support and was asked to share an OTP. Rs 359261 was debited from my account without my consent. The transaction reference mentions IFSC ICIC08257.,ICICI Bank,open
625,625,2026-08-03T16:36:37,193507.72,An unknown person posing as a Bank of Baroda official convinced me to make a 'verification transfer' of Rs 193507. I later found the beneficiary IFSC was BARB01105 and the number is no longer reachable.,Bank of Baroda,open
626,626,2026-08-21T20:11:01,384009.67,An unknown person posing as a Bank of Baroda official convinced me to make a 'verification transfer' of Rs 384009. I later found the beneficiary IFSC was BARB03109 and the number is no longer reachable.,Bank of Baroda,open
627,627,2026-07-20T09:15:33,209720.75,An unknown person posing as a Punjab National Bank official convinced me to make a 'verification transfer' of Rs 209720. I later found the beneficiary IFSC was PUNB02118 and the number is no longer reachable.,Punjab National Bank,open
628,628,2026-06-13T19:42:54,41325.34,My State Bank of India debit card details were compromised after a phishing SMS. Rs 41325 was withdrawn/transferred without authorization. Reference IFSC noted on the statement: SBIN07514.,State Bank of India,open
629,629,2026-08-28T01:57:52,356129.66,I was tricked into installing a remote-access app after a fake Axis Bank KYC update message. Rs 356129 was transferred out immediately. Bank IFSC on the receiving account appears to be UTIB05531.,Axis Bank,open
630,630,2026-08-19T00:12:49,121220.8,I received a call claiming to be from Punjab National Bank customer support and was asked to share an OTP. Rs 121220 was debited from my account without my consent. The transaction reference mentions IFSC PUNB02971.,Punjab National Bank,open
631,631,2026-08-21T15:41:30,221486.04,I was tricked into installing a remote-access app after a fake Punjab National Bank KYC update message. Rs 221486 was transferred out immediately. Bank IFSC on the receiving account appears to be PUNB06778.,Punjab National Bank,open
632,632,2026-08-03T05:03:06,86167.93,I received a call claiming to be from State Bank of India customer support and was asked to share an OTP. Rs 86167 was debited from my account without my consent. The transaction reference mentions IFSC SBIN00840.,State Bank of India,open
633,633,2026-07-24T03:39:09,324567.81,My ICICI Bank debit card details were compromised after a phishing SMS. Rs 324567 was withdrawn/transferred without authorization. Reference IFSC noted on the statement: ICIC04419.,ICICI Bank,open
634,634,2026-07-12T04:03:30,249191.3,I received a call claiming to be from Bank of Baroda customer support and was asked to share an OTP. Rs 249191 was debited from my account without my consent. The transaction reference mentions IFSC BARB04375.,Bank of Baroda,open
635,635,2026-07-17T22:38:07,476000.65,I received a call claiming to be from Bank of Baroda customer support and was asked to share an OTP. Rs 476000 was debited from my account without my consent. The transaction reference mentions IFSC BARB03781.,Bank of Baroda,open
636,636,2026-07-21T18:02:02,440624.7,I was tricked into installing a remote-access app after a fake Axis Bank KYC update message. Rs 440624 was transferred out immediately. Bank IFSC on the receiving account appears to be UTIB06105.,Axis Bank,open
637,637,2026-06-29T04:14:21,179377.22,My HDFC Bank debit card details were compromised after a phishing SMS. Rs 179377 was withdrawn/transferred without authorization. Reference IFSC noted on the statement: HDFC00908.,HDFC Bank,open
638,638,2026-08-11T23:23:40,475501.06,An unknown person posing as a Axis Bank official convinced me to make a 'verification transfer' of Rs 475501. I later found the beneficiary IFSC was UTIB08978 and the number is no longer reachable.,Axis Bank,open
639,639,2026-07-31T12:52:56,378967.74,I received a call claiming to be from HDFC Bank customer support and was asked to share an OTP. Rs 378967 was debited from my account without my consent. The transaction reference mentions IFSC HDFC07079.,HDFC Bank,open
640,640,2026-06-21T21:46:34,390476.1,I received a call claiming to be from Bank of Baroda customer support and was asked to share an OTP. Rs 390476 was debited from my account without my consent. The transaction reference mentions IFSC BARB00786.,Bank of Baroda,open
641,641,2026-08-12T18:25:02,115827.74,My HDFC Bank debit card details were compromised after a phishing SMS. Rs 115827 was withdrawn/transferred without authorization. Reference IFSC noted on the statement: HDFC05773.,HDFC Bank,open
642,642,2026-08-01T12:44:41,404548.21,I was tricked into installing a remote-access app after a fake HDFC Bank KYC update message. Rs 404548 was transferred out immediately. Bank IFSC on the receiving account appears to be HDFC06565.,HDFC Bank,open
643,643,2026-08-03T11:52:36,469855.5,I received a call claiming to be from State Bank of India customer support and was asked to share an OTP. Rs 469855 was debited from my account without my consent. The transaction reference mentions IFSC SBIN08769.,State Bank of India,open
644,644,2026-08-19T07:48:04,143748.21,My Axis Bank debit card details were compromised after a phishing SMS. Rs 143748 was withdrawn/transferred without authorization. Reference IFSC noted on the statement: UTIB03427.,Axis Bank,open
645,645,2026-06-08T15:20:55,149423.02,My Punjab National Bank debit card details were compromised after a phishing SMS. Rs 149423 was withdrawn/transferred without authorization. Reference IFSC noted on the statement: PUNB07621.,Punjab National Bank,open
646,646,2026-07-16T03:41:44,270704.51,My ICICI Bank debit card details were compromised after a phishing SMS. Rs 270704 was withdrawn/transferred without authorization. Reference IFSC noted on the statement: ICIC01155.,ICICI Bank,open
647,647,2026-06-21T05:28:02,203122.6,My Bank of Baroda debit card details were compromised after a phishing SMS. Rs 203122 was withdrawn/transferred without authorization. Reference IFSC noted on the statement: BARB07591.,Bank of Baroda,open
648,648,2026-07-10T12:24:55,403281.04,I received a call claiming to be from Punjab National Bank customer support and was asked to share an OTP. Rs 403281 was debited from my account without my consent. The transaction reference mentions IFSC PUNB00632.,Punjab National Bank,open
649,649,2026-07-26T00:46:25,450333.31,An unknown person posing as a State Bank of India official convinced me to make a 'verification transfer' of Rs 450333. I later found the beneficiary IFSC was SBIN00595 and the number is no longer reachable.,State Bank of India,open
650,650,2026-07-19T14:57:01,134685.05,I received a call claiming to be from Axis Bank customer support and was asked to share an OTP. Rs 134685 was debited from my account without my consent. The transaction reference mentions IFSC UTIB09136.,Axis Bank,open
651,651,2026-07-01T08:30:22,109054.99,I was tricked into installing a remote-access app after a fake ICICI Bank KYC update message. Rs 109054 was transferred out immediately. Bank IFSC on the receiving account appears to be ICIC02562.,ICICI Bank,open
652,652,2026-06-09T16:44:14,456271.71,I was tricked into installing a remote-access app after a fake ICICI Bank KYC update message. Rs 456271 was transferred out immediately. Bank IFSC on the receiving account appears to be ICIC01858.,ICICI Bank,open
653,653,2026-07-18T00:03:41,107044.37,An unknown person posing as a State Bank of India official convinced me to make a 'verification transfer' of Rs 107044. I later found the beneficiary IFSC was SBIN01405 and the number is no longer reachable.,State Bank of India,open
654,654,2026-08-27T14:11:26,128258.27,I was tricked into installing a remote-access app after a fake State Bank of India KYC update message. Rs 128258 was transferred out immediately. Bank IFSC on the receiving account appears to be SBIN02152.,State Bank of India,open
655,655,2026-06-02T03:12:21,43123.06,I was tricked into installing a remote-access app after a fake Bank of Baroda KYC update message. Rs 43123 was transferred out immediately. Bank IFSC on the receiving account appears to be BARB06841.,Bank of Baroda,open
656,656,2026-07-24T13:22:54,119559.48,I received a call claiming to be from Punjab National Bank customer support and was asked to share an OTP. Rs 119559 was debited from my account without my consent. The transaction reference mentions IFSC PUNB05551.,Punjab National Bank,open
657,657,2026-08-28T15:54:19,81683.44,An unknown person posing as a ICICI Bank official convinced me to make a 'verification transfer' of Rs 81683. I later found the beneficiary IFSC was ICIC06253 and the number is no longer reachable.,ICICI Bank,open
658,658,2026-08-13T13:47:29,70903.21,An unknown person posing as a Axis Bank official convinced me to make a 'verification transfer' of Rs 70903. I later found the beneficiary IFSC was UTIB01135 and the number is no longer reachable.,Axis Bank,open
659,659,2026-06-06T13:17:52,52099.42,My State Bank of India debit card details were compromised after a phishing SMS. Rs 52099 was withdrawn/transferred without authorization. Reference IFSC noted on the statement: SBIN01669.,State Bank of India,open
660,660,2026-08-04T03:47:49,187629.51,I received a call claiming to be from Axis Bank customer support and was asked to share an OTP. Rs 187629 was debited from my account without my consent. The transaction reference mentions IFSC UTIB04787.,Axis Bank,open
661,661,2026-07-11T05:09:47,197916.57,My Axis Bank debit card details were compromised after a phishing SMS. Rs 197916 was withdrawn/transferred without authorization. Reference IFSC noted on the statement: UTIB04967.,Axis Bank,open
662,662,2026-07-18T20:51:04,447251.06,I was tricked into installing a remote-access app after a fake State Bank of India KYC update message. Rs 447251 was transferred out immediately. Bank IFSC on the receiving account appears to be SBIN09856.,State Bank of India,open
663,663,2026-08-17T18:30:28,81194.92,I received a call claiming to be from Axis Bank customer support and was asked to share an OTP. Rs 81194 was debited from my account without my consent. The transaction reference mentions IFSC UTIB09673.,Axis Bank,open
664,664,2026-06-28T00:43:46,336373.77,My State Bank of India debit card details were compromised after a phishing SMS. Rs 336373 was withdrawn/transferred without authorization. Reference IFSC noted on the statement: SBIN02321.,State Bank of India,open
665,665,2026-06-10T00:24:14,396063.77,I received a call claiming to be from State Bank of India customer support and was asked to share an OTP. Rs 396063 was debited from my account without my consent. The transaction reference mentions IFSC SBIN07678.,State Bank of India,open
666,666,2026-07-10T08:52:40,328228.15,I was tricked into installing a remote-access app after a fake ICICI Bank KYC update message. Rs 328228 was transferred out immediately. Bank IFSC on the receiving account appears to be ICIC07933.,ICICI Bank,open
667,667,2026-07-19T18:48:18,235134.68,An unknown person posing as a Bank of Baroda official convinced me to make a 'verification transfer' of Rs 235134. I later found the beneficiary IFSC was BARB05604 and the number is no longer reachable.,Bank of Baroda,open
668,668,2026-08-19T03:58:47,483931.39,My Axis Bank debit card details were compromised after a phishing SMS. Rs 483931 was withdrawn/transferred without authorization. Reference IFSC noted on the statement: UTIB05722.,Axis Bank,open
669,669,2026-07-09T20:02:26,324002.48,I received a call claiming to be from Axis Bank customer support and was asked to share an OTP. Rs 324002 was debited from my account without my consent. The transaction reference mentions IFSC UTIB04709.,Axis Bank,open
670,670,2026-07-21T06:55:36,412497.35,I was tricked into installing a remote-access app after a fake Axis Bank KYC update message. Rs 412497 was transferred out immediately. Bank IFSC on the receiving account appears to be UTIB08195.,Axis Bank,open
671,671,2026-07-07T01:27:45,303135.39,I received a call claiming to be from ICICI Bank customer support and was asked to share an OTP. Rs 303135 was debited from my account without my consent. The transaction reference mentions IFSC ICIC01699.,ICICI Bank,open
672,672,2026-08-23T02:05:04,78725.72,I received a call claiming to be from HDFC Bank customer support and was asked to share an OTP. Rs 78725 was debited from my account without my consent. The transaction reference mentions IFSC HDFC09184.,HDFC Bank,open
673,673,2026-06-21T00:06:50,192228.19,I was tricked into installing a remote-access app after a fake Axis Bank KYC update message. Rs 192228 was transferred out immediately. Bank IFSC on the receiving account appears to be UTIB06317.,Axis Bank,open
674,674,2026-08-04T21:14:52,92445.13,An unknown person posing as a HDFC Bank official convinced me to make a 'verification transfer' of Rs 92445. I later found the beneficiary IFSC was HDFC06343 and the number is no longer reachable.,HDFC Bank,open
675,675,2026-07-10T07:52:30,461907.43,I received a call claiming to be from State Bank of India customer support and was asked to share an OTP. Rs 461907 was debited from my account without my consent. The transaction reference mentions IFSC SBIN06254.,State Bank of India,open
676,676,2026-07-17T06:43:43,342566.51,I received a call claiming to be from HDFC Bank customer support and was asked to share an OTP. Rs 342566 was debited from my account without my consent. The transaction reference mentions IFSC HDFC07894.,HDFC Bank,open
677,677,2026-07-20T10:00:52,482462.74,I received a call claiming to be from Axis Bank customer support and was asked to share an OTP. Rs 482462 was debited from my account without my consent. The transaction reference mentions IFSC UTIB04384.,Axis Bank,open
678,678,2026-07-04T05:43:34,324931.25,An unknown person posing as a Bank of Baroda official convinced me to make a 'verification transfer' of Rs 324931. I later found the beneficiary IFSC was BARB09919 and the number is no longer reachable.,Bank of Baroda,open
679,679,2026-08-03T02:20:53,174533.83,I was tricked into installing a remote-access app after a fake Axis Bank KYC update message. Rs 174533 was transferred out immediately. Bank IFSC on the receiving account appears to be UTIB00997.,Axis Bank,open
680,680,2026-08-30T18:33:15,75589.66,An unknown person posing as a HDFC Bank official convinced me to make a 'verification transfer' of Rs 75589. I later found the beneficiary IFSC was HDFC04766 and the number is no longer reachable.,HDFC Bank,open
681,681,2026-07-20T21:25:26,29686.58,I received a call claiming to be from Bank of Baroda customer support and was asked to share an OTP. Rs 29686 was debited from my account without my consent. The transaction reference mentions IFSC BARB04747.,Bank of Baroda,open
682,682,2026-06-22T09:19:41,412554.7,I received a call claiming to be from HDFC Bank customer support and was asked to share an OTP. Rs 412554 was debited from my account without my consent. The transaction reference mentions IFSC HDFC01606.,HDFC Bank,open
683,683,2026-08-04T21:16:56,98233.19,I was tricked into installing a remote-access app after a fake State Bank of India KYC update message. Rs 98233 was transferred out immediately. Bank IFSC on the receiving account appears to be SBIN03883.,State Bank of India,open
684,684,2026-07-02T00:02:59,404589.8,I received a call claiming to be from State Bank of India customer support and was asked to share an OTP. Rs 404589 was debited from my account without my consent. The transaction reference mentions IFSC SBIN03957.,State Bank of India,open
685,685,2026-07-10T07:13:04,262961.67,An unknown person posing as a Bank of Baroda official convinced me to make a 'verification transfer' of Rs 262961. I later found the beneficiary IFSC was BARB04448 and the number is no longer reachable.,Bank of Baroda,open
686,686,2026-07-28T21:54:51,41847.8,I was tricked into installing a remote-access app after a fake Axis Bank KYC update message. Rs 41847 was transferred out immediately. Bank IFSC on the receiving account appears to be UTIB09575.,Axis Bank,open
687,687,2026-07-20T07:58:34,146407.42,I was tricked into installing a remote-access app after a fake Axis Bank KYC update message. Rs 146407 was transferred out immediately. Bank IFSC on the receiving account appears to be UTIB01929.,Axis Bank,open
688,688,2026-07-28T11:57:24,182260.49,My Punjab National Bank debit card details were compromised after a phishing SMS. Rs 182260 was withdrawn/transferred without authorization. Reference IFSC noted on the statement: PUNB04511.,Punjab National Bank,open
689,689,2026-07-21T19:11:12,353540.66,An unknown person posing as a HDFC Bank official convinced me to make a 'verification transfer' of Rs 353540. I later found the beneficiary IFSC was HDFC02123 and the number is no longer reachable.,HDFC Bank,open
690,690,2026-08-12T02:20:00,492493.77,An unknown person posing as a Axis Bank official convinced me to make a 'verification transfer' of Rs 492493. I later found the beneficiary IFSC was UTIB03595 and the number is no longer reachable.,Axis Bank,open
691,691,2026-08-25T08:25:03,31630.33,An unknown person posing as a Bank of Baroda official convinced me to make a 'verification transfer' of Rs 31630. I later found the beneficiary IFSC was BARB09758 and the number is no longer reachable.,Bank of Baroda,open
692,692,2026-06-07T01:00:36,354515.52,My Punjab National Bank debit card details were compromised after a phishing SMS. Rs 354515 was withdrawn/transferred without authorization. Reference IFSC noted on the statement: PUNB00616.,Punjab National Bank,open
693,693,2026-08-20T19:01:15,190421.27,I was tricked into installing a remote-access app after a fake State Bank of India KYC update message. Rs 190421 was transferred out immediately. Bank IFSC on the receiving account appears to be SBIN00945.,State Bank of India,open
694,694,2026-08-25T05:30:29,6345.63,I was tricked into installing a remote-access app after a fake HDFC Bank KYC update message. Rs 6345 was transferred out immediately. Bank IFSC on the receiving account appears to be HDFC03143.,HDFC Bank,open
695,695,2026-07-01T08:28:35,144553.09,An unknown person posing as a State Bank of India official convinced me to make a 'verification transfer' of Rs 144553. I later found the beneficiary IFSC was SBIN02599 and the number is no longer reachable.,State Bank of India,open
696,696,2026-07-04T05:08:02,355068.7,My HDFC Bank debit card details were compromised after a phishing SMS. Rs 355068 was withdrawn/transferred without authorization. Reference IFSC noted on the statement: HDFC09685.,HDFC Bank,open
697,697,2026-08-14T06:49:14,349576.12,I received a call claiming to be from Punjab National Bank customer support and was asked to share an OTP. Rs 349576 was debited from my account without my consent. The transaction reference mentions IFSC PUNB08489.,Punjab National Bank,open
698,698,2026-08-19T14:29:26,195215.98,My Punjab National Bank debit card details were compromised after a phishing SMS. Rs 195215 was withdrawn/transferred without authorization. Reference IFSC noted on the statement: PUNB04650.,Punjab National Bank,open
699,699,2026-08-27T11:33:12,499707.26,I was tricked into installing a remote-access app after a fake Bank of Baroda KYC update message. Rs 499707 was transferred out immediately. Bank IFSC on the receiving account appears to be BARB04124.,Bank of Baroda,open
700,700,2026-07-09T07:45:06,83853.29,An unknown person posing as a State Bank of India official convinced me to make a 'verification transfer' of Rs 83853. I later found the beneficiary IFSC was SBIN05108 and the number is no longer reachable.,State Bank of India,open
701,701,2026-06-20T15:20:40,406324.51,I was tricked into installing a remote-access app after a fake ICICI Bank KYC update message. Rs 406324 was transferred out immediately. Bank IFSC on the receiving account appears to be ICIC04300.,ICICI Bank,open
702,702,2026-07-07T18:41:04,250400.59,An unknown person posing as a ICICI Bank official convinced me to make a 'verification transfer' of Rs 250400. I later found the beneficiary IFSC was ICIC09520 and the number is no longer reachable.,ICICI Bank,open
703,703,2026-06-04T01:22:51,376956.85,My HDFC Bank debit card details were compromised after a phishing SMS. Rs 376956 was withdrawn/transferred without authorization. Reference IFSC noted on the statement: HDFC06857.,HDFC Bank,open
704,704,2026-07-04T13:50:57,413562.19,I received a call claiming to be from ICICI Bank customer support and was asked to share an OTP. Rs 413562 was debited from my account without my consent. The transaction reference mentions IFSC ICIC06748.,ICICI Bank,open
705,705,2026-08-29T02:39:29,99393.89,I received a call claiming to be from Axis Bank customer support and was asked to share an OTP. Rs 99393 was debited from my account without my consent. The transaction reference mentions IFSC UTIB09102.,Axis Bank,open
706,706,2026-08-19T18:22:31,204688.64,I received a call claiming to be from ICICI Bank customer support and was asked to share an OTP. Rs 204688 was debited from my account without my consent. The transaction reference mentions IFSC ICIC00058.,ICICI Bank,open
707,707,2026-08-22T08:40:23,198489.86,My HDFC Bank debit card details were compromised after a phishing SMS. Rs 198489 was withdrawn/transferred without authorization. Reference IFSC noted on the statement: HDFC03776.,HDFC Bank,open
708,708,2026-08-20T12:39:54,218331.83,An unknown person posing as a Punjab National Bank official convinced me to make a 'verification transfer' of Rs 218331. I later found the beneficiary IFSC was PUNB07344 and the number is no longer reachable.,Punjab National Bank,open
709,709,2026-08-24T15:05:44,296936.39,An unknown person posing as a Bank of Baroda official convinced me to make a 'verification transfer' of Rs 296936. I later found the beneficiary IFSC was BARB04251 and the number is no longer reachable.,Bank of Baroda,open
710,710,2026-08-20T13:33:01,441139.87,I received a call claiming to be from Bank of Baroda customer support and was asked to share an OTP. Rs 441139 was debited from my account without my consent. The transaction reference mentions IFSC BARB03417.,Bank of Baroda,open
711,711,2026-08-29T16:02:30,89102.57,I received a call claiming to be from Axis Bank customer support and was asked to share an OTP. Rs 89102 was debited from my account without my consent. The transaction reference mentions IFSC UTIB04644.,Axis Bank,open
712,712,2026-08-17T03:41:02,86331.06,An unknown person posing as a State Bank of India official convinced me to make a 'verification transfer' of Rs 86331. I later found the beneficiary IFSC was SBIN03973 and the number is no longer reachable.,State Bank of India,open
713,713,2026-08-15T17:48:04,272309.09,An unknown person posing as a HDFC Bank official convinced me to make a 'verification transfer' of Rs 272309. I later found the beneficiary IFSC was HDFC07993 and the number is no longer reachable.,HDFC Bank,open
714,714,2026-08-28T23:30:27,40336.28,An unknown person posing as a HDFC Bank official convinced me to make a 'verification transfer' of Rs 40336. I later found the beneficiary IFSC was HDFC02144 and the number is no longer reachable.,HDFC Bank,open
715,715,2026-08-14T21:46:15,13506.64,I was tricked into installing a remote-access app after a fake HDFC Bank KYC update message. Rs 13506 was transferred out immediately. Bank IFSC on the receiving account appears to be HDFC01239.,HDFC Bank,open
716,716,2026-08-17T01:12:01,93412.62,I was tricked into installing a remote-access app after a fake Axis Bank KYC update message. Rs 93412 was transferred out immediately. Bank IFSC on the receiving account appears to be UTIB05546.,Axis Bank,open
717,717,2026-08-12T09:31:18,243442.9,I was tricked into installing a remote-access app after a fake Punjab National Bank KYC update message. Rs 243442 was transferred out immediately. Bank IFSC on the receiving account appears to be PUNB08191.,Punjab National Bank,open
718,718,2026-08-17T04:24:49,457320.86,An unknown person posing as a State Bank of India official convinced me to make a 'verification transfer' of Rs 457320. I later found the beneficiary IFSC was SBIN09473 and the number is no longer reachable.,State Bank of India,open
719,719,2026-08-13T08:55:34,215009.66,I received a call claiming to be from State Bank of India customer support and was asked to share an OTP. Rs 215009 was debited from my account without my consent. The transaction reference mentions IFSC SBIN04099.,State Bank of India,open
720,720,2026-08-29T04:20:42,316405.99,My Bank of Baroda debit card details were compromised after a phishing SMS. Rs 316405 was withdrawn/transferred without authorization. Reference IFSC noted on the statement: BARB08527.,Bank of Baroda,open
721,721,2026-08-26T12:41:06,239608.97,An unknown person posing as a Axis Bank official convinced me to make a 'verification transfer' of Rs 239608. I later found the beneficiary IFSC was UTIB08725 and the number is no longer reachable.,Axis Bank,open
722,722,2026-08-28T03:53:17,481773.56,An unknown person posing as a Axis Bank official convinced me to make a 'verification transfer' of Rs 481773. I later found the beneficiary IFSC was UTIB03667 and the number is no longer reachable.,Axis Bank,open
723,723,2026-08-17T10:06:49,465167.66,An unknown person posing as a ICICI Bank official convinced me to make a 'verification transfer' of Rs 465167. I later found the beneficiary IFSC was ICIC07830 and the number is no longer reachable.,ICICI Bank,open
724,724,2026-08-29T07:40:21,101269.1,I was tricked into installing a remote-access app after a fake Punjab National Bank KYC update message. Rs 101269 was transferred out immediately. Bank IFSC on the receiving account appears to be PUNB01702.,Punjab National Bank,open
725,725,2026-08-28T19:54:34,440765.45,An unknown person posing as a State Bank of India official convinced me to make a 'verification transfer' of Rs 440765. I later found the beneficiary IFSC was SBIN00690 and the number is no longer reachable.,State Bank of India,open
726,726,2026-08-26T04:42:40,412734.62,I was tricked into installing a remote-access app after a fake Axis Bank KYC update message. Rs 412734 was transferred out immediately. Bank IFSC on the receiving account appears to be UTIB03608.,Axis Bank,open
727,727,2026-08-14T03:22:59,291705.23,I was tricked into installing a remote-access app after a fake HDFC Bank KYC update message. Rs 291705 was transferred out immediately. Bank IFSC on the receiving account appears to be HDFC00507.,HDFC Bank,open
728,728,2026-08-22T17:12:11,427248.07,I was tricked into installing a remote-access app after a fake Punjab National Bank KYC update message. Rs 427248 was transferred out immediately. Bank IFSC on the receiving account appears to be PUNB08516.,Punjab National Bank,open
729,729,2026-08-16T00:32:06,393372.6,I received a call claiming to be from HDFC Bank customer support and was asked to share an OTP. Rs 393372 was debited from my account without my consent. The transaction reference mentions IFSC HDFC06766.,HDFC Bank,open
730,730,2026-08-30T00:50:37,153941.89,An unknown person posing as a Axis Bank official convinced me to make a 'verification transfer' of Rs 153941. I later found the beneficiary IFSC was UTIB02596 and the number is no longer reachable.,Axis Bank,open
731,731,2026-08-25T20:55:59,459721.23,I was tricked into installing a remote-access app after a fake HDFC Bank KYC update message. Rs 459721 was transferred out immediately. Bank IFSC on the receiving account appears to be HDFC04440.,HDFC Bank,open
732,732,2026-08-20T11:21:07,243304.47,My HDFC Bank debit card details were compromised after a phishing SMS. Rs 243304 was withdrawn/transferred without authorization. Reference IFSC noted on the statement: HDFC05656.,HDFC Bank,open
733,733,2026-08-28T15:40:12,132786.07,I was tricked into installing a remote-access app after a fake Bank of Baroda KYC update message. Rs 132786 was transferred out immediately. Bank IFSC on the receiving account appears to be BARB00434.,Bank of Baroda,open
734,734,2026-08-28T11:13:56,32871.65,I was tricked into installing a remote-access app after a fake Axis Bank KYC update message. Rs 32871 was transferred out immediately. Bank IFSC on the receiving account appears to be UTIB06919.,Axis Bank,open
735,735,2026-08-25T01:18:32,22546.23,I received a call claiming to be from ICICI Bank customer support and was asked to share an OTP. Rs 22546 was debited from my account without my consent. The transaction reference mentions IFSC ICIC05624.,ICICI Bank,open
736,736,2026-08-16T18:02:17,111752.93,I received a call claiming to be from Bank of Baroda customer support and was asked to share an OTP. Rs 111752 was debited from my account without my consent. The transaction reference mentions IFSC BARB03454.,Bank of Baroda,open
737,737,2026-08-29T01:17:44,201928.57,I received a call claiming to be from Punjab National Bank customer support and was asked to share an OTP. Rs 201928 was debited from my account without my consent. The transaction reference mentions IFSC PUNB05795.,Punjab National Bank,open
738,738,2026-08-16T16:36:15,416288.59,My Axis Bank debit card details were compromised after a phishing SMS. Rs 416288 was withdrawn/transferred without authorization. Reference IFSC noted on the statement: UTIB07946.,Axis Bank,open
739,739,2026-08-22T19:24:44,176206.61,My State Bank of India debit card details were compromised after a phishing SMS. Rs 176206 was withdrawn/transferred without authorization. Reference IFSC noted on the statement: SBIN07863.,State Bank of India,open
740,740,2026-08-20T01:42:01,50858.48,I was tricked into installing a remote-access app after a fake State Bank of India KYC update message. Rs 50858 was transferred out immediately. Bank IFSC on the receiving account appears to be SBIN01413.,State Bank of India,open
741,741,2026-08-14T23:31:12,192797.81,I received a call claiming to be from Axis Bank customer support and was asked to share an OTP. Rs 192797 was debited from my account without my consent. The transaction reference mentions IFSC UTIB01318.,Axis Bank,open
742,742,2026-08-15T08:30:45,290926.31,I was tricked into installing a remote-access app after a fake Axis Bank KYC update message. Rs 290926 was transferred out immediately. Bank IFSC on the receiving account appears to be UTIB07137.,Axis Bank,open
743,743,2026-08-26T01:25:10,473689.86,I received a call claiming to be from Punjab National Bank customer support and was asked to share an OTP. Rs 473689 was debited from my account without my consent. The transaction reference mentions IFSC PUNB01220.,Punjab National Bank,open
744,744,2026-08-18T14:56:15,498287.55,An unknown person posing as a HDFC Bank official convinced me to make a 'verification transfer' of Rs 498287. I later found the beneficiary IFSC was HDFC04376 and the number is no longer reachable.,HDFC Bank,open
