id,from_account_id,to_account_id,amount,timestamp,complaint_id,hop_index
1,938,802,352202.62,2026-08-14T05:51:17,1.0,0.0
2,802,801,324515.07,2026-08-14T06:51:17,1.0,1.0
3,801,803,273223.82,2026-08-14T07:44:17,1.0,2.0
4,939,802,320749.65,2026-08-26T06:36:42,2.0,0.0
5,802,801,279452.61,2026-08-26T07:32:42,2.0,1.0
6,801,803,263038.19,2026-08-26T08:53:42,2.0,2.0
7,940,802,132798.35,2026-07-07T03:56:08,3.0,0.0
8,802,801,119492.79,2026-07-07T05:49:08,3.0,1.0
9,801,804,115721.94,2026-07-07T06:13:08,3.0,2.0
10,941,802,28126.79,2026-06-24T22:39:37,4.0,0.0
11,802,804,23878.57,2026-06-24T23:56:37,4.0,1.0
12,804,801,21626.61,2026-06-25T00:31:37,4.0,2.0
13,942,804,446800.14,2026-06-06T14:32:23,5.0,0.0
14,804,802,432651.02,2026-06-06T15:57:23,5.0,1.0
15,802,803,384491.85,2026-06-06T16:21:23,5.0,2.0
16,943,803,189279.26,2026-08-19T00:56:39,6.0,0.0
17,803,801,180844.04,2026-08-19T02:08:39,6.0,1.0
18,801,802,164297.29,2026-08-19T03:19:39,6.0,2.0
19,944,804,197922.29,2026-07-28T19:53:17,7.0,0.0
20,804,801,169080.21,2026-07-28T21:36:17,7.0,1.0
21,801,803,132382.12,2026-07-28T23:01:17,7.0,2.0
22,945,801,262197.19,2026-06-30T02:30:55,8.0,0.0
23,801,803,216536.78,2026-06-30T04:24:55,8.0,1.0
24,803,804,185316.92,2026-06-30T05:50:55,8.0,2.0
25,946,804,24235.06,2026-08-02T05:14:17,9.0,0.0
26,804,803,19301.9,2026-08-02T05:55:17,9.0,1.0
27,803,802,17574.45,2026-08-02T06:59:17,9.0,2.0
28,947,801,264182.51,2026-06-03T03:42:29,10.0,0.0
29,801,804,205297.09,2026-06-03T05:07:29,10.0,1.0
30,804,802,173519.46,2026-06-03T05:48:29,10.0,2.0
31,948,804,340423.79,2026-06-03T19:00:19,11.0,0.0
32,804,802,305942.92,2026-06-03T20:45:19,11.0,1.0
33,802,801,270374.75,2026-06-03T22:24:19,11.0,2.0
34,949,801,409845.81,2026-08-06T22:10:43,12.0,0.0
35,801,802,392806.24,2026-08-06T23:44:43,12.0,1.0
36,802,803,327886.62,2026-08-07T00:11:43,12.0,2.0
37,950,803,56002.64,2026-08-18T09:12:52,13.0,0.0
38,803,801,45376.78,2026-08-18T10:49:52,13.0,1.0
39,801,804,37948.49,2026-08-18T12:33:52,13.0,2.0
40,951,802,263307.63,2026-07-29T16:14:27,14.0,0.0
41,802,801,248183.12,2026-07-29T18:13:27,14.0,1.0
42,801,803,212154.84,2026-07-29T19:00:27,14.0,2.0
43,952,803,282808.27,2026-07-27T04:19:49,15.0,0.0
44,803,802,259057.68,2026-07-27T06:00:49,15.0,1.0
45,802,801,227436.09,2026-07-27T06:31:49,15.0,2.0
46,953,803,300881.97,2026-06-28T17:09:49,16.0,0.0
47,803,804,270856.23,2026-06-28T17:36:49,16.0,1.0
48,804,801,237837.93,2026-06-28T19:17:49,16.0,2.0
49,954,802,451519.5,2026-07-30T03:31:42,17.0,0.0
50,802,804,415574.64,2026-07-30T05:29:42,17.0,1.0
51,804,801,332063.36,2026-07-30T05:43:42,17.0,2.0
52,955,803,197655.03,2026-07-23T04:18:26,18.0,0.0
53,803,804,164424.61,2026-07-23T05:43:26,18.0,1.0
54,804,802,152820.49,2026-07-23T07:30:26,18.0,2.0
55,956,809,234699.18,2026-06-17T19:04:36,19.0,0.0
56,809,805,225256.56,2026-06-17T19:29:36,19.0,1.0
57,805,811,187605.89,2026-06-17T20:02:36,19.0,2.0
58,957,809,377350.46,2026-07-10T16:29:55,20.0,0.0
59,809,807,316913.19,2026-07-10T16:41:55,20.0,1.0
60,807,805,271652.93,2026-07-10T17:14:55,20.0,2.0
61,958,811,350027.5,2026-07-06T16:53:03,21.0,0.0
62,811,806,296992.18,2026-07-06T17:21:03,21.0,1.0
63,806,808,272874.74,2026-07-06T18:43:03,21.0,2.0
64,959,809,382797.43,2026-06-30T10:21:06,22.0,0.0
65,809,805,345282.79,2026-06-30T12:11:06,22.0,1.0
66,805,811,312150.24,2026-06-30T13:01:06,22.0,2.0
67,960,808,137465.53,2026-08-06T03:57:50,23.0,0.0
68,808,805,127344.22,2026-08-06T05:55:50,23.0,1.0
69,805,807,120999.19,2026-08-06T06:51:50,23.0,2.0
70,961,811,396851.6,2026-07-23T16:42:20,24.0,0.0
71,811,807,328812.36,2026-07-23T18:03:20,24.0,1.0
72,807,805,292103.04,2026-07-23T18:20:20,24.0,2.0
73,962,808,233251.95,2026-08-17T11:32:25,25.0,0.0
74,808,811,202940.04,2026-08-17T12:34:25,25.0,1.0
75,811,809,163916.36,2026-08-17T13:19:25,25.0,2.0
76,963,808,321287.18,2026-06-04T20:01:06,26.0,0.0
77,808,806,252820.21,2026-06-04T20:43:06,26.0,1.0
78,806,809,233287.35,2026-06-04T21:57:06,26.0,2.0
79,964,810,320379.06,2026-08-01T01:55:45,27.0,0.0
80,810,805,272574.71,2026-08-01T02:15:45,27.0,1.0
81,805,809,247852.88,2026-08-01T03:29:45,27.0,2.0
82,965,811,360686.85,2026-08-28T01:01:40,28.0,0.0
83,811,810,337495.63,2026-08-28T01:54:40,28.0,1.0
84,810,809,282049.65,2026-08-28T03:50:40,28.0,2.0
85,966,806,277985.59,2026-08-25T12:36:50,29.0,0.0
86,806,809,246786.81,2026-08-25T13:33:50,29.0,1.0
87,809,807,233884.8,2026-08-25T13:48:50,29.0,2.0
88,967,808,8690.22,2026-08-20T11:14:37,30.0,0.0
89,808,806,7768.54,2026-08-20T11:47:37,30.0,1.0
90,806,811,7456.26,2026-08-20T12:29:37,30.0,2.0
91,968,811,367220.2,2026-07-02T09:48:29,31.0,0.0
92,811,806,331237.29,2026-07-02T10:52:29,31.0,1.0
93,806,805,293729.47,2026-07-02T11:31:29,31.0,2.0
94,969,805,169023.39,2026-08-06T17:13:02,32.0,0.0
95,805,808,147925.65,2026-08-06T18:31:02,32.0,1.0
96,808,811,118942.81,2026-08-06T18:51:02,32.0,2.0
97,970,806,138272.75,2026-07-30T17:36:05,33.0,0.0
98,806,810,128990.15,2026-07-30T18:18:05,33.0,1.0
99,810,811,107195.8,2026-07-30T19:03:05,33.0,2.0
100,971,805,422313.88,2026-08-06T06:14:56,34.0,0.0
101,805,807,347642.22,2026-08-06T07:22:56,34.0,1.0
102,807,809,316249.07,2026-08-06T07:44:56,34.0,2.0
103,972,808,192032.51,2026-08-21T17:12:40,35.0,0.0
104,808,811,172470.44,2026-08-21T17:41:40,35.0,1.0
105,811,805,163710.72,2026-08-21T18:41:40,35.0,2.0
106,973,811,270747.35,2026-06-10T21:36:24,36.0,0.0
107,811,809,224807.71,2026-06-10T23:02:24,36.0,1.0
108,809,805,198167.75,2026-06-11T00:46:24,36.0,2.0
109,974,808,136134.41,2026-07-19T13:19:18,37.0,0.0
110,808,811,108265.52,2026-07-19T14:03:18,37.0,1.0
111,811,809,100683.1,2026-07-19T15:34:18,37.0,2.0
112,975,806,340721.91,2026-06-30T08:05:49,38.0,0.0
113,806,805,289302.27,2026-06-30T08:32:49,38.0,1.0
114,805,811,254848.63,2026-06-30T09:57:49,38.0,2.0
115,976,807,70993.04,2026-07-01T23:30:32,39.0,0.0
116,807,810,63409.92,2026-07-02T00:44:32,39.0,1.0
117,810,811,51085.53,2026-07-02T02:42:32,39.0,2.0
118,977,808,426658.05,2026-06-03T12:42:36,40.0,0.0
119,808,810,352082.85,2026-06-03T13:32:36,40.0,1.0
120,810,806,341110.06,2026-06-03T14:06:36,40.0,2.0
121,978,816,219973.84,2026-08-26T18:27:20,41.0,0.0
122,816,813,176909.59,2026-08-26T20:05:20,41.0,1.0
123,979,818,201793.77,2026-08-23T10:46:07,42.0,0.0
124,818,817,163760.82,2026-08-23T12:04:07,42.0,1.0
125,980,818,188993.83,2026-06-27T09:31:17,43.0,0.0
126,818,815,171132.51,2026-06-27T10:43:17,43.0,1.0
127,981,812,187998.23,2026-07-03T02:25:07,44.0,0.0
128,812,816,156466.01,2026-07-03T03:50:07,44.0,1.0
129,982,813,370363.98,2026-07-18T16:55:47,45.0,0.0
130,813,812,331593.73,2026-07-18T17:21:47,45.0,1.0
131,983,814,156506.33,2026-08-18T11:15:15,46.0,0.0
132,814,816,152139.1,2026-08-18T12:26:15,46.0,1.0
133,984,812,205691.93,2026-07-16T03:30:15,47.0,0.0
134,812,817,186979.34,2026-07-16T05:09:15,47.0,1.0
135,985,814,33607.65,2026-08-16T06:54:53,48.0,0.0
136,814,816,29380.0,2026-08-16T08:19:53,48.0,1.0
137,986,818,355717.11,2026-06-12T05:29:13,49.0,0.0
138,818,812,325863.67,2026-06-12T06:45:13,49.0,1.0
139,987,815,264809.88,2026-08-01T00:42:23,50.0,0.0
140,815,812,220643.71,2026-08-01T01:02:23,50.0,1.0
141,988,817,316987.03,2026-07-20T00:25:04,51.0,0.0
142,817,818,272393.1,2026-07-20T00:38:04,51.0,1.0
143,989,816,97305.13,2026-06-20T09:07:04,52.0,0.0
144,816,813,88717.23,2026-06-20T09:19:04,52.0,1.0
145,990,818,129055.79,2026-06-22T01:23:42,53.0,0.0
146,818,813,103667.14,2026-06-22T01:41:42,53.0,1.0
147,991,813,383758.37,2026-08-24T17:13:46,54.0,0.0
148,813,818,338320.31,2026-08-24T18:37:46,54.0,1.0
149,992,816,51292.85,2026-07-05T06:08:07,55.0,0.0
150,816,818,41099.78,2026-07-05T06:58:07,55.0,1.0
151,993,816,241511.16,2026-08-21T16:10:53,56.0,0.0
152,816,818,230358.15,2026-08-21T17:19:53,56.0,1.0
153,994,813,344489.98,2026-06-14T19:52:28,57.0,0.0
154,813,812,319710.75,2026-06-14T20:22:28,57.0,1.0
155,995,818,247719.94,2026-07-26T18:56:33,58.0,0.0
156,818,813,209918.37,2026-07-26T20:28:33,58.0,1.0
157,996,821,374892.71,2026-06-24T18:49:50,59.0,0.0
158,821,822,306963.39,2026-06-24T19:50:50,59.0,1.0
159,997,819,318882.86,2026-07-26T21:12:10,60.0,0.0
160,819,821,299263.55,2026-07-26T22:56:10,60.0,1.0
161,998,822,179257.28,2026-07-14T21:03:36,61.0,0.0
162,822,819,161678.56,2026-07-14T21:44:36,61.0,1.0
163,999,819,79916.2,2026-08-27T05:00:09,62.0,0.0
164,819,821,73568.76,2026-08-27T06:44:09,62.0,1.0
165,1000,822,157936.14,2026-07-07T15:09:17,63.0,0.0
166,822,821,147099.37,2026-07-07T16:04:17,63.0,1.0
167,1001,822,298471.5,2026-06-30T20:41:48,64.0,0.0
168,822,820,275064.31,2026-06-30T22:04:48,64.0,1.0
169,1002,819,419403.58,2026-06-14T14:10:14,65.0,0.0
170,819,820,376314.34,2026-06-14T14:27:14,65.0,1.0
171,1003,821,426389.97,2026-06-02T17:03:57,66.0,0.0
172,821,820,384929.45,2026-06-02T18:25:57,66.0,1.0
173,1004,820,160091.49,2026-06-04T18:50:22,67.0,0.0
174,820,819,145223.22,2026-06-04T19:55:22,67.0,1.0
175,1005,819,140864.09,2026-08-10T19:32:14,68.0,0.0
176,819,822,132754.55,2026-08-10T19:49:14,68.0,1.0
177,1006,821,34980.72,2026-07-14T14:39:33,69.0,0.0
178,821,819,31667.83,2026-07-14T15:28:33,69.0,1.0
179,1007,820,361222.85,2026-06-24T06:38:55,70.0,0.0
180,820,822,306227.55,2026-06-24T07:10:55,70.0,1.0
181,1008,819,368184.73,2026-07-28T13:14:05,71.0,0.0
182,819,820,333273.84,2026-07-28T14:39:05,71.0,1.0
183,1009,820,150253.84,2026-07-27T15:03:47,72.0,0.0
184,820,821,128653.53,2026-07-27T15:55:47,72.0,1.0
185,1010,820,51774.71,2026-07-21T20:09:26,73.0,0.0
186,820,821,46303.9,2026-07-21T21:23:26,73.0,1.0
187,1011,819,299855.02,2026-06-13T08:36:05,74.0,0.0
188,819,821,282872.77,2026-06-13T10:26:05,74.0,1.0
189,1012,822,322789.54,2026-06-22T02:24:24,75.0,0.0
190,822,821,314820.39,2026-06-22T03:53:24,75.0,1.0
191,1013,820,6529.55,2026-07-10T19:34:28,76.0,0.0
192,820,822,5498.3,2026-07-10T20:16:28,76.0,1.0
193,1014,820,135307.8,2026-07-28T12:47:28,77.0,0.0
194,820,819,123301.0,2026-07-28T13:50:28,77.0,1.0
195,1015,819,228260.47,2026-07-28T09:31:31,78.0,0.0
196,819,821,180527.81,2026-07-28T11:04:31,78.0,1.0
197,1016,819,328238.5,2026-06-27T02:00:20,79.0,0.0
198,819,822,291755.24,2026-06-27T03:25:20,79.0,1.0
199,1017,819,199202.66,2026-06-17T19:38:03,80.0,0.0
200,819,821,177749.04,2026-06-17T20:27:03,80.0,1.0
201,1018,820,344929.2,2026-06-03T13:43:37,81.0,0.0
202,820,821,315606.53,2026-06-03T13:57:37,81.0,1.0
203,1019,819,271149.92,2026-06-10T01:13:23,82.0,0.0
204,819,822,247666.4,2026-06-10T01:57:23,82.0,1.0
205,1020,819,237155.34,2026-06-11T08:59:54,83.0,0.0
206,819,820,201724.5,2026-06-11T09:30:54,83.0,1.0
207,1021,819,126364.48,2026-07-13T12:05:38,84.0,0.0
208,819,820,100147.61,2026-07-13T14:00:38,84.0,1.0
209,1022,819,29490.46,2026-06-01T05:52:35,85.0,0.0
210,819,821,25852.67,2026-06-01T07:37:35,85.0,1.0
211,1023,819,99126.5,2026-07-08T18:43:20,86.0,0.0
212,819,822,92236.46,2026-07-08T19:58:20,86.0,1.0
213,1024,821,247981.27,2026-06-28T13:24:53,87.0,0.0
214,821,820,237019.05,2026-06-28T13:46:53,87.0,1.0
215,1025,820,273659.47,2026-06-16T13:14:34,88.0,0.0
216,820,821,258461.28,2026-06-16T14:51:34,88.0,1.0
217,1026,821,394118.41,2026-08-03T15:09:37,89.0,0.0
218,821,819,332755.03,2026-08-03T16:00:37,89.0,1.0
219,1027,822,275876.15,2026-08-12T18:54:09,90.0,0.0
220,822,821,246560.19,2026-08-12T20:09:09,90.0,1.0
221,1028,829,146784.99,2026-06-06T06:46:28,91.0,0.0
222,829,828,135116.95,2026-06-06T07:10:28,91.0,1.0
223,1029,823,340743.91,2026-07-28T00:05:42,92.0,0.0
224,823,826,274882.09,2026-07-28T00:59:42,92.0,1.0
225,1030,827,40885.25,2026-06-08T19:01:14,93.0,0.0
226,827,823,36596.27,2026-06-08T20:11:14,93.0,1.0
227,1031,830,313034.76,2026-07-21T19:31:51,94.0,0.0
228,830,824,297259.52,2026-07-21T21:12:51,94.0,1.0
229,1032,827,295298.59,2026-06-17T13:20:04,95.0,0.0
230,827,824,265124.71,2026-06-17T14:20:04,95.0,1.0
231,1033,827,26055.95,2026-07-06T08:37:54,96.0,0.0
232,827,829,22025.33,2026-07-06T10:22:54,96.0,1.0
233,1034,827,335115.13,2026-06-02T16:50:23,97.0,0.0
234,827,826,277612.2,2026-06-02T18:02:23,97.0,1.0
235,1035,830,139107.23,2026-08-14T22:39:44,98.0,0.0
236,830,826,131849.29,2026-08-14T23:02:44,98.0,1.0
237,1036,827,256620.54,2026-06-19T02:22:48,99.0,0.0
238,827,823,210281.44,2026-06-19T02:33:48,99.0,1.0
239,1037,829,90847.76,2026-07-17T01:27:06,100.0,0.0
240,829,828,73614.48,2026-07-17T03:26:06,100.0,1.0
241,1038,830,36544.51,2026-08-13T23:33:08,101.0,0.0
242,830,829,32852.98,2026-08-14T01:00:08,101.0,1.0
243,1039,824,14237.03,2026-07-24T02:16:40,102.0,0.0
244,824,826,13091.93,2026-07-24T02:53:40,102.0,1.0
245,1040,826,314870.66,2026-06-11T14:47:57,103.0,0.0
246,826,828,266548.46,2026-06-11T15:17:57,103.0,1.0
247,1041,823,320354.13,2026-07-06T07:00:18,104.0,0.0
248,823,824,262606.01,2026-07-06T07:23:18,104.0,1.0
249,1042,823,317147.18,2026-08-17T09:17:52,105.0,0.0
250,823,824,281868.45,2026-08-17T10:37:52,105.0,1.0
251,1043,830,93061.64,2026-07-10T00:21:09,106.0,0.0
252,830,826,80779.88,2026-07-10T00:39:09,106.0,1.0
253,1044,825,227812.59,2026-06-01T12:14:28,107.0,0.0
254,825,828,202059.31,2026-06-01T13:04:28,107.0,1.0
255,1045,824,368539.85,2026-08-08T00:37:41,108.0,0.0
256,824,827,317399.41,2026-08-08T01:25:41,108.0,1.0
257,1046,827,328377.5,2026-06-02T19:06:06,109.0,0.0
258,827,826,269157.43,2026-06-02T19:37:06,109.0,1.0
259,1047,823,9401.61,2026-07-28T17:49:14,110.0,0.0
260,823,827,8766.24,2026-07-28T19:45:14,110.0,1.0
261,1048,825,416057.59,2026-06-03T02:45:26,111.0,0.0
262,825,826,340112.8,2026-06-03T03:30:26,111.0,1.0
263,1049,828,44635.21,2026-08-09T12:56:25,112.0,0.0
264,828,825,39405.11,2026-08-09T13:31:25,112.0,1.0
265,1050,827,125653.88,2026-06-30T22:40:55,113.0,0.0
266,827,823,113592.34,2026-06-30T23:34:55,113.0,1.0
267,1051,823,141219.23,2026-06-23T20:11:18,114.0,0.0
268,823,829,128326.56,2026-06-23T21:22:18,114.0,1.0
269,1052,830,73224.84,2026-06-06T19:53:06,115.0,0.0
270,830,828,65814.51,2026-06-06T21:42:06,115.0,1.0
271,1053,830,11695.21,2026-07-30T16:58:32,116.0,0.0
272,830,827,9741.71,2026-07-30T18:12:32,116.0,1.0
273,1054,823,71605.01,2026-08-14T02:29:58,117.0,0.0
274,823,826,61412.05,2026-08-14T03:01:58,117.0,1.0
275,1055,829,322806.41,2026-07-05T20:15:49,118.0,0.0
276,829,826,264719.1,2026-07-05T20:33:49,118.0,1.0
277,1056,823,416869.84,2026-06-20T10:31:55,119.0,0.0
278,823,830,379565.18,2026-06-20T11:00:55,119.0,1.0
279,1057,834,288078.65,2026-08-09T20:56:58,120.0,0.0
280,834,831,236822.6,2026-08-09T21:10:58,120.0,1.0
281,831,833,206997.76,2026-08-09T21:50:58,120.0,2.0
282,833,832,188010.04,2026-08-09T23:21:58,120.0,3.0
283,1058,834,287795.78,2026-06-25T07:03:07,121.0,0.0
284,834,831,253336.66,2026-06-25T08:50:07,121.0,1.0
285,831,833,216336.39,2026-06-25T09:45:07,121.0,2.0
286,833,832,184224.41,2026-06-25T10:49:07,121.0,3.0
287,1059,834,274817.32,2026-07-07T06:30:51,122.0,0.0
288,834,833,253067.2,2026-07-07T07:57:51,122.0,1.0
289,833,831,234557.32,2026-07-07T08:59:51,122.0,2.0
290,831,832,221441.37,2026-07-07T09:58:51,122.0,3.0
291,1060,832,281452.68,2026-08-26T23:26:49,123.0,0.0
292,832,831,259166.38,2026-08-27T01:13:49,123.0,1.0
293,831,834,246584.7,2026-08-27T01:39:49,123.0,2.0
294,834,833,235531.27,2026-08-27T01:57:49,123.0,3.0
295,1061,832,202832.72,2026-06-06T10:57:00,124.0,0.0
296,832,834,167016.96,2026-06-06T12:01:00,124.0,1.0
297,834,831,140227.18,2026-06-06T13:30:00,124.0,2.0
298,831,833,114797.44,2026-06-06T14:59:00,124.0,3.0
299,1062,833,290725.14,2026-07-17T19:47:06,125.0,0.0
300,833,832,260308.64,2026-07-17T21:19:06,125.0,1.0
301,832,831,237770.3,2026-07-17T22:13:06,125.0,2.0
302,831,834,201148.43,2026-07-17T23:59:06,125.0,3.0
303,1063,831,39102.42,2026-07-02T05:09:22,126.0,0.0
304,831,832,34773.02,2026-07-02T06:43:22,126.0,1.0
305,832,834,32079.55,2026-07-02T07:37:22,126.0,2.0
306,834,833,29389.61,2026-07-02T08:11:22,126.0,3.0
307,1064,831,37099.43,2026-06-18T08:15:42,127.0,0.0
308,831,833,33401.91,2026-06-18T09:59:42,127.0,1.0
309,833,834,28173.89,2026-06-18T10:56:42,127.0,2.0
310,834,832,25275.51,2026-06-18T11:57:42,127.0,3.0
311,1065,831,242139.63,2026-06-05T04:29:20,128.0,0.0
312,831,833,214180.81,2026-06-05T05:59:20,128.0,1.0
313,833,834,202468.23,2026-06-05T06:37:20,128.0,2.0
314,834,832,162735.53,2026-06-05T08:36:20,128.0,3.0
315,1066,831,164983.04,2026-06-29T03:26:38,129.0,0.0
316,831,833,129032.46,2026-06-29T04:38:38,129.0,1.0
317,833,832,116214.75,2026-06-29T05:04:38,129.0,2.0
318,832,834,98942.9,2026-06-29T05:55:38,129.0,3.0
319,1067,831,385756.59,2026-06-02T01:47:46,130.0,0.0
320,831,833,366901.55,2026-06-02T02:00:46,130.0,1.0
321,833,834,345089.44,2026-06-02T03:27:46,130.0,2.0
322,834,832,298483.82,2026-06-02T04:02:46,130.0,3.0
323,1068,834,221026.04,2026-08-09T18:40:52,131.0,0.0
324,834,832,179724.47,2026-08-09T20:27:52,131.0,1.0
325,832,833,150683.68,2026-08-09T20:57:52,131.0,2.0
326,833,831,141527.86,2026-08-09T22:34:52,131.0,3.0
327,1069,833,200331.24,2026-07-01T17:21:40,132.0,0.0
328,833,834,176058.92,2026-07-01T17:40:40,132.0,1.0
329,834,832,160857.55,2026-07-01T18:29:40,132.0,2.0
330,832,831,147642.34,2026-07-01T20:09:40,132.0,3.0
331,1070,832,330937.0,2026-06-05T20:27:18,133.0,0.0
332,832,833,267334.57,2026-06-05T21:08:18,133.0,1.0
333,833,834,246372.58,2026-06-05T21:30:18,133.0,2.0
334,834,831,218058.66,2026-06-05T22:57:18,133.0,3.0
335,1071,831,86579.78,2026-08-06T15:35:13,134.0,0.0
336,831,832,80316.05,2026-08-06T17:27:13,134.0,1.0
337,832,834,74108.95,2026-08-06T17:54:13,134.0,2.0
338,834,833,65743.19,2026-08-06T19:28:13,134.0,3.0
339,1072,831,170632.22,2026-06-08T09:29:11,135.0,0.0
340,831,832,152889.25,2026-06-08T10:35:11,135.0,1.0
341,832,833,129356.85,2026-06-08T10:51:11,135.0,2.0
342,833,834,118713.16,2026-06-08T11:43:11,135.0,3.0
343,1073,834,125117.07,2026-06-27T00:02:27,136.0,0.0
344,834,833,104083.24,2026-06-27T01:41:27,136.0,1.0
345,833,831,89957.96,2026-06-27T03:26:27,136.0,2.0
346,831,832,75542.16,2026-06-27T04:11:27,136.0,3.0
347,1074,832,281184.76,2026-06-01T11:14:57,137.0,0.0
348,832,833,265096.91,2026-06-01T11:44:57,137.0,1.0
349,833,834,216369.45,2026-06-01T13:09:57,137.0,2.0
350,834,831,190109.01,2026-06-01T13:57:57,137.0,3.0
351,1075,833,320177.84,2026-06-03T10:34:32,138.0,0.0
352,833,834,277495.42,2026-06-03T11:33:32,138.0,1.0
353,834,832,220133.98,2026-06-03T12:13:32,138.0,2.0
354,832,831,198511.42,2026-06-03T14:12:32,138.0,3.0
355,1076,834,218257.94,2026-07-21T22:06:02,139.0,0.0
356,834,833,198628.16,2026-07-21T23:04:02,139.0,1.0
357,833,831,184920.7,2026-07-21T23:33:02,139.0,2.0
358,831,832,156983.48,2026-07-22T00:21:02,139.0,3.0
359,1077,833,461213.34,2026-06-03T23:33:46,140.0,0.0
360,833,834,435418.81,2026-06-04T01:21:46,140.0,1.0
361,834,831,382621.47,2026-06-04T02:48:46,140.0,2.0
362,831,832,302478.97,2026-06-04T04:46:46,140.0,3.0
363,1078,833,272915.12,2026-08-09T15:36:36,141.0,0.0
364,833,831,243854.46,2026-08-09T17:23:36,141.0,1.0
365,831,834,226022.3,2026-08-09T18:51:36,141.0,2.0
366,834,832,204844.51,2026-08-09T19:25:36,141.0,3.0
367,1079,834,285292.31,2026-08-11T14:04:06,142.0,0.0
368,834,833,239650.34,2026-08-11T15:20:06,142.0,1.0
369,833,832,232000.37,2026-08-11T16:26:06,142.0,2.0
370,832,831,204285.39,2026-08-11T17:27:06,142.0,3.0
371,1080,831,287925.77,2026-07-16T20:39:09,143.0,0.0
372,831,834,251974.1,2026-07-16T21:58:09,143.0,1.0
373,834,832,222896.41,2026-07-16T23:33:09,143.0,2.0
374,832,833,185850.0,2026-07-17T00:42:09,143.0,3.0
375,1081,831,100210.01,2026-07-10T22:46:26,144.0,0.0
376,831,834,91397.89,2026-07-10T23:47:26,144.0,1.0
377,834,833,76995.85,2026-07-11T01:17:26,144.0,2.0
378,833,832,63004.35,2026-07-11T02:47:26,144.0,3.0
379,1082,831,317958.63,2026-06-24T14:27:23,145.0,0.0
380,831,832,255406.27,2026-06-24T15:43:23,145.0,1.0
381,832,833,218659.26,2026-06-24T16:17:23,145.0,2.0
382,833,834,189280.02,2026-06-24T16:28:23,145.0,3.0
383,1083,833,441809.42,2026-06-23T01:49:58,146.0,0.0
384,833,831,358805.16,2026-06-23T03:19:58,146.0,1.0
385,831,834,336119.32,2026-06-23T05:08:58,146.0,2.0
386,834,832,295565.4,2026-06-23T05:22:58,146.0,3.0
387,1084,832,369515.85,2026-08-08T14:27:27,147.0,0.0
388,832,833,306261.05,2026-08-08T16:16:27,147.0,1.0
389,833,834,285678.68,2026-08-08T16:43:27,147.0,2.0
390,834,831,243432.39,2026-08-08T18:04:27,147.0,3.0
391,1085,832,160555.54,2026-06-01T07:51:40,148.0,0.0
392,832,831,126798.17,2026-06-01T09:47:40,148.0,1.0
393,831,833,108012.15,2026-06-01T10:09:40,148.0,2.0
394,833,834,96310.73,2026-06-01T12:06:40,148.0,3.0
395,1086,831,202990.52,2026-07-11T06:07:13,149.0,0.0
396,831,834,160984.4,2026-07-11T06:39:13,149.0,1.0
397,834,833,129858.22,2026-07-11T07:06:13,149.0,2.0
398,833,832,102895.73,2026-07-11T07:33:13,149.0,3.0
399,1087,832,390020.64,2026-07-13T05:16:53,150.0,0.0
400,832,834,369447.34,2026-07-13T05:42:53,150.0,1.0
401,834,831,324949.88,2026-07-13T07:06:53,150.0,2.0
402,831,833,281167.88,2026-07-13T08:38:53,150.0,3.0
403,1088,836,158802.14,2026-08-29T21:22:32,151.0,0.0
404,836,835,151997.75,2026-08-29T21:57:32,151.0,1.0
405,835,837,129189.73,2026-08-29T22:40:32,151.0,2.0
406,1089,836,209065.38,2026-07-13T03:08:32,152.0,0.0
407,836,835,194948.19,2026-07-13T03:27:32,152.0,1.0
408,835,837,164748.27,2026-07-13T04:55:32,152.0,2.0
409,1090,835,177076.12,2026-07-10T05:02:33,153.0,0.0
410,835,837,169494.2,2026-07-10T06:24:33,153.0,1.0
411,837,836,139318.61,2026-07-10T08:24:33,153.0,2.0
412,1091,835,91962.24,2026-08-17T10:09:44,154.0,0.0
413,835,836,85229.1,2026-08-17T11:01:44,154.0,1.0
414,836,837,71604.3,2026-08-17T12:15:44,154.0,2.0
415,1092,835,173352.16,2026-06-16T08:31:54,155.0,0.0
416,835,837,153861.57,2026-06-16T10:21:54,155.0,1.0
417,837,836,126838.08,2026-06-16T11:22:54,155.0,2.0
418,1093,836,422460.31,2026-06-21T16:24:00,156.0,0.0
419,836,837,363617.12,2026-06-21T17:47:00,156.0,1.0
420,837,835,332378.42,2026-06-21T18:47:00,156.0,2.0
421,1094,837,284432.18,2026-07-08T13:16:14,157.0,0.0
422,837,835,240103.92,2026-07-08T14:16:14,157.0,1.0
423,835,836,208102.14,2026-07-08T15:04:14,157.0,2.0
424,1095,835,417939.1,2026-08-06T05:38:26,158.0,0.0
425,835,837,384950.41,2026-08-06T06:37:26,158.0,1.0
426,837,836,357499.04,2026-08-06T08:25:26,158.0,2.0
427,1096,837,273252.72,2026-07-27T03:54:03,159.0,0.0
428,837,835,251552.14,2026-07-27T04:24:03,159.0,1.0
429,835,836,204772.42,2026-07-27T05:41:03,159.0,2.0
430,1097,835,373953.55,2026-07-02T11:12:03,160.0,0.0
431,835,837,326034.23,2026-07-02T12:52:03,160.0,1.0
432,837,836,254805.98,2026-07-02T14:50:03,160.0,2.0
433,1098,836,360398.42,2026-06-12T22:04:48,161.0,0.0
434,836,835,338706.62,2026-06-12T22:20:48,161.0,1.0
435,835,837,324894.98,2026-06-12T23:12:48,161.0,2.0
436,1099,835,17329.55,2026-06-06T17:05:31,162.0,0.0
437,835,836,15820.12,2026-06-06T18:06:31,162.0,1.0
438,836,837,14876.91,2026-06-06T19:20:31,162.0,2.0
439,1100,836,353012.86,2026-08-18T02:06:16,163.0,0.0
440,836,835,324254.98,2026-08-18T03:20:16,163.0,1.0
441,835,837,298127.46,2026-08-18T05:11:16,163.0,2.0
442,1101,837,338455.21,2026-06-17T01:42:12,164.0,0.0
443,837,835,283710.67,2026-06-17T03:13:12,164.0,1.0
444,835,836,266820.89,2026-06-17T04:25:12,164.0,2.0
445,1102,837,407595.6,2026-07-19T08:55:33,165.0,0.0
446,837,835,382307.42,2026-07-19T10:30:33,165.0,1.0
447,835,836,308533.92,2026-07-19T12:04:33,165.0,2.0
448,1103,836,148648.54,2026-07-08T18:24:15,166.0,0.0
449,836,835,137837.07,2026-07-08T18:39:15,166.0,1.0
450,835,837,112498.62,2026-07-08T19:45:15,166.0,2.0
451,1104,839,203585.45,2026-06-08T18:51:07,167.0,0.0
452,839,840,182175.31,2026-06-08T19:51:07,167.0,1.0
453,1105,842,414341.46,2026-08-27T20:44:09,168.0,0.0
454,842,844,345099.81,2026-08-27T21:31:09,168.0,1.0
455,1106,843,268199.01,2026-06-11T08:10:50,169.0,0.0
456,843,839,230707.94,2026-06-11T09:37:50,169.0,1.0
457,1107,840,156572.52,2026-06-28T17:29:50,170.0,0.0
458,840,841,143313.53,2026-06-28T17:40:50,170.0,1.0
459,1108,841,240114.69,2026-07-31T19:49:01,171.0,0.0
460,841,838,223503.31,2026-07-31T20:53:01,171.0,1.0
461,1109,842,305972.31,2026-07-29T05:45:32,172.0,0.0
462,842,841,261421.57,2026-07-29T06:56:32,172.0,1.0
463,1110,844,177303.25,2026-08-05T08:50:03,173.0,0.0
464,844,841,161256.78,2026-08-05T10:07:03,173.0,1.0
465,1111,839,61165.56,2026-08-24T03:25:40,174.0,0.0
466,839,842,58539.69,2026-08-24T04:59:40,174.0,1.0
467,1112,841,431389.06,2026-08-09T18:19:12,175.0,0.0
468,841,844,398009.8,2026-08-09T18:54:12,175.0,1.0
469,1113,842,196182.55,2026-08-26T11:35:15,176.0,0.0
470,842,839,167917.6,2026-08-26T12:38:15,176.0,1.0
471,1114,839,36183.13,2026-07-04T00:39:43,177.0,0.0
472,839,840,33162.22,2026-07-04T01:24:43,177.0,1.0
473,1115,841,228553.17,2026-08-17T13:44:58,178.0,0.0
474,841,838,206484.08,2026-08-17T15:40:58,178.0,1.0
475,1116,843,424382.09,2026-07-16T11:40:33,179.0,0.0
476,843,841,385119.0,2026-07-16T12:32:33,179.0,1.0
477,1117,844,367410.14,2026-06-13T04:55:53,180.0,0.0
478,844,838,294444.91,2026-06-13T06:16:53,180.0,1.0
479,1118,844,256067.72,2026-08-13T13:54:58,181.0,0.0
480,844,843,237092.01,2026-08-13T15:18:58,181.0,1.0
481,1119,843,13602.61,2026-07-15T13:55:34,182.0,0.0
482,843,840,12231.91,2026-07-15T15:42:34,182.0,1.0
483,1120,842,189827.63,2026-07-26T11:09:23,183.0,0.0
484,842,838,168510.64,2026-07-26T12:49:23,183.0,1.0
485,1121,844,16009.66,2026-07-28T05:45:05,184.0,0.0
486,844,840,13739.59,2026-07-28T06:09:05,184.0,1.0
487,1122,842,321670.9,2026-07-31T16:59:23,185.0,0.0
488,842,843,282885.33,2026-07-31T17:37:23,185.0,1.0
489,1123,838,267343.76,2026-07-25T04:21:02,186.0,0.0
490,838,843,238018.54,2026-07-25T05:00:02,186.0,1.0
491,1124,838,301705.37,2026-07-14T12:45:30,187.0,0.0
492,838,841,244401.81,2026-07-14T14:17:30,187.0,1.0
493,1125,845,37456.6,2026-07-26T13:03:27,188.0,0.0
494,845,846,32073.07,2026-07-26T14:21:27,188.0,1.0
495,1126,845,336621.63,2026-07-26T13:32:21,189.0,0.0
496,845,846,283647.36,2026-07-26T14:05:21,189.0,1.0
497,1127,847,96291.99,2026-08-16T15:10:12,190.0,0.0
498,847,846,86125.84,2026-08-16T16:02:12,190.0,1.0
499,1128,846,394914.8,2026-08-15T03:06:44,191.0,0.0
500,846,845,323199.82,2026-08-15T03:47:44,191.0,1.0
501,1129,846,183234.53,2026-06-07T04:12:56,192.0,0.0
502,846,847,171771.02,2026-06-07T05:50:56,192.0,1.0
503,1130,847,325851.73,2026-06-11T19:53:15,193.0,0.0
504,847,846,289063.7,2026-06-11T21:34:15,193.0,1.0
505,1131,847,297860.45,2026-08-09T21:30:18,194.0,0.0
506,847,845,277156.9,2026-08-09T22:02:18,194.0,1.0
507,1132,847,319745.81,2026-08-20T09:41:40,195.0,0.0
508,847,845,269550.14,2026-08-20T10:02:40,195.0,1.0
509,1133,845,420210.59,2026-06-22T21:57:36,196.0,0.0
510,845,847,392126.28,2026-06-22T23:21:36,196.0,1.0
511,1134,845,349041.05,2026-07-13T06:53:18,197.0,0.0
512,845,847,308709.33,2026-07-13T08:00:18,197.0,1.0
513,1135,845,340641.39,2026-07-29T17:49:23,198.0,0.0
514,845,846,324230.33,2026-07-29T18:43:23,198.0,1.0
515,1136,846,349487.26,2026-08-10T07:18:40,199.0,0.0
516,846,845,292647.56,2026-08-10T08:40:40,199.0,1.0
517,1137,847,332815.22,2026-06-08T22:03:24,200.0,0.0
518,847,845,302835.96,2026-06-08T22:59:24,200.0,1.0
519,1138,845,127509.66,2026-08-12T15:22:38,201.0,0.0
520,845,847,113612.52,2026-08-12T17:03:38,201.0,1.0
521,1139,846,432079.23,2026-07-23T07:20:25,202.0,0.0
522,846,847,398322.62,2026-07-23T09:09:25,202.0,1.0
523,1140,845,227334.06,2026-06-13T02:25:15,203.0,0.0
524,845,847,195642.36,2026-06-13T04:13:15,203.0,1.0
525,1141,847,366910.5,2026-08-01T09:19:59,204.0,0.0
526,847,846,349986.85,2026-08-01T10:21:59,204.0,1.0
527,1142,845,281143.7,2026-08-17T06:16:14,205.0,0.0
528,845,847,263326.03,2026-08-17T06:50:14,205.0,1.0
529,1143,847,113913.6,2026-08-18T13:18:31,206.0,0.0
530,847,845,89813.87,2026-08-18T14:48:31,206.0,1.0
531,1144,847,248390.35,2026-08-03T04:58:10,207.0,0.0
532,847,846,231059.79,2026-08-03T06:07:10,207.0,1.0
533,1145,846,353276.55,2026-08-18T17:45:14,208.0,0.0
534,846,845,322107.33,2026-08-18T18:34:14,208.0,1.0
535,1146,845,91272.39,2026-08-27T03:34:19,209.0,0.0
536,845,846,86390.4,2026-08-27T05:31:19,209.0,1.0
537,1147,847,30432.64,2026-08-21T02:35:30,210.0,0.0
538,847,845,25778.62,2026-08-21T04:26:30,210.0,1.0
539,1148,847,443520.52,2026-07-31T06:06:20,211.0,0.0
540,847,846,411352.92,2026-07-31T06:59:20,211.0,1.0
541,1149,846,92400.76,2026-07-15T06:43:38,212.0,0.0
542,846,847,75115.52,2026-07-15T08:18:38,212.0,1.0
543,1150,846,204631.36,2026-07-08T08:59:20,213.0,0.0
544,846,847,190681.99,2026-07-08T09:35:20,213.0,1.0
545,1151,846,323576.24,2026-08-24T16:00:37,214.0,0.0
546,846,847,263080.84,2026-08-24T17:56:37,214.0,1.0
547,1152,846,370166.99,2026-06-05T18:41:54,215.0,0.0
548,846,847,339292.42,2026-06-05T20:26:54,215.0,1.0
549,1153,847,21121.23,2026-08-07T17:08:35,216.0,0.0
550,847,846,17667.64,2026-08-07T18:56:35,216.0,1.0
551,1154,845,339108.37,2026-08-03T08:29:57,217.0,0.0
552,845,847,277445.73,2026-08-03T09:52:57,217.0,1.0
553,1155,851,251579.04,2026-07-26T03:10:44,218.0,0.0
554,851,850,210703.91,2026-07-26T04:00:44,218.0,1.0
555,850,848,187788.68,2026-07-26T05:07:44,218.0,2.0
556,1156,851,331462.06,2026-07-26T20:05:11,219.0,0.0
557,851,852,280318.86,2026-07-26T21:16:11,219.0,1.0
558,852,849,265232.37,2026-07-26T22:20:11,219.0,2.0
559,1157,851,232005.02,2026-06-09T01:16:33,220.0,0.0
560,851,852,190793.18,2026-06-09T01:38:33,220.0,1.0
561,852,849,166805.0,2026-06-09T02:34:33,220.0,2.0
562,1158,848,230215.74,2026-06-21T22:35:39,221.0,0.0
563,848,849,186864.71,2026-06-21T23:55:39,221.0,1.0
564,849,851,177009.29,2026-06-22T01:38:39,221.0,2.0
565,1159,849,105580.97,2026-07-02T04:07:59,222.0,0.0
566,849,848,97633.43,2026-07-02T04:28:59,222.0,1.0
567,848,852,79063.73,2026-07-02T04:44:59,222.0,2.0
568,1160,852,319497.2,2026-08-26T23:29:03,223.0,0.0
569,852,849,298576.79,2026-08-26T23:54:03,223.0,1.0
570,849,848,277945.33,2026-08-27T01:49:03,223.0,2.0
571,1161,849,232733.8,2026-07-30T19:59:56,224.0,0.0
572,849,850,212889.72,2026-07-30T21:27:56,224.0,1.0
573,850,848,171212.65,2026-07-30T22:00:56,224.0,2.0
574,1162,850,403321.17,2026-06-10T04:22:45,225.0,0.0
575,850,852,326342.28,2026-06-10T05:34:45,225.0,1.0
576,852,849,286914.31,2026-06-10T06:40:45,225.0,2.0
577,1163,850,257037.96,2026-08-09T19:20:45,226.0,0.0
578,850,848,241366.76,2026-08-09T21:13:45,226.0,1.0
579,848,852,217211.63,2026-08-09T22:09:45,226.0,2.0
580,1164,852,21402.41,2026-06-21T09:51:47,227.0,0.0
581,852,850,17521.26,2026-06-21T11:47:47,227.0,1.0
582,850,849,16601.69,2026-06-21T13:18:47,227.0,2.0
583,1165,848,59364.65,2026-08-13T21:03:23,228.0,0.0
584,848,851,54076.47,2026-08-13T22:05:23,228.0,1.0
585,851,849,46630.66,2026-08-13T23:53:23,228.0,2.0
586,1166,850,304889.71,2026-07-26T04:31:47,229.0,0.0
587,850,851,238399.69,2026-07-26T06:02:47,229.0,1.0
588,851,852,226221.38,2026-07-26T06:47:47,229.0,2.0
589,1167,848,253700.5,2026-07-31T15:25:38,230.0,0.0
590,848,849,202159.68,2026-07-31T16:31:38,230.0,1.0
591,849,850,177325.21,2026-07-31T17:00:38,230.0,2.0
592,1168,851,226871.73,2026-07-29T23:42:42,231.0,0.0
593,851,852,215292.92,2026-07-30T01:20:42,231.0,1.0
594,852,849,197849.32,2026-07-30T02:09:42,231.0,2.0
595,1169,852,5394.3,2026-08-10T13:30:31,232.0,0.0
596,852,850,4508.4,2026-08-10T15:08:31,232.0,1.0
597,850,851,3959.77,2026-08-10T16:02:31,232.0,2.0
598,1170,849,301533.0,2026-07-31T05:00:47,233.0,0.0
599,849,852,260118.58,2026-07-31T06:20:47,233.0,1.0
600,852,848,208063.76,2026-07-31T08:05:47,233.0,2.0
601,1171,850,134727.04,2026-08-09T08:35:43,234.0,0.0
602,850,848,118129.16,2026-08-09T09:32:43,234.0,1.0
603,848,852,109111.97,2026-08-09T09:57:43,234.0,2.0
604,1172,850,468692.67,2026-07-18T07:37:33,235.0,0.0
605,850,852,437199.71,2026-07-18T07:54:33,235.0,1.0
606,852,851,371738.9,2026-07-18T09:12:33,235.0,2.0
607,1173,852,339814.2,2026-07-08T20:55:27,236.0,0.0
608,852,849,290729.08,2026-07-08T21:35:27,236.0,1.0
609,849,851,237557.69,2026-07-08T23:00:27,236.0,2.0
610,1174,848,121679.64,2026-06-28T05:11:46,237.0,0.0
611,848,852,96520.81,2026-06-28T06:46:46,237.0,1.0
612,852,850,88564.92,2026-06-28T07:39:46,237.0,2.0
613,1175,852,89544.35,2026-06-02T03:23:20,238.0,0.0
614,852,851,71358.94,2026-06-02T05:06:20,238.0,1.0
615,851,849,62423.07,2026-06-02T06:40:20,238.0,2.0
616,1176,852,125982.65,2026-07-16T09:02:49,239.0,0.0
617,852,848,108836.27,2026-07-16T10:48:49,239.0,1.0
618,848,849,97451.61,2026-07-16T11:47:49,239.0,2.0
619,1177,849,411075.39,2026-08-01T22:46:13,240.0,0.0
620,849,850,347090.6,2026-08-01T23:10:13,240.0,1.0
621,850,848,302773.77,2026-08-02T00:56:13,240.0,2.0
622,1178,850,41851.38,2026-06-19T10:50:48,241.0,0.0
623,850,852,39599.85,2026-06-19T12:14:48,241.0,1.0
624,852,851,33424.78,2026-06-19T14:07:48,241.0,2.0
625,1179,848,307734.19,2026-08-24T01:54:21,242.0,0.0
626,848,852,243032.93,2026-08-24T03:27:21,242.0,1.0
627,852,849,203076.62,2026-08-24T05:19:21,242.0,2.0
628,1180,852,241218.79,2026-07-15T05:56:35,243.0,0.0
629,852,850,220547.49,2026-07-15T06:58:35,243.0,1.0
630,850,851,176872.15,2026-07-15T07:14:35,243.0,2.0
631,1181,851,394676.25,2026-08-29T14:04:33,244.0,0.0
632,851,848,338513.49,2026-08-29T15:24:33,244.0,1.0
633,848,852,300370.59,2026-08-29T17:24:33,244.0,2.0
634,1182,849,285009.94,2026-06-21T23:31:34,245.0,0.0
635,849,850,228420.2,2026-06-22T01:11:34,245.0,1.0
636,850,852,182711.79,2026-06-22T02:09:34,245.0,2.0
637,1183,850,173645.81,2026-06-17T06:20:56,246.0,0.0
638,850,849,140025.29,2026-06-17T07:26:56,246.0,1.0
639,849,852,117338.82,2026-06-17T07:52:56,246.0,2.0
640,1184,850,77029.72,2026-08-17T20:01:15,247.0,0.0
641,850,852,69241.81,2026-08-17T21:36:15,247.0,1.0
642,852,849,63647.43,2026-08-17T22:00:15,247.0,2.0
643,1185,848,316775.88,2026-08-03T04:10:17,248.0,0.0
644,848,850,265986.57,2026-08-03T04:52:17,248.0,1.0
645,850,852,230929.62,2026-08-03T05:31:17,248.0,2.0
646,1186,848,143856.6,2026-06-10T08:20:22,249.0,0.0
647,848,851,126515.0,2026-06-10T09:55:22,249.0,1.0
648,851,849,120945.65,2026-06-10T10:49:22,249.0,2.0
649,1187,850,347410.04,2026-08-07T15:07:36,250.0,0.0
650,850,849,311785.03,2026-08-07T16:31:36,250.0,1.0
651,849,851,270115.86,2026-08-07T17:25:36,250.0,2.0
652,1188,848,381800.66,2026-06-27T06:25:11,251.0,0.0
653,848,850,318521.66,2026-06-27T06:41:11,251.0,1.0
654,850,852,277930.55,2026-06-27T08:03:11,251.0,2.0
655,1189,852,156797.21,2026-08-24T04:06:12,252.0,0.0
656,852,848,141047.67,2026-08-24T05:34:12,252.0,1.0
657,848,851,112216.54,2026-08-24T06:26:12,252.0,2.0
658,1190,850,395074.57,2026-06-07T14:31:41,253.0,0.0
659,850,852,351594.74,2026-06-07T16:15:41,253.0,1.0
660,852,848,287091.1,2026-06-07T17:49:41,253.0,2.0
661,1191,849,381685.52,2026-06-02T22:34:23,254.0,0.0
662,849,850,316458.34,2026-06-02T23:10:23,254.0,1.0
663,850,852,264121.31,2026-06-03T00:14:23,254.0,2.0
664,1192,848,147578.56,2026-07-09T06:17:10,255.0,0.0
665,848,849,124840.85,2026-07-09T07:08:10,255.0,1.0
666,849,851,100860.54,2026-07-09T07:22:10,255.0,2.0
667,1193,848,141496.58,2026-06-24T02:22:25,256.0,0.0
668,848,852,130687.74,2026-06-24T03:09:25,256.0,1.0
669,852,849,113081.74,2026-06-24T04:30:25,256.0,2.0
670,1194,848,231404.36,2026-06-24T15:34:04,257.0,0.0
671,848,851,195674.54,2026-06-24T15:55:04,257.0,1.0
672,851,850,179488.4,2026-06-24T16:58:04,257.0,2.0
673,1195,857,233595.07,2026-08-25T20:58:12,258.0,0.0
674,857,855,213245.01,2026-08-25T21:44:12,258.0,1.0
675,1196,855,240925.76,2026-07-04T23:14:14,259.0,0.0
676,855,856,212085.46,2026-07-05T01:02:14,259.0,1.0
677,1197,854,300507.61,2026-07-09T23:55:23,260.0,0.0
678,854,856,258273.83,2026-07-10T00:32:23,260.0,1.0
679,1198,855,78604.79,2026-07-03T17:08:22,261.0,0.0
680,855,856,65849.25,2026-07-03T17:22:22,261.0,1.0
681,1199,854,249604.4,2026-07-27T16:27:37,262.0,0.0
682,854,856,219121.25,2026-07-27T17:55:37,262.0,1.0
683,1200,855,37847.98,2026-07-08T06:50:06,263.0,0.0
684,855,856,34493.9,2026-07-08T08:12:06,263.0,1.0
685,1201,853,138346.83,2026-07-01T02:44:40,264.0,0.0
686,853,855,114445.4,2026-07-01T04:35:40,264.0,1.0
687,1202,854,254009.42,2026-06-25T01:08:37,265.0,0.0
688,854,856,222090.5,2026-06-25T01:29:37,265.0,1.0
689,1203,857,257759.85,2026-07-16T02:44:00,266.0,0.0
690,857,856,223794.49,2026-07-16T04:00:00,266.0,1.0
691,1204,855,41791.2,2026-06-29T14:23:41,267.0,0.0
692,855,857,36200.41,2026-06-29T15:02:41,267.0,1.0
693,1205,854,182388.51,2026-08-14T03:57:53,268.0,0.0
694,854,855,147856.0,2026-08-14T04:32:53,268.0,1.0
695,1206,857,15003.02,2026-07-03T22:52:48,269.0,0.0
696,857,854,13181.7,2026-07-03T23:53:48,269.0,1.0
697,1207,853,143424.75,2026-08-19T10:20:22,270.0,0.0
698,853,856,132907.11,2026-08-19T11:41:22,270.0,1.0
699,1208,857,467665.78,2026-06-13T07:05:19,271.0,0.0
700,857,854,374514.45,2026-06-13T07:25:19,271.0,1.0
701,1209,856,371319.18,2026-08-25T23:46:26,272.0,0.0
702,856,857,339136.49,2026-08-26T00:26:26,272.0,1.0
703,1210,856,283084.82,2026-08-14T22:11:54,273.0,0.0
704,856,854,237374.55,2026-08-14T23:39:54,273.0,1.0
705,1211,862,163704.43,2026-08-14T04:08:43,274.0,0.0
706,862,859,129544.13,2026-08-14T05:19:43,274.0,1.0
707,859,861,113055.29,2026-08-14T06:27:43,274.0,2.0
708,861,860,103764.74,2026-08-14T07:31:43,274.0,3.0
709,1212,860,194226.79,2026-08-09T13:30:40,275.0,0.0
710,860,862,176509.12,2026-08-09T13:40:40,275.0,1.0
711,862,861,163503.25,2026-08-09T13:52:40,275.0,2.0
712,861,859,141231.53,2026-08-09T15:02:40,275.0,3.0
713,1213,862,22570.8,2026-07-02T08:27:14,276.0,0.0
714,862,859,20584.38,2026-07-02T10:21:14,276.0,1.0
715,859,858,19131.94,2026-07-02T11:29:14,276.0,2.0
716,858,860,15421.02,2026-07-02T11:53:14,276.0,3.0
717,1214,858,148346.52,2026-06-10T17:08:22,277.0,0.0
718,858,861,143786.89,2026-06-10T18:46:22,277.0,1.0
719,861,859,135793.01,2026-06-10T19:12:22,277.0,2.0
720,859,860,130117.56,2026-06-10T19:22:22,277.0,3.0
721,1215,859,413026.19,2026-06-12T07:47:37,278.0,0.0
722,859,860,380105.92,2026-06-12T09:06:37,278.0,1.0
723,860,862,311405.94,2026-06-12T09:21:37,278.0,2.0
724,862,861,294374.02,2026-06-12T10:06:37,278.0,3.0
725,1216,860,312652.29,2026-06-02T19:47:31,279.0,0.0
726,860,861,257674.62,2026-06-02T21:24:31,279.0,1.0
727,861,859,206189.83,2026-06-02T21:34:31,279.0,2.0
728,859,858,181242.98,2026-06-02T23:32:31,279.0,3.0
729,1217,860,49961.03,2026-07-16T07:44:20,280.0,0.0
730,860,861,41247.35,2026-07-16T09:03:20,280.0,1.0
731,861,858,37800.87,2026-07-16T10:59:20,280.0,2.0
732,858,862,31680.25,2026-07-16T12:31:20,280.0,3.0
733,1218,860,312998.58,2026-08-02T04:41:22,281.0,0.0
734,860,862,286331.92,2026-08-02T06:03:22,281.0,1.0
735,862,861,257286.3,2026-08-02T07:55:22,281.0,2.0
736,861,858,222181.01,2026-08-02T09:19:22,281.0,3.0
737,1219,858,16278.4,2026-08-03T21:16:35,282.0,0.0
738,858,861,14030.57,2026-08-03T21:51:35,282.0,1.0
739,861,860,11835.52,2026-08-03T22:37:35,282.0,2.0
740,860,862,10113.44,2026-08-03T23:39:35,282.0,3.0
741,1220,861,165661.7,2026-07-01T11:50:15,283.0,0.0
742,861,858,136202.09,2026-07-01T12:09:15,283.0,1.0
743,858,862,109620.06,2026-07-01T12:52:15,283.0,2.0
744,862,860,97894.9,2026-07-01T14:14:15,283.0,3.0
745,1221,860,95745.22,2026-07-10T15:40:08,284.0,0.0
746,860,861,76713.97,2026-07-10T17:32:08,284.0,1.0
747,861,858,72536.13,2026-07-10T18:09:08,284.0,2.0
748,858,859,65266.38,2026-07-10T19:11:08,284.0,3.0
749,1222,858,137234.54,2026-06-25T13:41:11,285.0,0.0
750,858,861,120520.58,2026-06-25T15:24:11,285.0,1.0
751,861,859,103985.29,2026-06-25T17:01:11,285.0,2.0
752,859,860,88328.34,2026-06-25T17:40:11,285.0,3.0
753,1223,859,240528.73,2026-08-26T11:52:52,286.0,0.0
754,859,858,198917.87,2026-08-26T13:48:52,286.0,1.0
755,858,862,178237.83,2026-08-26T14:08:52,286.0,2.0
756,862,861,144651.61,2026-08-26T15:31:52,286.0,3.0
757,1224,858,203136.61,2026-07-17T12:34:19,287.0,0.0
758,858,861,187697.25,2026-07-17T13:03:19,287.0,1.0
759,861,862,166395.74,2026-07-17T14:19:19,287.0,2.0
760,862,860,151454.55,2026-07-17T15:34:19,287.0,3.0
761,1225,859,278902.55,2026-07-25T01:24:31,288.0,0.0
762,859,860,260091.12,2026-07-25T01:44:31,288.0,1.0
763,860,861,235997.4,2026-07-25T03:12:31,288.0,2.0
764,861,862,223783.96,2026-07-25T03:24:31,288.0,3.0
765,1226,858,317553.25,2026-06-05T23:37:06,289.0,0.0
766,858,862,276689.1,2026-06-05T23:53:06,289.0,1.0
767,862,859,234819.13,2026-06-06T01:15:06,289.0,2.0
768,859,860,202841.4,2026-06-06T02:45:06,289.0,3.0
769,1227,860,306248.08,2026-08-17T01:45:41,290.0,0.0
770,860,858,275498.65,2026-08-17T03:33:41,290.0,1.0
771,858,861,240484.5,2026-08-17T04:37:41,290.0,2.0
772,861,862,199771.47,2026-08-17T06:00:41,290.0,3.0
773,1228,862,16827.98,2026-07-03T03:18:21,291.0,0.0
774,862,861,13648.56,2026-07-03T03:46:21,291.0,1.0
775,861,858,13057.38,2026-07-03T04:09:21,291.0,2.0
776,858,860,10257.56,2026-07-03T05:47:21,291.0,3.0
777,1229,862,157740.12,2026-08-22T18:08:01,292.0,0.0
778,862,859,151731.79,2026-08-22T19:36:01,292.0,1.0
779,859,860,130666.26,2026-08-22T21:23:01,292.0,2.0
780,860,861,111765.43,2026-08-22T23:00:01,292.0,3.0
781,1230,860,144909.99,2026-07-03T02:45:13,293.0,0.0
782,860,862,130998.47,2026-07-03T04:13:13,293.0,1.0
783,862,859,101258.46,2026-07-03T05:37:13,293.0,2.0
784,859,861,79262.68,2026-07-03T06:40:13,293.0,3.0
785,1231,863,121791.1,2026-07-30T13:27:02,294.0,0.0
786,863,865,99193.85,2026-07-30T13:53:02,294.0,1.0
787,865,864,92561.6,2026-07-30T14:33:02,294.0,2.0
788,1232,865,161939.65,2026-06-23T13:02:34,295.0,0.0
789,865,868,140661.34,2026-06-23T15:01:34,295.0,1.0
790,868,863,116876.66,2026-06-23T15:54:34,295.0,2.0
791,1233,866,59157.12,2026-06-29T11:08:33,296.0,0.0
792,866,868,53561.41,2026-06-29T12:42:33,296.0,1.0
793,868,867,44854.03,2026-06-29T13:10:33,296.0,2.0
794,1234,864,28750.81,2026-06-22T06:28:54,297.0,0.0
795,864,866,23707.42,2026-06-22T06:59:54,297.0,1.0
796,866,868,19354.03,2026-06-22T08:52:54,297.0,2.0
797,1235,865,243812.86,2026-06-28T02:47:21,298.0,0.0
798,865,866,227233.84,2026-06-28T03:19:21,298.0,1.0
799,866,867,201911.69,2026-06-28T04:57:21,298.0,2.0
800,1236,864,245465.13,2026-06-15T00:22:00,299.0,0.0
801,864,865,226353.68,2026-06-15T01:42:00,299.0,1.0
802,865,866,180535.99,2026-06-15T03:01:00,299.0,2.0
803,1237,868,257451.33,2026-06-14T00:39:04,300.0,0.0
804,868,863,245011.41,2026-06-14T02:36:04,300.0,1.0
805,863,866,196311.74,2026-06-14T03:14:04,300.0,2.0
806,1238,864,439076.74,2026-06-30T04:00:58,301.0,0.0
807,864,865,392118.98,2026-06-30T04:31:58,301.0,1.0
808,865,868,342746.88,2026-06-30T05:17:58,301.0,2.0
809,1239,868,138509.49,2026-08-17T17:48:23,302.0,0.0
810,868,864,121576.47,2026-08-17T18:06:23,302.0,1.0
811,864,865,101979.5,2026-08-17T19:43:23,302.0,2.0
812,1240,867,54752.9,2026-06-19T07:55:05,303.0,0.0
813,867,863,44684.4,2026-06-19T08:29:05,303.0,1.0
814,863,868,40214.49,2026-06-19T10:12:05,303.0,2.0
815,1241,866,227697.89,2026-08-26T21:56:24,304.0,0.0
816,866,865,201303.78,2026-08-26T23:42:24,304.0,1.0
817,865,863,184799.95,2026-08-27T01:42:24,304.0,2.0
818,1242,863,17623.21,2026-06-06T19:55:52,305.0,0.0
819,863,865,16852.29,2026-06-06T20:13:52,305.0,1.0
820,865,868,15853.54,2026-06-06T21:16:52,305.0,2.0
821,1243,864,14665.39,2026-08-15T23:21:47,306.0,0.0
822,864,865,13425.04,2026-08-16T00:40:47,306.0,1.0
823,865,868,11964.41,2026-08-16T02:20:47,306.0,2.0
824,1244,867,115232.22,2026-06-12T21:07:49,307.0,0.0
825,867,865,109804.28,2026-06-12T21:51:49,307.0,1.0
826,865,863,104576.86,2026-06-12T22:57:49,307.0,2.0
827,1245,865,14688.64,2026-08-18T09:05:27,308.0,0.0
828,865,868,12064.32,2026-08-18T10:00:27,308.0,1.0
829,868,867,10020.58,2026-08-18T10:13:27,308.0,2.0
830,1246,868,87145.66,2026-06-07T18:55:25,309.0,0.0
831,868,865,79996.12,2026-06-07T19:37:25,309.0,1.0
832,865,863,64027.67,2026-06-07T21:22:25,309.0,2.0
833,1247,865,275601.96,2026-07-15T18:45:29,310.0,0.0
834,865,868,235552.49,2026-07-15T19:47:29,310.0,1.0
835,868,864,218707.41,2026-07-15T21:42:29,310.0,2.0
836,1248,866,151684.8,2026-08-09T06:50:29,311.0,0.0
837,866,868,131985.61,2026-08-09T07:53:29,311.0,1.0
838,868,863,111656.27,2026-08-09T09:24:29,311.0,2.0
839,1249,868,429303.28,2026-06-21T17:43:34,312.0,0.0
840,868,867,340987.19,2026-06-21T19:25:34,312.0,1.0
841,867,865,270684.27,2026-06-21T20:46:34,312.0,2.0
842,1250,868,146763.14,2026-07-10T19:26:35,313.0,0.0
843,868,867,120303.46,2026-07-10T19:37:35,313.0,1.0
844,867,864,104167.22,2026-07-10T20:47:35,313.0,2.0
845,1251,864,148314.01,2026-07-09T09:20:28,314.0,0.0
846,864,866,136462.4,2026-07-09T11:08:28,314.0,1.0
847,866,867,118080.67,2026-07-09T11:31:28,314.0,2.0
848,1252,864,68283.79,2026-07-04T07:52:02,315.0,0.0
849,864,865,59799.33,2026-07-04T08:18:02,315.0,1.0
850,865,866,50720.79,2026-07-04T09:29:02,315.0,2.0
851,1253,871,307918.52,2026-06-14T20:24:25,316.0,0.0
852,871,869,292409.4,2026-06-14T22:11:25,316.0,1.0
853,869,870,241574.31,2026-06-14T23:41:25,316.0,2.0
854,870,872,215708.3,2026-06-15T00:17:25,316.0,3.0
855,1254,874,128125.51,2026-06-03T23:42:43,317.0,0.0
856,874,870,114577.18,2026-06-04T00:46:43,317.0,1.0
857,870,872,93951.29,2026-06-04T01:22:43,317.0,2.0
858,872,875,83472.86,2026-06-04T02:39:43,317.0,3.0
859,1255,875,385445.83,2026-06-10T02:50:04,318.0,0.0
860,875,873,312008.8,2026-06-10T04:32:04,318.0,1.0
861,873,874,285766.05,2026-06-10T04:42:04,318.0,2.0
862,874,872,257402.74,2026-06-10T05:31:04,318.0,3.0
863,1256,869,384477.18,2026-08-11T17:02:07,319.0,0.0
864,869,874,349975.73,2026-08-11T18:39:07,319.0,1.0
865,874,870,293055.43,2026-08-11T20:23:07,319.0,2.0
866,870,872,238191.51,2026-08-11T20:59:07,319.0,3.0
867,1257,872,233399.0,2026-06-09T22:19:51,320.0,0.0
868,872,869,191803.88,2026-06-09T23:22:51,320.0,1.0
869,869,873,169884.91,2026-06-10T01:02:51,320.0,2.0
870,873,874,158115.09,2026-06-10T02:23:51,320.0,3.0
871,1258,871,379443.75,2026-06-24T21:20:00,321.0,0.0
872,871,869,320349.08,2026-06-24T21:35:00,321.0,1.0
873,869,873,308896.72,2026-06-24T21:52:00,321.0,2.0
874,873,872,264726.71,2026-06-24T23:52:00,321.0,3.0
875,1259,871,204559.39,2026-06-21T14:56:01,322.0,0.0
876,871,872,188851.59,2026-06-21T16:30:01,322.0,1.0
877,872,875,179683.86,2026-06-21T16:50:01,322.0,2.0
878,875,874,155275.5,2026-06-21T17:43:01,322.0,3.0
879,1260,869,440725.92,2026-06-11T08:42:48,323.0,0.0
880,869,875,404685.15,2026-06-11T10:01:48,323.0,1.0
881,875,870,331746.46,2026-06-11T10:18:48,323.0,2.0
882,870,871,308617.92,2026-06-11T12:11:48,323.0,3.0
883,1261,870,183587.99,2026-07-29T08:22:48,324.0,0.0
884,870,873,169072.01,2026-07-29T09:07:48,324.0,1.0
885,873,875,143160.79,2026-07-29T09:34:48,324.0,2.0
886,875,874,127974.56,2026-07-29T11:34:48,324.0,3.0
887,1262,875,201204.78,2026-07-24T20:11:10,325.0,0.0
888,875,874,165065.51,2026-07-24T21:46:10,325.0,1.0
889,874,869,140606.11,2026-07-24T23:22:10,325.0,2.0
890,869,873,132302.41,2026-07-25T00:00:10,325.0,3.0
891,1263,872,221321.16,2026-06-01T14:24:53,326.0,0.0
892,872,871,176646.04,2026-06-01T15:26:53,326.0,1.0
893,871,869,156119.72,2026-06-01T17:05:53,326.0,2.0
894,869,873,131754.8,2026-06-01T17:28:53,326.0,3.0
895,1264,875,170402.94,2026-07-31T05:55:57,327.0,0.0
896,875,874,153230.71,2026-07-31T07:42:57,327.0,1.0
897,874,872,129343.9,2026-07-31T08:43:57,327.0,2.0
898,872,873,116710.49,2026-07-31T10:09:57,327.0,3.0
899,1265,869,267387.84,2026-07-17T22:14:37,328.0,0.0
900,869,872,249272.39,2026-07-18T00:09:37,328.0,1.0
901,872,871,200143.36,2026-07-18T00:27:37,328.0,2.0
902,871,874,178517.27,2026-07-18T01:40:37,328.0,3.0
903,1266,873,414315.94,2026-07-30T12:11:25,329.0,0.0
904,873,870,365387.51,2026-07-30T13:52:25,329.0,1.0
905,870,871,306165.78,2026-07-30T14:20:25,329.0,2.0
906,871,874,273320.47,2026-07-30T15:03:25,329.0,3.0
907,1267,871,446486.9,2026-06-16T20:49:36,330.0,0.0
908,871,872,359748.4,2026-06-16T22:03:36,330.0,1.0
909,872,873,313458.24,2026-06-16T23:52:36,330.0,2.0
910,873,874,263271.26,2026-06-17T00:18:36,330.0,3.0
911,1268,872,208677.67,2026-07-09T13:43:05,331.0,0.0
912,872,875,169743.53,2026-07-09T14:34:05,331.0,1.0
913,875,869,148608.62,2026-07-09T15:41:05,331.0,2.0
914,869,870,133070.55,2026-07-09T15:58:05,331.0,3.0
915,1269,875,356950.67,2026-07-28T20:26:17,332.0,0.0
916,875,872,329795.13,2026-07-28T22:20:17,332.0,1.0
917,872,869,296596.51,2026-07-28T23:44:17,332.0,2.0
918,869,873,254886.0,2026-07-29T00:49:17,332.0,3.0
919,1270,871,235128.12,2026-06-13T09:51:40,333.0,0.0
920,871,873,206799.75,2026-06-13T10:30:40,333.0,1.0
921,873,869,174863.28,2026-06-13T11:51:40,333.0,2.0
922,869,870,162902.42,2026-06-13T12:02:40,333.0,3.0
923,1271,871,253468.14,2026-07-17T16:58:18,334.0,0.0
924,871,872,244972.47,2026-07-17T17:34:18,334.0,1.0
925,872,870,216227.81,2026-07-17T18:22:18,334.0,2.0
926,870,874,184976.12,2026-07-17T19:47:18,334.0,3.0
927,1272,874,256061.11,2026-06-30T20:41:53,335.0,0.0
928,874,870,231644.71,2026-06-30T22:19:53,335.0,1.0
929,870,872,188498.58,2026-06-30T23:13:53,335.0,2.0
930,872,871,160796.33,2026-07-01T01:07:53,335.0,3.0
931,1273,873,341877.71,2026-06-22T09:18:27,336.0,0.0
932,873,869,299932.68,2026-06-22T09:44:27,336.0,1.0
933,869,875,259658.95,2026-06-22T09:55:27,336.0,2.0
934,875,871,218949.14,2026-06-22T10:56:27,336.0,3.0
935,1274,873,185284.66,2026-07-08T01:45:25,337.0,0.0
936,873,872,170784.14,2026-07-08T03:09:25,337.0,1.0
937,872,874,160550.03,2026-07-08T05:01:25,337.0,2.0
938,874,870,147786.45,2026-07-08T05:34:25,337.0,3.0
939,1275,875,30628.93,2026-08-13T06:17:14,338.0,0.0
940,875,873,24674.72,2026-08-13T07:28:14,338.0,1.0
941,873,871,20236.69,2026-08-13T09:24:14,338.0,2.0
942,871,872,15706.16,2026-08-13T11:03:14,338.0,3.0
943,1276,874,75761.64,2026-07-19T03:23:41,339.0,0.0
944,874,869,70235.75,2026-07-19T04:23:41,339.0,1.0
945,869,873,58495.75,2026-07-19T05:52:41,339.0,2.0
946,873,871,48629.46,2026-07-19T06:32:41,339.0,3.0
947,1277,871,395789.21,2026-08-18T17:32:45,340.0,0.0
948,871,869,365619.38,2026-08-18T18:34:45,340.0,1.0
949,869,875,316505.29,2026-08-18T19:52:45,340.0,2.0
950,875,874,292505.27,2026-08-18T20:28:45,340.0,3.0
951,1278,871,445330.32,2026-06-30T02:09:22,341.0,0.0
952,871,873,352164.1,2026-06-30T02:44:22,341.0,1.0
953,873,872,322172.1,2026-06-30T02:56:22,341.0,2.0
954,872,874,276924.68,2026-06-30T03:33:22,341.0,3.0
955,1279,873,262450.45,2026-07-29T02:38:27,342.0,0.0
956,873,871,220973.08,2026-07-29T03:45:27,342.0,1.0
957,871,869,205843.88,2026-07-29T04:59:27,342.0,2.0
958,869,870,199524.72,2026-07-29T06:23:27,342.0,3.0
959,1280,872,55771.52,2026-06-19T10:34:59,343.0,0.0
960,872,873,45901.32,2026-06-19T11:16:59,343.0,1.0
961,873,874,40051.86,2026-06-19T12:20:59,343.0,2.0
962,874,870,32772.64,2026-06-19T14:05:59,343.0,3.0
963,1281,871,413458.51,2026-08-22T12:07:44,344.0,0.0
964,871,875,368196.57,2026-08-22T12:32:44,344.0,1.0
965,875,869,297818.8,2026-08-22T14:23:44,344.0,2.0
966,869,870,242295.43,2026-08-22T16:00:44,344.0,3.0
967,1282,874,367460.31,2026-07-28T01:07:21,345.0,0.0
968,874,870,310503.28,2026-07-28T03:03:21,345.0,1.0
969,870,871,294602.47,2026-07-28T04:21:21,345.0,2.0
970,871,873,262623.19,2026-07-28T05:57:21,345.0,3.0
971,1283,878,303353.21,2026-08-25T22:55:32,346.0,0.0
972,878,881,276656.48,2026-08-25T23:41:32,346.0,1.0
973,881,876,254783.65,2026-08-26T00:21:32,346.0,2.0
974,1284,880,280136.84,2026-07-17T21:35:14,347.0,0.0
975,880,876,234323.47,2026-07-17T22:27:14,347.0,1.0
976,876,881,211025.61,2026-07-17T23:13:14,347.0,2.0
977,1285,878,32489.13,2026-08-18T06:02:48,348.0,0.0
978,878,882,26968.27,2026-08-18T07:15:48,348.0,1.0
979,882,876,25194.01,2026-08-18T07:31:48,348.0,2.0
980,1286,877,149426.48,2026-07-25T08:03:35,349.0,0.0
981,877,876,141961.61,2026-07-25T09:24:35,349.0,1.0
982,876,880,128150.95,2026-07-25T10:52:35,349.0,2.0
983,1287,879,257295.95,2026-07-23T19:37:53,350.0,0.0
984,879,880,222270.69,2026-07-23T20:55:53,350.0,1.0
985,880,877,190124.86,2026-07-23T21:41:53,350.0,2.0
986,1288,881,45140.99,2026-07-21T08:47:14,351.0,0.0
987,881,880,40597.38,2026-07-21T10:15:14,351.0,1.0
988,880,879,38161.59,2026-07-21T11:32:14,351.0,2.0
989,1289,881,342040.52,2026-08-04T14:16:12,352.0,0.0
990,881,882,305037.75,2026-08-04T14:49:12,352.0,1.0
991,882,877,262370.71,2026-08-04T15:25:12,352.0,2.0
992,1290,879,124288.8,2026-07-29T11:06:22,353.0,0.0
993,879,877,108007.28,2026-07-29T11:48:22,353.0,1.0
994,877,881,97788.29,2026-07-29T12:30:22,353.0,2.0
995,1291,877,298452.21,2026-07-10T22:42:56,354.0,0.0
996,877,882,278208.18,2026-07-11T00:31:56,354.0,1.0
997,882,879,254260.28,2026-07-11T01:51:56,354.0,2.0
998,1292,882,131552.14,2026-06-05T09:27:06,355.0,0.0
999,882,876,127154.03,2026-06-05T10:23:06,355.0,1.0
1000,876,879,110201.1,2026-06-05T10:42:06,355.0,2.0
1001,1293,877,198933.62,2026-06-03T04:30:40,356.0,0.0
1002,877,878,157048.61,2026-06-03T05:38:40,356.0,1.0
1003,878,879,136808.85,2026-06-03T07:14:40,356.0,2.0
1004,1294,879,396957.6,2026-06-09T00:44:32,357.0,0.0
1005,879,878,333284.15,2026-06-09T01:31:32,357.0,1.0
1006,878,882,314456.64,2026-06-09T03:11:32,357.0,2.0
1007,1295,876,318467.3,2026-07-16T06:30:20,358.0,0.0
1008,876,882,284774.68,2026-07-16T07:31:20,358.0,1.0
1009,882,880,261794.7,2026-07-16T08:38:20,358.0,2.0
1010,1296,881,290162.47,2026-06-06T13:37:52,359.0,0.0
1011,881,878,249837.6,2026-06-06T14:57:52,359.0,1.0
1012,878,880,229583.28,2026-06-06T15:16:52,359.0,2.0
1013,1297,882,54383.64,2026-08-13T20:57:51,360.0,0.0
1014,882,881,47284.04,2026-08-13T21:22:51,360.0,1.0
1015,881,879,45448.04,2026-08-13T23:22:51,360.0,2.0
1016,1298,881,163954.8,2026-07-25T17:17:36,361.0,0.0
1017,881,882,140617.99,2026-07-25T18:29:36,361.0,1.0
1018,882,880,120084.16,2026-07-25T19:55:36,361.0,2.0
1019,1299,878,190139.08,2026-07-20T12:53:07,362.0,0.0
1020,878,879,156729.62,2026-07-20T14:21:07,362.0,1.0
1021,879,881,140224.34,2026-07-20T15:13:07,362.0,2.0
1022,1300,879,134953.99,2026-06-04T21:32:15,363.0,0.0
1023,879,880,124461.6,2026-06-04T22:43:15,363.0,1.0
1024,880,877,111590.05,2026-06-05T00:40:15,363.0,2.0
1025,1301,881,372175.91,2026-07-07T07:12:06,364.0,0.0
1026,881,882,326742.8,2026-07-07T08:46:06,364.0,1.0
1027,882,876,286698.95,2026-07-07T10:44:06,364.0,2.0
1028,1302,879,397102.94,2026-08-26T10:56:44,365.0,0.0
1029,879,876,357505.66,2026-08-26T12:19:44,365.0,1.0
1030,876,880,321940.68,2026-08-26T13:43:44,365.0,2.0
1031,1303,876,341696.71,2026-07-02T14:19:24,366.0,0.0
1032,876,877,274106.92,2026-07-02T14:40:24,366.0,1.0
1033,877,878,218651.75,2026-07-02T15:26:24,366.0,2.0
1034,1304,882,212048.18,2026-06-06T00:56:12,367.0,0.0
1035,882,878,176283.01,2026-06-06T01:39:12,367.0,1.0
1036,878,876,146749.64,2026-06-06T03:23:12,367.0,2.0
1037,1305,878,32973.38,2026-07-25T23:52:19,368.0,0.0
1038,878,877,27426.07,2026-07-26T01:16:19,368.0,1.0
1039,877,882,25148.9,2026-07-26T01:39:19,368.0,2.0
1040,1306,878,162573.1,2026-07-10T05:15:49,369.0,0.0
1041,878,880,147439.92,2026-07-10T07:07:49,369.0,1.0
1042,880,876,125673.74,2026-07-10T08:06:49,369.0,2.0
1043,1307,877,37279.18,2026-08-20T22:57:02,370.0,0.0
1044,877,882,33673.99,2026-08-21T00:43:02,370.0,1.0
1045,882,876,28103.95,2026-08-21T02:01:02,370.0,2.0
1046,1308,879,118060.93,2026-07-04T11:25:42,371.0,0.0
1047,879,878,107829.56,2026-07-04T12:43:42,371.0,1.0
1048,878,881,88881.29,2026-07-04T13:15:42,371.0,2.0
1049,1309,877,271331.74,2026-08-06T06:00:28,372.0,0.0
1050,877,881,255971.92,2026-08-06T07:40:28,372.0,1.0
1051,881,876,200575.35,2026-08-06T07:50:28,372.0,2.0
1052,1310,882,52175.5,2026-07-03T18:11:39,373.0,0.0
1053,882,877,47594.67,2026-07-03T18:58:39,373.0,1.0
1054,877,876,43892.47,2026-07-03T20:32:39,373.0,2.0
1055,1311,882,29867.07,2026-07-13T21:57:58,374.0,0.0
1056,882,880,26200.79,2026-07-13T22:52:58,374.0,1.0
1057,880,881,21163.83,2026-07-13T23:58:58,374.0,2.0
1058,1312,881,427181.01,2026-07-24T03:10:56,375.0,0.0
1059,881,876,400494.06,2026-07-24T03:58:56,375.0,1.0
1060,876,882,387651.9,2026-07-24T05:17:56,375.0,2.0
1061,1313,878,9960.2,2026-06-07T09:21:32,376.0,0.0
1062,878,876,9035.57,2026-06-07T11:06:32,376.0,1.0
1063,876,877,7434.28,2026-06-07T11:22:32,376.0,2.0
1064,1314,881,211524.59,2026-07-30T17:09:39,377.0,0.0
1065,881,877,184086.87,2026-07-30T17:54:39,377.0,1.0
1066,877,876,162790.11,2026-07-30T18:44:39,377.0,2.0
1067,1315,876,78585.09,2026-07-27T16:33:17,378.0,0.0
1068,876,881,64588.32,2026-07-27T17:12:17,378.0,1.0
1069,881,880,53797.28,2026-07-27T18:20:17,378.0,2.0
1070,1316,878,337095.46,2026-08-14T16:22:58,379.0,0.0
1071,878,879,297876.39,2026-08-14T16:45:58,379.0,1.0
1072,879,876,281615.76,2026-08-14T17:57:58,379.0,2.0
1073,1317,878,134385.65,2026-08-07T07:48:46,380.0,0.0
1074,878,877,110805.53,2026-08-07T08:46:46,380.0,1.0
1075,877,876,87454.15,2026-08-07T10:08:46,380.0,2.0
1076,1318,879,165095.21,2026-08-29T14:25:38,381.0,0.0
1077,879,878,133675.75,2026-08-29T15:22:38,381.0,1.0
1078,878,876,125618.88,2026-08-29T16:32:38,381.0,2.0
1079,1319,883,55644.21,2026-08-24T15:26:39,382.0,0.0
1080,883,885,44450.04,2026-08-24T16:32:39,382.0,1.0
1081,885,884,36107.1,2026-08-24T18:17:39,382.0,2.0
1082,884,887,34072.68,2026-08-24T19:38:39,382.0,3.0
1083,1320,885,100008.56,2026-07-28T15:45:02,383.0,0.0
1084,885,883,89211.2,2026-07-28T17:17:02,383.0,1.0
1085,883,887,76493.17,2026-07-28T18:10:02,383.0,2.0
1086,887,886,69050.74,2026-07-28T19:00:02,383.0,3.0
1087,1321,884,247378.18,2026-06-29T23:26:40,384.0,0.0
1088,884,886,200513.46,2026-06-30T00:05:40,384.0,1.0
1089,886,887,172674.92,2026-06-30T01:26:40,384.0,2.0
1090,887,885,152615.39,2026-06-30T02:13:40,384.0,3.0
1091,1322,884,278899.33,2026-06-06T17:33:17,385.0,0.0
1092,884,885,238653.85,2026-06-06T18:56:17,385.0,1.0
1093,885,883,199610.91,2026-06-06T19:37:17,385.0,2.0
1094,883,887,180611.72,2026-06-06T20:50:17,385.0,3.0
1095,1323,886,127322.21,2026-06-04T22:35:12,386.0,0.0
1096,886,885,102643.51,2026-06-04T23:14:12,386.0,1.0
1097,885,887,83996.12,2026-06-04T23:26:12,386.0,2.0
1098,887,884,76280.62,2026-06-05T01:06:12,386.0,3.0
1099,1324,883,60860.94,2026-06-02T04:04:28,387.0,0.0
1100,883,886,49627.01,2026-06-02T05:34:28,387.0,1.0
1101,886,884,40957.01,2026-06-02T06:50:28,387.0,2.0
1102,884,887,32236.22,2026-06-02T08:25:28,387.0,3.0
1103,1325,884,361224.16,2026-06-06T01:51:10,388.0,0.0
1104,884,886,320288.3,2026-06-06T02:04:10,388.0,1.0
1105,886,885,284340.24,2026-06-06T03:45:10,388.0,2.0
1106,885,887,274907.97,2026-06-06T04:55:10,388.0,3.0
1107,1326,887,5432.43,2026-08-23T21:30:23,389.0,0.0
1108,887,885,4461.09,2026-08-23T23:13:23,389.0,1.0
1109,885,883,4015.83,2026-08-23T23:26:23,389.0,2.0
1110,883,884,3442.23,2026-08-24T00:45:23,389.0,3.0
1111,1327,885,424101.62,2026-08-06T06:19:34,390.0,0.0
1112,885,886,353505.61,2026-08-06T06:53:34,390.0,1.0
1113,886,883,280281.65,2026-08-06T07:28:34,390.0,2.0
1114,883,887,230568.74,2026-08-06T07:51:34,390.0,3.0
1115,1328,883,246121.65,2026-06-28T02:25:37,391.0,0.0
1116,883,886,217970.21,2026-06-28T02:53:37,391.0,1.0
1117,886,885,186370.0,2026-06-28T03:34:37,391.0,2.0
1118,885,884,179542.17,2026-06-28T03:45:37,391.0,3.0
1119,1329,885,107808.88,2026-07-06T17:05:40,392.0,0.0
1120,885,884,100956.05,2026-07-06T18:55:40,392.0,1.0
1121,884,886,81098.8,2026-07-06T19:47:40,392.0,2.0
1122,886,887,70126.28,2026-07-06T20:24:40,392.0,3.0
1123,1330,885,377145.6,2026-07-01T00:03:27,393.0,0.0
1124,885,884,335679.32,2026-07-01T02:01:27,393.0,1.0
1125,884,886,310344.03,2026-07-01T03:40:27,393.0,2.0
1126,886,887,245731.03,2026-07-01T04:00:27,393.0,3.0
1127,1331,887,105458.16,2026-08-09T08:32:28,394.0,0.0
1128,887,884,94798.94,2026-08-09T10:11:28,394.0,1.0
1129,884,883,89043.02,2026-08-09T10:38:28,394.0,2.0
1130,883,886,78971.83,2026-08-09T12:19:28,394.0,3.0
1131,1332,885,8362.61,2026-06-13T05:46:14,395.0,0.0
1132,885,884,7703.63,2026-06-13T06:19:14,395.0,1.0
1133,884,887,6663.75,2026-06-13T07:05:14,395.0,2.0
1134,887,886,5725.85,2026-06-13T08:18:14,395.0,3.0
1135,1333,887,80435.13,2026-06-06T10:14:48,396.0,0.0
1136,887,884,64713.89,2026-06-06T10:37:48,396.0,1.0
1137,884,885,62190.79,2026-06-06T11:52:48,396.0,2.0
1138,885,883,55047.42,2026-06-06T12:47:48,396.0,3.0
1139,1334,887,386493.75,2026-08-09T00:05:47,397.0,0.0
1140,887,886,331612.12,2026-08-09T00:33:47,397.0,1.0
1141,886,885,281356.0,2026-08-09T00:48:47,397.0,2.0
1142,885,884,261206.59,2026-08-09T02:33:47,397.0,3.0
1143,1335,886,221445.44,2026-06-19T06:11:30,398.0,0.0
1144,886,884,214639.6,2026-06-19T07:42:30,398.0,1.0
1145,884,883,175233.13,2026-06-19T08:27:30,398.0,2.0
1146,883,885,161914.85,2026-06-19T09:25:30,398.0,3.0
1147,1336,887,396336.25,2026-06-14T17:09:16,399.0,0.0
1148,887,885,330020.04,2026-06-14T18:56:16,399.0,1.0
1149,885,883,259634.58,2026-06-14T20:40:16,399.0,2.0
1150,883,884,230844.98,2026-06-14T21:55:16,399.0,3.0
1151,1337,883,242858.72,2026-07-01T02:51:59,400.0,0.0
1152,883,885,208159.96,2026-07-01T03:14:59,400.0,1.0
1153,885,884,177182.77,2026-07-01T04:38:59,400.0,2.0
1154,884,887,148252.34,2026-07-01T06:23:59,400.0,3.0
1155,1338,887,236089.96,2026-07-04T17:18:25,401.0,0.0
1156,887,885,200839.09,2026-07-04T19:10:25,401.0,1.0
1157,885,884,171459.06,2026-07-04T19:31:25,401.0,2.0
1158,884,886,143865.01,2026-07-04T20:03:25,401.0,3.0
1159,1339,886,370798.25,2026-08-27T15:15:56,402.0,0.0
1160,886,885,330661.42,2026-08-27T15:49:56,402.0,1.0
1161,885,887,294600.77,2026-08-27T16:04:56,402.0,2.0
1162,887,884,267588.22,2026-08-27T16:21:56,402.0,3.0
1163,1340,890,196899.9,2026-07-01T10:15:51,403.0,0.0
1164,890,888,174822.77,2026-07-01T11:15:51,403.0,1.0
1165,888,889,153291.53,2026-07-01T12:55:51,403.0,2.0
1166,889,891,128325.91,2026-07-01T14:19:51,403.0,3.0
1167,1341,891,127278.49,2026-06-07T19:51:49,404.0,0.0
1168,891,889,109057.31,2026-06-07T21:10:49,404.0,1.0
1169,889,888,96551.6,2026-06-07T21:39:49,404.0,2.0
1170,888,890,83242.64,2026-06-07T22:04:49,404.0,3.0
1171,1342,890,69024.2,2026-07-20T03:31:09,405.0,0.0
1172,890,889,58772.15,2026-07-20T04:09:09,405.0,1.0
1173,889,891,50217.24,2026-07-20T04:19:09,405.0,2.0
1174,891,888,45502.2,2026-07-20T05:08:09,405.0,3.0
1175,1343,891,359605.33,2026-08-24T23:42:13,406.0,0.0
1176,891,889,299365.45,2026-08-25T00:30:13,406.0,1.0
1177,889,890,239534.61,2026-08-25T00:51:13,406.0,2.0
1178,890,888,211012.18,2026-08-25T02:06:13,406.0,3.0
1179,1344,888,176214.13,2026-07-16T13:52:12,407.0,0.0
1180,888,891,147872.02,2026-07-16T15:22:12,407.0,1.0
1181,891,890,129169.04,2026-07-16T15:32:12,407.0,2.0
1182,890,889,109849.7,2026-07-16T16:02:12,407.0,3.0
1183,1345,889,11546.83,2026-07-29T17:51:34,408.0,0.0
1184,889,888,10824.85,2026-07-29T19:30:34,408.0,1.0
1185,888,891,9094.61,2026-07-29T19:40:34,408.0,2.0
1186,891,890,7346.96,2026-07-29T21:11:34,408.0,3.0
1187,1346,888,416847.91,2026-08-03T19:55:43,409.0,0.0
1188,888,890,377079.7,2026-08-03T20:27:43,409.0,1.0
1189,890,891,353754.77,2026-08-03T21:25:43,409.0,2.0
1190,891,889,282214.07,2026-08-03T22:22:43,409.0,3.0
1191,1347,891,378475.56,2026-08-17T04:14:17,410.0,0.0
1192,891,890,347324.35,2026-08-17T05:28:17,410.0,1.0
1193,890,888,319184.86,2026-08-17T05:59:17,410.0,2.0
1194,888,889,307580.16,2026-08-17T06:11:17,410.0,3.0
1195,1348,888,226765.19,2026-07-30T06:53:12,411.0,0.0
1196,888,890,199370.13,2026-07-30T07:40:12,411.0,1.0
1197,890,891,182804.76,2026-07-30T08:55:12,411.0,2.0
1198,891,889,153470.42,2026-07-30T09:05:12,411.0,3.0
1199,1349,891,35390.26,2026-07-01T15:23:57,412.0,0.0
1200,891,890,31822.03,2026-07-01T15:39:57,412.0,1.0
1201,890,889,25297.86,2026-07-01T16:34:57,412.0,2.0
1202,889,888,22194.57,2026-07-01T17:56:57,412.0,3.0
1203,1350,888,240638.99,2026-06-04T19:46:04,413.0,0.0
1204,888,889,223428.19,2026-06-04T20:55:04,413.0,1.0
1205,889,890,191434.02,2026-06-04T21:24:04,413.0,2.0
1206,890,891,169469.04,2026-06-04T22:06:04,413.0,3.0
1207,1351,891,230629.46,2026-07-26T21:22:26,414.0,0.0
1208,891,888,199465.61,2026-07-26T22:58:26,414.0,1.0
1209,888,889,168954.34,2026-07-26T23:37:26,414.0,2.0
1210,889,890,155395.3,2026-07-27T01:28:26,414.0,3.0
1211,1352,889,403551.0,2026-06-18T16:44:05,415.0,0.0
1212,889,891,333322.8,2026-06-18T18:36:05,415.0,1.0
1213,891,890,297622.06,2026-06-18T20:09:05,415.0,2.0
1214,890,888,271238.22,2026-06-18T20:56:05,415.0,3.0
1215,1353,889,189464.59,2026-06-25T14:54:58,416.0,0.0
1216,889,891,157309.02,2026-06-25T15:19:58,416.0,1.0
1217,891,888,130674.84,2026-06-25T15:36:58,416.0,2.0
1218,888,890,106670.46,2026-06-25T16:19:58,416.0,3.0
1219,1354,891,15430.6,2026-08-10T11:44:24,417.0,0.0
1220,891,888,14179.53,2026-08-10T13:36:24,417.0,1.0
1221,888,889,11898.45,2026-08-10T14:48:24,417.0,2.0
1222,889,890,11369.1,2026-08-10T15:02:24,417.0,3.0
1223,1355,891,412693.37,2026-06-04T13:59:06,418.0,0.0
1224,891,889,380134.03,2026-06-04T14:17:06,418.0,1.0
1225,889,890,347053.48,2026-06-04T15:01:06,418.0,2.0
1226,890,888,286364.44,2026-06-04T16:33:06,418.0,3.0
1227,1356,888,290860.79,2026-08-09T23:11:01,419.0,0.0
1228,888,889,235914.56,2026-08-09T23:21:01,419.0,1.0
1229,889,891,188619.79,2026-08-10T00:00:01,419.0,2.0
1230,891,890,161565.55,2026-08-10T00:53:01,419.0,3.0
1231,1357,889,212722.7,2026-06-06T22:32:22,420.0,0.0
1232,889,891,180690.34,2026-06-07T00:04:22,420.0,1.0
1233,891,890,153153.09,2026-06-07T01:51:22,420.0,2.0
1234,890,888,125924.34,2026-06-07T02:05:22,420.0,3.0
1235,1358,888,309767.3,2026-06-25T19:17:57,421.0,0.0
1236,888,891,277521.8,2026-06-25T20:23:57,421.0,1.0
1237,891,890,246735.45,2026-06-25T22:10:57,421.0,2.0
1238,890,889,217395.9,2026-06-25T22:30:57,421.0,3.0
1239,1359,891,196978.76,2026-07-22T01:34:59,422.0,0.0
1240,891,888,164817.6,2026-07-22T02:08:59,422.0,1.0
1241,888,890,141084.51,2026-07-22T02:23:59,422.0,2.0
1242,890,889,135905.05,2026-07-22T03:51:59,422.0,3.0
1243,1360,891,113199.01,2026-07-15T04:51:20,423.0,0.0
1244,891,889,101387.65,2026-07-15T06:20:20,423.0,1.0
1245,889,890,93654.49,2026-07-15T07:34:20,423.0,2.0
1246,890,888,85033.13,2026-07-15T09:34:20,423.0,3.0
1247,1361,888,124033.63,2026-07-13T18:07:44,424.0,0.0
1248,888,889,103334.78,2026-07-13T18:37:44,424.0,1.0
1249,889,891,86602.39,2026-07-13T19:40:44,424.0,2.0
1250,891,890,77740.2,2026-07-13T20:21:44,424.0,3.0
1251,1362,890,169913.79,2026-06-09T01:11:20,425.0,0.0
1252,890,891,145311.96,2026-06-09T01:58:20,425.0,1.0
1253,891,888,134410.04,2026-06-09T03:46:20,425.0,2.0
1254,888,889,126476.02,2026-06-09T05:10:20,425.0,3.0
1255,1363,888,213677.45,2026-07-15T19:56:03,426.0,0.0
1256,888,890,192965.22,2026-07-15T21:32:03,426.0,1.0
1257,890,889,181058.52,2026-07-15T22:10:03,426.0,2.0
1258,889,891,167593.25,2026-07-15T23:22:03,426.0,3.0
1259,1364,891,271737.49,2026-06-05T05:14:38,427.0,0.0
1260,891,890,239130.62,2026-06-05T06:36:38,427.0,1.0
1261,890,888,197440.1,2026-06-05T08:15:38,427.0,2.0
1262,888,889,173510.98,2026-06-05T08:34:38,427.0,3.0
1263,1365,890,245694.97,2026-07-19T02:01:34,428.0,0.0
1264,890,891,199560.67,2026-07-19T02:34:34,428.0,1.0
1265,891,888,187131.87,2026-07-19T04:17:34,428.0,2.0
1266,888,889,179958.23,2026-07-19T04:57:34,428.0,3.0
1267,1366,890,316401.03,2026-06-17T03:27:37,429.0,0.0
1268,890,888,286276.24,2026-06-17T04:04:37,429.0,1.0
1269,888,891,247924.51,2026-06-17T04:40:37,429.0,2.0
1270,891,889,225081.6,2026-06-17T05:29:37,429.0,3.0
1271,1367,891,167759.04,2026-08-01T23:08:39,430.0,0.0
1272,891,889,160787.5,2026-08-02T00:19:39,430.0,1.0
1273,889,888,133091.78,2026-08-02T01:00:39,430.0,2.0
1274,888,890,120198.79,2026-08-02T01:51:39,430.0,3.0
1275,1368,890,67473.74,2026-07-03T00:54:10,431.0,0.0
1276,890,891,60072.19,2026-07-03T02:08:10,431.0,1.0
1277,891,888,47421.01,2026-07-03T02:39:10,431.0,2.0
1278,888,889,43572.27,2026-07-03T02:58:10,431.0,3.0
1279,1369,891,219735.14,2026-08-29T06:12:34,432.0,0.0
1280,891,889,186815.5,2026-08-29T06:26:34,432.0,1.0
1281,889,890,158606.9,2026-08-29T06:47:34,432.0,2.0
1282,890,888,141071.84,2026-08-29T08:29:34,432.0,3.0
1283,1370,891,308791.55,2026-06-02T03:12:45,433.0,0.0
1284,891,889,280276.54,2026-06-02T03:47:45,433.0,1.0
1285,889,890,261054.74,2026-06-02T05:36:45,433.0,2.0
1286,890,888,231255.91,2026-06-02T06:34:45,433.0,3.0
1287,1371,889,53428.19,2026-07-22T20:17:37,434.0,0.0
1288,889,891,46307.11,2026-07-22T21:21:37,434.0,1.0
1289,891,888,41184.24,2026-07-22T22:11:37,434.0,2.0
1290,888,890,33909.53,2026-07-22T23:26:37,434.0,3.0
1291,1372,896,55049.22,2026-06-21T12:16:30,435.0,0.0
1292,896,894,51813.63,2026-06-21T12:54:30,435.0,1.0
1293,1373,895,170908.24,2026-08-06T01:03:23,436.0,0.0
1294,895,898,137390.58,2026-08-06T02:02:23,436.0,1.0
1295,1374,896,432983.12,2026-07-04T20:49:00,437.0,0.0
1296,896,892,396751.45,2026-07-04T22:44:00,437.0,1.0
1297,1375,895,345228.19,2026-06-26T21:01:49,438.0,0.0
1298,895,897,289175.92,2026-06-26T22:10:49,438.0,1.0
1299,1376,894,219823.6,2026-07-02T02:09:39,439.0,0.0
1300,894,897,200990.6,2026-07-02T03:06:39,439.0,1.0
1301,1377,898,37661.15,2026-07-03T23:37:53,440.0,0.0
1302,898,894,35519.53,2026-07-04T01:08:53,440.0,1.0
1303,1378,896,52245.03,2026-08-29T03:38:38,441.0,0.0
1304,896,893,43195.03,2026-08-29T03:59:38,441.0,1.0
1305,1379,893,189995.21,2026-06-15T16:39:09,442.0,0.0
1306,893,894,158462.27,2026-06-15T17:28:09,442.0,1.0
1307,1380,897,214348.97,2026-07-09T09:33:25,443.0,0.0
1308,897,893,192034.57,2026-07-09T10:14:25,443.0,1.0
1309,1381,898,35671.62,2026-06-30T18:23:41,444.0,0.0
1310,898,892,32107.36,2026-06-30T20:22:41,444.0,1.0
1311,1382,898,391773.44,2026-07-02T02:20:16,445.0,0.0
1312,898,893,324319.25,2026-07-02T03:25:16,445.0,1.0
1313,1383,894,268143.07,2026-07-15T05:07:01,446.0,0.0
1314,894,898,213146.51,2026-07-15T06:29:01,446.0,1.0
1315,1384,897,109972.02,2026-06-06T07:10:29,447.0,0.0
1316,897,893,99563.04,2026-06-06T08:22:29,447.0,1.0
1317,1385,894,313752.9,2026-06-06T14:35:47,448.0,0.0
1318,894,897,257116.35,2026-06-06T15:27:47,448.0,1.0
1319,1386,892,174402.82,2026-07-10T07:50:42,449.0,0.0
1320,892,895,140615.86,2026-07-10T08:07:42,449.0,1.0
1321,1387,893,442074.75,2026-07-25T08:06:37,450.0,0.0
1322,893,897,388855.86,2026-07-25T09:16:37,450.0,1.0
1323,1388,895,327376.0,2026-08-21T04:12:46,451.0,0.0
1324,895,894,289251.9,2026-08-21T05:45:46,451.0,1.0
1325,1389,895,88640.69,2026-08-26T11:17:56,452.0,0.0
1326,895,897,76625.3,2026-08-26T12:31:56,452.0,1.0
1327,1390,897,243832.01,2026-08-13T15:50:38,453.0,0.0
1328,897,896,205864.28,2026-08-13T16:33:38,453.0,1.0
1329,1391,894,333919.9,2026-06-06T19:34:09,454.0,0.0
1330,894,892,279315.89,2026-06-06T20:03:09,454.0,1.0
1331,1392,897,240012.09,2026-08-21T05:26:21,455.0,0.0
1332,897,898,191879.67,2026-08-21T05:44:21,455.0,1.0
1333,1393,893,48365.38,2026-07-13T13:34:28,456.0,0.0
1334,893,895,43980.99,2026-07-13T14:43:28,456.0,1.0
1335,1394,898,166191.01,2026-07-03T14:40:11,457.0,0.0
1336,898,894,145008.26,2026-07-03T15:55:11,457.0,1.0
1337,1395,896,301155.48,2026-06-22T18:15:26,458.0,0.0
1338,896,897,269888.11,2026-06-22T19:50:26,458.0,1.0
1339,1396,894,352781.52,2026-08-26T09:04:49,459.0,0.0
1340,894,892,288996.37,2026-08-26T10:40:49,459.0,1.0
1341,1397,898,365614.9,2026-08-14T08:24:04,460.0,0.0
1342,898,894,313302.12,2026-08-14T09:53:04,460.0,1.0
1343,1398,894,318976.26,2026-08-14T15:16:44,461.0,0.0
1344,894,896,254740.75,2026-08-14T16:59:44,461.0,1.0
1345,1399,892,83648.22,2026-08-01T15:24:23,462.0,0.0
1346,892,893,80175.68,2026-08-01T16:46:23,462.0,1.0
1347,1400,895,178661.8,2026-08-12T09:05:43,463.0,0.0
1348,895,897,156480.54,2026-08-12T09:30:43,463.0,1.0
1349,1401,897,353559.89,2026-06-10T15:00:28,464.0,0.0
1350,897,896,319091.45,2026-06-10T15:56:28,464.0,1.0
1351,1402,893,72493.61,2026-08-06T21:14:49,465.0,0.0
1352,893,895,59713.45,2026-08-06T22:24:49,465.0,1.0
1353,1403,893,303417.97,2026-06-04T01:09:17,466.0,0.0
1354,893,898,248031.76,2026-06-04T02:14:17,466.0,1.0
1355,1404,893,104623.35,2026-07-02T12:34:43,467.0,0.0
1356,893,896,92361.06,2026-07-02T14:21:43,467.0,1.0
1357,1405,895,251430.46,2026-08-16T20:50:05,468.0,0.0
1358,895,898,208150.75,2026-08-16T22:32:05,468.0,1.0
1359,1406,897,148047.38,2026-08-01T10:18:54,469.0,0.0
1360,897,892,131373.85,2026-08-01T11:31:54,469.0,1.0
1361,1407,898,378282.63,2026-06-25T15:44:01,470.0,0.0
1362,898,892,316834.08,2026-06-25T17:14:01,470.0,1.0
1363,1408,897,207222.7,2026-07-13T00:17:41,471.0,0.0
1364,897,895,167385.28,2026-07-13T00:59:41,471.0,1.0
1365,1409,894,412721.18,2026-08-12T22:12:16,472.0,0.0
1366,894,893,337137.82,2026-08-13T00:05:16,472.0,1.0
1367,1410,893,188820.77,2026-08-03T18:59:54,473.0,0.0
1368,893,892,161492.72,2026-08-03T20:05:54,473.0,1.0
1369,1411,900,273016.82,2026-08-29T13:02:51,474.0,0.0
1370,900,903,231465.13,2026-08-29T14:08:51,474.0,1.0
1371,1412,903,243491.78,2026-08-13T14:13:21,475.0,0.0
1372,903,901,214454.49,2026-08-13T15:51:21,475.0,1.0
1373,1413,899,269267.69,2026-07-22T06:03:39,476.0,0.0
1374,899,901,241268.38,2026-07-22T07:29:39,476.0,1.0
1375,1414,904,242870.49,2026-06-01T05:07:53,477.0,0.0
1376,904,903,216829.39,2026-06-01T06:19:53,477.0,1.0
1377,1415,904,253617.9,2026-06-21T02:24:47,478.0,0.0
1378,904,902,229495.44,2026-06-21T03:15:47,478.0,1.0
1379,1416,901,228237.28,2026-08-02T17:20:36,479.0,0.0
1380,901,903,202461.42,2026-08-02T18:46:36,479.0,1.0
1381,1417,903,329411.27,2026-07-24T06:27:44,480.0,0.0
1382,903,902,264094.47,2026-07-24T08:02:44,480.0,1.0
1383,1418,902,380995.48,2026-08-25T19:00:41,481.0,0.0
1384,902,901,332277.19,2026-08-25T19:34:41,481.0,1.0
1385,1419,903,199762.24,2026-07-26T07:36:34,482.0,0.0
1386,903,902,163691.2,2026-07-26T07:47:34,482.0,1.0
1387,1420,904,255195.08,2026-06-20T18:13:56,483.0,0.0
1388,904,902,215046.71,2026-06-20T19:33:56,483.0,1.0
1389,1421,899,59289.17,2026-08-15T17:18:29,484.0,0.0
1390,899,901,49721.64,2026-08-15T19:08:29,484.0,1.0
1391,1422,901,170850.82,2026-07-23T00:35:30,485.0,0.0
1392,901,902,148260.02,2026-07-23T01:32:30,485.0,1.0
1393,1423,899,133946.56,2026-06-15T22:10:12,486.0,0.0
1394,899,904,108428.12,2026-06-16T00:01:12,486.0,1.0
1395,1424,901,302695.17,2026-08-30T01:34:24,487.0,0.0
1396,901,903,251293.67,2026-08-30T02:39:24,487.0,1.0
1397,1425,904,89781.1,2026-07-05T15:59:27,488.0,0.0
1398,904,903,74778.77,2026-07-05T17:41:27,488.0,1.0
1399,1426,901,47721.72,2026-06-06T08:03:29,489.0,0.0
1400,901,904,44050.65,2026-06-06T08:32:29,489.0,1.0
1401,1427,907,348081.92,2026-06-26T18:40:28,490.0,0.0
1402,907,908,305803.7,2026-06-26T19:23:28,490.0,1.0
1403,908,905,250466.68,2026-06-26T20:28:28,490.0,2.0
1404,1428,907,303458.01,2026-08-04T03:38:07,491.0,0.0
1405,907,908,262706.61,2026-08-04T05:29:07,491.0,1.0
1406,908,906,240770.48,2026-08-04T06:03:07,491.0,2.0
1407,1429,906,167232.09,2026-06-15T18:10:51,492.0,0.0
1408,906,907,135496.88,2026-06-15T18:47:51,492.0,1.0
1409,907,905,123343.09,2026-06-15T20:30:51,492.0,2.0
1410,1430,909,116436.06,2026-07-20T00:44:54,493.0,0.0
1411,909,905,105938.7,2026-07-20T01:50:54,493.0,1.0
1412,905,907,102416.1,2026-07-20T02:23:54,493.0,2.0
1413,1431,907,35120.22,2026-06-19T20:35:48,494.0,0.0
1414,907,909,32364.01,2026-06-19T20:57:48,494.0,1.0
1415,909,908,30007.15,2026-06-19T22:50:48,494.0,2.0
1416,1432,908,140177.63,2026-06-08T12:31:25,495.0,0.0
1417,908,909,124967.32,2026-06-08T13:48:25,495.0,1.0
1418,909,907,112254.45,2026-06-08T15:16:25,495.0,2.0
1419,1433,905,21471.43,2026-08-17T07:47:38,496.0,0.0
1420,905,906,18446.08,2026-08-17T08:38:38,496.0,1.0
1421,906,907,14951.59,2026-08-17T09:54:38,496.0,2.0
1422,1434,909,368065.4,2026-07-17T04:50:58,497.0,0.0
1423,909,906,292761.09,2026-07-17T05:52:58,497.0,1.0
1424,906,907,263121.84,2026-07-17T06:32:58,497.0,2.0
1425,1435,905,54840.64,2026-06-02T19:03:37,498.0,0.0
1426,905,907,42933.16,2026-06-02T19:38:37,498.0,1.0
1427,907,906,36127.54,2026-06-02T20:29:37,498.0,2.0
1428,1436,909,225682.04,2026-06-03T21:09:18,499.0,0.0
1429,909,905,183711.97,2026-06-03T22:11:18,499.0,1.0
1430,905,908,168674.06,2026-06-03T22:50:18,499.0,2.0
1431,1437,908,213747.7,2026-07-06T16:08:27,500.0,0.0
1432,908,907,181650.65,2026-07-06T17:45:27,500.0,1.0
1433,907,905,151051.76,2026-07-06T19:41:27,500.0,2.0
1434,1438,907,263328.57,2026-07-10T01:39:50,501.0,0.0
1435,907,909,247944.97,2026-07-10T03:33:50,501.0,1.0
1436,909,908,203754.05,2026-07-10T03:58:50,501.0,2.0
1437,1439,905,128206.7,2026-08-22T17:26:19,502.0,0.0
1438,905,908,104651.51,2026-08-22T18:14:19,502.0,1.0
1439,908,906,100203.96,2026-08-22T20:11:19,502.0,2.0
1440,1440,906,118296.64,2026-07-12T06:40:41,503.0,0.0
1441,906,909,106065.88,2026-07-12T08:31:41,503.0,1.0
1442,909,905,88814.92,2026-07-12T10:20:41,503.0,2.0
1443,1441,906,104378.18,2026-06-24T10:12:38,504.0,0.0
1444,906,907,90144.3,2026-06-24T10:53:38,504.0,1.0
1445,907,908,82066.25,2026-06-24T11:07:38,504.0,2.0
1446,1442,908,238268.22,2026-06-07T14:06:07,505.0,0.0
1447,908,906,201238.45,2026-06-07T14:42:07,505.0,1.0
1448,906,909,177752.44,2026-06-07T16:13:07,505.0,2.0
1449,1443,906,351665.76,2026-06-01T05:47:50,506.0,0.0
1450,906,907,291282.5,2026-06-01T07:26:50,506.0,1.0
1451,907,909,247577.78,2026-06-01T07:47:50,506.0,2.0
1452,1444,905,373905.27,2026-08-24T12:39:16,507.0,0.0
1453,905,907,310426.92,2026-08-24T13:51:16,507.0,1.0
1454,907,906,274504.37,2026-08-24T15:31:16,507.0,2.0
1455,1445,906,397755.99,2026-06-14T14:53:16,508.0,0.0
1456,906,909,339811.1,2026-06-14T16:04:16,508.0,1.0
1457,909,905,271099.58,2026-06-14T16:55:16,508.0,2.0
1458,1446,909,195548.38,2026-08-29T22:02:26,509.0,0.0
1459,909,907,166354.61,2026-08-29T23:50:26,509.0,1.0
1460,907,906,151648.58,2026-08-30T00:25:26,509.0,2.0
1461,1447,905,442159.04,2026-07-21T07:06:09,510.0,0.0
1462,905,906,349281.19,2026-07-21T08:26:09,510.0,1.0
1463,906,907,313551.24,2026-07-21T09:41:09,510.0,2.0
1464,1448,905,211704.67,2026-07-18T10:09:39,511.0,0.0
1465,905,908,198314.33,2026-07-18T11:39:39,511.0,1.0
1466,908,909,167426.58,2026-07-18T12:01:39,511.0,2.0
1467,1449,906,189038.74,2026-08-19T02:41:39,512.0,0.0
1468,906,905,178360.92,2026-08-19T04:08:39,512.0,1.0
1469,905,907,155773.04,2026-08-19T05:47:39,512.0,2.0
1470,1450,905,424062.47,2026-06-04T11:16:10,513.0,0.0
1471,905,909,366678.82,2026-06-04T11:30:10,513.0,1.0
1472,909,908,324485.39,2026-06-04T11:46:10,513.0,2.0
1473,1451,908,136293.23,2026-06-14T02:05:38,514.0,0.0
1474,908,905,129239.77,2026-06-14T03:32:38,514.0,1.0
1475,905,909,112843.84,2026-06-14T04:46:38,514.0,2.0
1476,1452,908,169718.34,2026-06-16T19:06:48,515.0,0.0
1477,908,905,153077.23,2026-06-16T20:04:48,515.0,1.0
1478,905,906,129708.05,2026-06-16T21:51:48,515.0,2.0
1479,1453,914,319217.9,2026-08-02T14:41:09,516.0,0.0
1480,914,915,275523.54,2026-08-02T15:52:09,516.0,1.0
1481,915,916,226164.14,2026-08-02T17:27:09,516.0,2.0
1482,1454,912,118296.45,2026-08-21T10:41:18,517.0,0.0
1483,912,914,95935.41,2026-08-21T12:05:18,517.0,1.0
1484,914,915,85851.41,2026-08-21T12:16:18,517.0,2.0
1485,1455,911,377858.08,2026-07-15T13:23:43,518.0,0.0
1486,911,912,317981.27,2026-07-15T14:07:43,518.0,1.0
1487,912,913,289133.29,2026-07-15T15:02:43,518.0,2.0
1488,1456,910,260935.82,2026-08-18T19:28:55,519.0,0.0
1489,910,915,244829.8,2026-08-18T20:17:55,519.0,1.0
1490,915,911,200864.12,2026-08-18T22:05:55,519.0,2.0
1491,1457,912,267385.31,2026-07-08T17:43:53,520.0,0.0
1492,912,913,257616.11,2026-07-08T18:58:53,520.0,1.0
1493,913,914,231507.3,2026-07-08T20:33:53,520.0,2.0
1494,1458,914,195564.03,2026-07-24T18:21:39,521.0,0.0
1495,914,910,161014.57,2026-07-24T18:43:39,521.0,1.0
1496,910,912,130012.31,2026-07-24T18:56:39,521.0,2.0
1497,1459,916,236580.5,2026-07-15T02:16:37,522.0,0.0
1498,916,910,221240.37,2026-07-15T03:08:37,522.0,1.0
1499,910,913,203785.2,2026-07-15T04:14:37,522.0,2.0
1500,1460,914,170155.75,2026-07-28T23:12:50,523.0,0.0
1501,914,913,157893.5,2026-07-29T00:57:50,523.0,1.0
1502,913,912,146535.21,2026-07-29T02:32:50,523.0,2.0
1503,1461,911,217428.42,2026-07-09T11:09:15,524.0,0.0
1504,911,910,171547.8,2026-07-09T12:48:15,524.0,1.0
1505,910,916,148774.06,2026-07-09T14:26:15,524.0,2.0
1506,1462,914,369811.94,2026-06-27T05:14:04,525.0,0.0
1507,914,913,307824.93,2026-06-27T07:13:04,525.0,1.0
1508,913,915,262031.79,2026-06-27T07:54:04,525.0,2.0
1509,1463,916,148222.31,2026-07-16T20:49:39,526.0,0.0
1510,916,912,131619.45,2026-07-16T22:35:39,526.0,1.0
1511,912,911,110084.82,2026-07-16T23:18:39,526.0,2.0
1512,1464,912,398591.94,2026-06-09T22:28:50,527.0,0.0
1513,912,915,343197.23,2026-06-09T22:56:50,527.0,1.0
1514,915,911,308208.38,2026-06-10T00:26:50,527.0,2.0
1515,1465,911,317109.74,2026-06-16T00:13:20,528.0,0.0
1516,911,914,299035.07,2026-06-16T00:29:20,528.0,1.0
1517,914,913,264534.61,2026-06-16T01:37:20,528.0,2.0
1518,1466,915,94936.78,2026-06-26T03:47:06,529.0,0.0
1519,915,914,79932.67,2026-06-26T04:19:06,529.0,1.0
1520,914,911,72199.45,2026-06-26T05:37:06,529.0,2.0
1521,1467,913,34796.85,2026-08-16T23:28:23,530.0,0.0
1522,913,915,33272.83,2026-08-17T01:09:23,530.0,1.0
1523,915,911,27666.93,2026-08-17T02:06:23,530.0,2.0
1524,1468,916,183495.45,2026-07-30T13:13:10,531.0,0.0
1525,916,913,171675.38,2026-07-30T14:34:10,531.0,1.0
1526,913,911,157570.11,2026-07-30T16:31:10,531.0,2.0
1527,1469,910,402710.56,2026-07-16T11:03:13,532.0,0.0
1528,910,915,375661.85,2026-07-16T11:46:13,532.0,1.0
1529,915,912,354877.91,2026-07-16T13:19:13,532.0,2.0
1530,1470,911,170544.78,2026-06-02T06:57:10,533.0,0.0
1531,911,914,157507.42,2026-06-02T07:14:10,533.0,1.0
1532,914,912,147762.82,2026-06-02T07:56:10,533.0,2.0
1533,1471,914,340317.94,2026-08-16T04:57:10,534.0,0.0
1534,914,916,318874.01,2026-08-16T06:54:10,534.0,1.0
1535,916,915,291071.95,2026-08-16T07:23:10,534.0,2.0
1536,1472,914,403608.15,2026-07-07T04:59:46,535.0,0.0
1537,914,910,350255.21,2026-07-07T05:22:46,535.0,1.0
1538,910,912,277840.14,2026-07-07T06:01:46,535.0,2.0
1539,1473,913,23693.7,2026-07-16T09:52:33,536.0,0.0
1540,913,915,20743.03,2026-07-16T10:42:33,536.0,1.0
1541,915,911,18512.69,2026-07-16T11:45:33,536.0,2.0
1542,1474,913,301525.78,2026-08-03T01:04:04,537.0,0.0
1543,913,914,257249.44,2026-08-03T02:05:04,537.0,1.0
1544,914,915,216133.38,2026-08-03T03:22:04,537.0,2.0
1545,1475,913,365335.75,2026-06-26T00:03:45,538.0,0.0
1546,913,914,309095.79,2026-06-26T00:47:45,538.0,1.0
1547,914,915,256453.9,2026-06-26T01:21:45,538.0,2.0
1548,1476,916,305983.46,2026-07-11T15:51:08,539.0,0.0
1549,916,914,249921.08,2026-07-11T16:11:08,539.0,1.0
1550,914,915,212952.43,2026-07-11T17:23:08,539.0,2.0
1551,1477,916,400520.37,2026-06-25T14:47:16,540.0,0.0
1552,916,910,353130.93,2026-06-25T15:46:16,540.0,1.0
1553,910,912,300698.99,2026-06-25T17:25:16,540.0,2.0
1554,1478,911,218669.42,2026-08-05T03:48:21,541.0,0.0
1555,911,916,187236.12,2026-08-05T05:23:21,541.0,1.0
1556,916,914,163580.15,2026-08-05T05:50:21,541.0,2.0
1557,1479,910,337287.36,2026-07-27T22:04:49,542.0,0.0
1558,910,912,300194.16,2026-07-27T22:24:49,542.0,1.0
1559,912,914,249547.41,2026-07-27T23:29:49,542.0,2.0
1560,1480,915,180246.38,2026-08-12T20:11:26,543.0,0.0
1561,915,914,165521.85,2026-08-12T22:05:26,543.0,1.0
1562,914,913,158556.82,2026-08-12T22:47:26,543.0,2.0
1563,1481,915,135061.93,2026-08-29T15:33:08,544.0,0.0
1564,915,911,115042.56,2026-08-29T16:24:08,544.0,1.0
1565,911,910,93144.89,2026-08-29T17:41:08,544.0,2.0
1566,1482,912,303115.2,2026-06-21T13:43:25,545.0,0.0
1567,912,910,281679.55,2026-06-21T15:34:25,545.0,1.0
1568,910,914,247278.0,2026-06-21T15:48:25,545.0,2.0
1569,1483,910,180222.1,2026-08-26T16:51:53,546.0,0.0
1570,910,915,154266.11,2026-08-26T17:34:53,546.0,1.0
1571,915,911,132881.21,2026-08-26T18:43:53,546.0,2.0
1572,1484,913,223971.42,2026-08-14T12:01:24,547.0,0.0
1573,913,910,179321.99,2026-08-14T12:14:24,547.0,1.0
1574,910,916,164702.81,2026-08-14T13:56:24,547.0,2.0
1575,1485,912,211440.07,2026-08-18T17:35:33,548.0,0.0
1576,912,916,167526.56,2026-08-18T18:54:33,548.0,1.0
1577,916,915,141580.92,2026-08-18T19:50:33,548.0,2.0
1578,1486,913,49837.97,2026-08-12T19:49:19,549.0,0.0
1579,913,916,40568.57,2026-08-12T20:01:19,549.0,1.0
1580,916,912,35962.2,2026-08-12T20:32:19,549.0,2.0
1581,1487,910,83623.71,2026-07-01T19:46:04,550.0,0.0
1582,910,915,77565.74,2026-07-01T20:22:04,550.0,1.0
1583,915,912,72108.75,2026-07-01T21:56:04,550.0,2.0
1584,1488,910,42812.58,2026-07-04T22:55:05,551.0,0.0
1585,910,916,36332.37,2026-07-04T23:21:05,551.0,1.0
1586,916,911,33861.83,2026-07-05T00:45:05,551.0,2.0
1587,1489,914,5152.45,2026-07-03T18:46:38,552.0,0.0
1588,914,912,4932.67,2026-07-03T19:15:38,552.0,1.0
1589,912,916,4100.6,2026-07-03T21:05:38,552.0,2.0
1590,1490,913,28977.99,2026-07-29T16:03:25,553.0,0.0
1591,913,916,23947.84,2026-07-29T16:28:25,553.0,1.0
1592,916,910,20554.81,2026-07-29T17:59:25,553.0,2.0
1593,1491,914,161519.31,2026-07-31T10:00:55,554.0,0.0
1594,914,915,126424.35,2026-07-31T11:07:55,554.0,1.0
1595,915,913,112330.74,2026-07-31T11:40:55,554.0,2.0
1596,1492,914,149572.16,2026-08-16T23:21:20,555.0,0.0
1597,914,912,130437.25,2026-08-16T23:44:20,555.0,1.0
1598,912,911,106742.35,2026-08-17T01:15:20,555.0,2.0
1599,1493,917,385273.23,2026-08-16T17:30:58,556.0,0.0
1600,917,920,320331.35,2026-08-16T18:46:58,556.0,1.0
1601,920,918,304120.63,2026-08-16T19:33:58,556.0,2.0
1602,1494,920,319540.42,2026-06-07T07:11:45,557.0,0.0
1603,920,917,265432.81,2026-06-07T07:43:45,557.0,1.0
1604,917,918,218262.63,2026-06-07T09:11:45,557.0,2.0
1605,1495,919,303448.84,2026-06-20T06:54:15,558.0,0.0
1606,919,920,265688.89,2026-06-20T07:19:15,558.0,1.0
1607,920,917,228773.99,2026-06-20T08:12:15,558.0,2.0
1608,1496,920,254683.14,2026-06-17T03:14:47,559.0,0.0
1609,920,917,224056.08,2026-06-17T03:57:47,559.0,1.0
1610,917,919,208401.12,2026-06-17T04:48:47,559.0,2.0
1611,1497,917,354573.63,2026-07-07T06:22:42,560.0,0.0
1612,917,920,279025.81,2026-07-07T07:29:42,560.0,1.0
1613,920,918,227356.0,2026-07-07T08:06:42,560.0,2.0
1614,1498,919,54545.57,2026-07-03T06:32:27,561.0,0.0
1615,919,918,50486.02,2026-07-03T08:06:27,561.0,1.0
1616,918,917,41834.82,2026-07-03T09:08:27,561.0,2.0
1617,1499,920,175741.08,2026-07-20T05:43:28,562.0,0.0
1618,920,917,152650.08,2026-07-20T05:54:28,562.0,1.0
1619,917,919,123562.9,2026-07-20T07:27:28,562.0,2.0
1620,1500,919,285817.81,2026-07-25T05:39:08,563.0,0.0
1621,919,918,269658.7,2026-07-25T07:28:08,563.0,1.0
1622,918,920,221490.51,2026-07-25T08:33:08,563.0,2.0
1623,1501,920,60907.81,2026-06-11T05:00:40,564.0,0.0
1624,920,918,56206.0,2026-06-11T05:26:40,564.0,1.0
1625,918,919,52476.27,2026-06-11T05:45:40,564.0,2.0
1626,1502,918,260738.11,2026-07-15T15:46:25,565.0,0.0
1627,918,920,226959.61,2026-07-15T16:15:25,565.0,1.0
1628,920,917,204209.83,2026-07-15T16:34:25,565.0,2.0
1629,1503,917,62564.95,2026-07-11T23:26:50,566.0,0.0
1630,917,920,59158.58,2026-07-11T23:51:50,566.0,1.0
1631,920,918,48424.09,2026-07-12T00:47:50,566.0,2.0
1632,1504,917,301352.21,2026-06-02T21:39:54,567.0,0.0
1633,917,919,284623.19,2026-06-02T22:51:54,567.0,1.0
1634,919,918,261282.17,2026-06-02T23:40:54,567.0,2.0
1635,1505,919,199042.63,2026-06-04T04:20:59,568.0,0.0
1636,919,917,190206.34,2026-06-04T05:51:59,568.0,1.0
1637,917,920,174159.3,2026-06-04T06:52:59,568.0,2.0
1638,1506,917,164242.71,2026-06-29T17:48:41,569.0,0.0
1639,917,918,150262.77,2026-06-29T19:09:41,569.0,1.0
1640,918,919,141276.69,2026-06-29T20:39:41,569.0,2.0
1641,1507,918,178573.25,2026-08-16T04:11:23,570.0,0.0
1642,918,917,165772.45,2026-08-16T04:46:23,570.0,1.0
1643,917,920,143874.54,2026-08-16T05:28:23,570.0,2.0
1644,1508,924,28514.22,2026-08-18T21:16:53,571.0,0.0
1645,924,922,25318.01,2026-08-18T22:27:53,571.0,1.0
1646,922,923,23627.47,2026-08-19T00:21:53,571.0,2.0
1647,1509,921,250134.18,2026-08-20T22:34:10,572.0,0.0
1648,921,923,204043.24,2026-08-20T23:10:10,572.0,1.0
1649,923,924,179182.33,2026-08-20T23:25:10,572.0,2.0
1650,1510,921,196222.37,2026-08-22T13:06:21,573.0,0.0
1651,921,922,176812.73,2026-08-22T13:42:21,573.0,1.0
1652,922,924,140536.92,2026-08-22T14:06:21,573.0,2.0
1653,1511,922,222158.85,2026-07-09T14:28:11,574.0,0.0
1654,922,921,194899.51,2026-07-09T16:00:11,574.0,1.0
1655,921,924,163187.2,2026-07-09T16:55:11,574.0,2.0
1656,1512,924,111554.25,2026-06-20T22:26:15,575.0,0.0
1657,924,921,89809.02,2026-06-20T23:17:15,575.0,1.0
1658,921,922,77230.46,2026-06-21T00:20:15,575.0,2.0
1659,1513,922,282302.1,2026-08-06T10:21:24,576.0,0.0
1660,922,924,245111.77,2026-08-06T11:38:24,576.0,1.0
1661,924,923,211731.04,2026-08-06T12:47:24,576.0,2.0
1662,1514,924,190216.88,2026-08-10T10:47:56,577.0,0.0
1663,924,923,153667.41,2026-08-10T11:57:56,577.0,1.0
1664,923,921,126066.66,2026-08-10T12:27:56,577.0,2.0
1665,1515,921,226583.88,2026-07-22T13:25:47,578.0,0.0
1666,921,922,202988.54,2026-07-22T14:43:47,578.0,1.0
1667,922,924,177404.22,2026-07-22T16:18:47,578.0,2.0
1668,1516,921,223162.92,2026-07-19T10:06:02,579.0,0.0
1669,921,923,206683.62,2026-07-19T10:51:02,579.0,1.0
1670,923,922,164730.8,2026-07-19T11:20:02,579.0,2.0
1671,1517,923,329482.61,2026-07-05T23:39:25,580.0,0.0
1672,923,921,279884.04,2026-07-06T00:42:25,580.0,1.0
1673,921,922,239022.09,2026-07-06T02:18:25,580.0,2.0
1674,1518,923,6852.53,2026-07-02T13:24:36,581.0,0.0
1675,923,922,6203.74,2026-07-02T14:35:36,581.0,1.0
1676,922,924,5238.89,2026-07-02T15:27:36,581.0,2.0
1677,1519,922,348046.6,2026-08-22T09:29:46,582.0,0.0
1678,922,923,305106.76,2026-08-22T10:17:46,582.0,1.0
1679,923,921,278968.81,2026-08-22T12:08:46,582.0,2.0
1680,1520,921,174320.23,2026-07-13T19:14:05,583.0,0.0
1681,921,923,150567.0,2026-07-13T20:40:05,583.0,1.0
1682,923,924,141982.33,2026-07-13T21:55:05,583.0,2.0
1683,1521,921,49376.91,2026-06-29T00:45:54,584.0,0.0
1684,921,924,46377.97,2026-06-29T01:28:54,584.0,1.0
1685,924,922,38048.76,2026-06-29T03:13:54,584.0,2.0
1686,1522,922,245276.68,2026-08-23T21:40:37,585.0,0.0
1687,922,924,235953.0,2026-08-23T23:30:37,585.0,1.0
1688,924,921,207253.5,2026-08-24T00:31:37,585.0,2.0
1689,1523,924,382109.57,2026-07-07T15:02:53,586.0,0.0
1690,924,922,336998.72,2026-07-07T16:14:53,586.0,1.0
1691,922,923,282701.15,2026-07-07T17:18:53,586.0,2.0
1692,1524,923,246993.32,2026-06-06T23:16:10,587.0,0.0
1693,923,922,233998.65,2026-06-07T00:24:10,587.0,1.0
1694,922,921,221520.14,2026-06-07T01:52:10,587.0,2.0
1695,1525,924,112921.57,2026-08-19T03:07:30,588.0,0.0
1696,924,922,94722.71,2026-08-19T04:50:30,588.0,1.0
1697,922,921,84754.76,2026-08-19T06:07:30,588.0,2.0
1698,1526,924,266984.67,2026-06-11T15:09:31,589.0,0.0
1699,924,921,237548.65,2026-06-11T16:48:31,589.0,1.0
1700,921,923,187310.15,2026-06-11T17:29:31,589.0,2.0
1701,1527,924,174888.87,2026-07-15T22:06:59,590.0,0.0
1702,924,921,143104.53,2026-07-16T00:03:59,590.0,1.0
1703,921,923,133037.99,2026-07-16T01:55:59,590.0,2.0
1704,1528,921,31098.0,2026-08-12T16:09:37,591.0,0.0
1705,921,924,28251.2,2026-08-12T16:41:37,591.0,1.0
1706,924,922,25006.09,2026-08-12T16:57:37,591.0,2.0
1707,1529,922,158649.06,2026-06-02T19:16:21,592.0,0.0
1708,922,923,138218.12,2026-06-02T20:06:21,592.0,1.0
1709,923,924,133573.54,2026-06-02T21:00:21,592.0,2.0
1710,1530,922,272310.91,2026-07-16T21:51:37,593.0,0.0
1711,922,921,251852.56,2026-07-16T22:05:37,593.0,1.0
1712,921,924,227375.12,2026-07-16T23:48:37,593.0,2.0
1713,1531,921,386668.47,2026-07-22T13:55:54,594.0,0.0
1714,921,923,347464.31,2026-07-22T15:10:54,594.0,1.0
1715,923,922,295755.4,2026-07-22T15:45:54,594.0,2.0
1716,1532,921,338055.62,2026-07-09T21:34:26,595.0,0.0
1717,921,922,299001.02,2026-07-09T23:29:26,595.0,1.0
1718,922,923,266631.71,2026-07-10T00:40:26,595.0,2.0
1719,1533,923,269795.6,2026-08-07T10:54:13,596.0,0.0
1720,923,921,230947.43,2026-08-07T12:33:13,596.0,1.0
1721,921,922,181897.57,2026-08-07T12:56:13,596.0,2.0
1722,1534,921,20443.18,2026-06-12T06:38:24,597.0,0.0
1723,921,922,17300.5,2026-06-12T07:50:24,597.0,1.0
1724,922,924,16120.31,2026-06-12T09:19:24,597.0,2.0
1725,1535,929,263417.51,2026-08-19T12:16:10,598.0,0.0
1726,929,930,222355.36,2026-08-19T14:11:10,598.0,1.0
1727,930,931,194937.57,2026-08-19T15:30:10,598.0,2.0
1728,1536,931,347474.08,2026-08-22T21:42:11,599.0,0.0
1729,931,930,312366.61,2026-08-22T22:56:11,599.0,1.0
1730,930,926,242893.36,2026-08-22T23:28:11,599.0,2.0
1731,1537,928,300274.19,2026-08-22T15:42:07,600.0,0.0
1732,928,931,272688.74,2026-08-22T16:34:07,600.0,1.0
1733,931,930,235213.85,2026-08-22T17:09:07,600.0,2.0
1734,1538,928,171479.24,2026-06-09T15:46:25,601.0,0.0
1735,928,925,142270.31,2026-06-09T16:27:25,601.0,1.0
1736,925,926,124138.82,2026-06-09T16:40:25,601.0,2.0
1737,1539,931,228401.93,2026-06-19T00:21:36,602.0,0.0
1738,931,929,194720.62,2026-06-19T01:21:36,602.0,1.0
1739,929,925,163347.01,2026-06-19T01:55:36,602.0,2.0
1740,1540,930,58378.19,2026-06-30T07:21:45,603.0,0.0
1741,930,926,50229.39,2026-06-30T08:37:45,603.0,1.0
1742,926,931,42312.47,2026-06-30T10:08:45,603.0,2.0
1743,1541,927,346918.98,2026-08-22T13:08:58,604.0,0.0
1744,927,928,306746.74,2026-08-22T14:55:58,604.0,1.0
1745,928,929,288519.11,2026-08-22T15:13:58,604.0,2.0
1746,1542,926,134212.16,2026-07-29T22:17:29,605.0,0.0
1747,926,930,114626.6,2026-07-30T00:09:29,605.0,1.0
1748,930,931,94926.53,2026-07-30T01:08:29,605.0,2.0
1749,1543,927,295279.12,2026-07-18T14:17:17,606.0,0.0
1750,927,928,270357.39,2026-07-18T14:27:17,606.0,1.0
1751,928,929,240611.3,2026-07-18T15:34:17,606.0,2.0
1752,1544,928,83292.48,2026-07-11T19:29:42,607.0,0.0
1753,928,925,76781.82,2026-07-11T19:42:42,607.0,1.0
1754,925,930,65815.61,2026-07-11T20:59:42,607.0,2.0
1755,1545,931,5303.58,2026-07-14T06:51:09,608.0,0.0
1756,931,930,4380.28,2026-07-14T07:22:09,608.0,1.0
1757,930,926,3457.1,2026-07-14T08:11:09,608.0,2.0
1758,1546,930,181457.05,2026-08-26T04:53:29,609.0,0.0
1759,930,929,173341.69,2026-08-26T06:05:29,609.0,1.0
1760,929,925,157674.66,2026-08-26T07:36:29,609.0,2.0
1761,1547,931,115472.03,2026-07-28T00:07:14,610.0,0.0
1762,931,925,102691.54,2026-07-28T01:56:14,610.0,1.0
1763,925,929,96969.39,2026-07-28T03:40:14,610.0,2.0
1764,1548,930,67443.33,2026-08-23T06:52:41,611.0,0.0
1765,930,926,63761.91,2026-08-23T08:42:41,611.0,1.0
1766,926,927,55464.66,2026-08-23T09:09:41,611.0,2.0
1767,1549,930,251689.12,2026-06-30T20:27:52,612.0,0.0
1768,930,925,240153.98,2026-06-30T20:54:52,612.0,1.0
1769,925,929,206995.34,2026-06-30T21:28:52,612.0,2.0
1770,1550,927,76985.43,2026-06-06T06:46:54,613.0,0.0
1771,927,931,66946.65,2026-06-06T07:26:54,613.0,1.0
1772,931,928,62394.3,2026-06-06T08:20:54,613.0,2.0
1773,1551,930,376784.72,2026-06-24T21:53:23,614.0,0.0
1774,930,926,321393.6,2026-06-24T23:51:23,614.0,1.0
1775,926,927,313124.1,2026-06-25T00:12:23,614.0,2.0
1776,1552,930,393551.31,2026-08-08T01:31:31,615.0,0.0
1777,930,928,337909.57,2026-08-08T02:48:31,615.0,1.0
1778,928,931,298163.16,2026-08-08T03:22:31,615.0,2.0
1779,1553,931,105391.77,2026-07-21T09:51:38,616.0,0.0
1780,931,926,94752.61,2026-07-21T10:45:38,616.0,1.0
1781,926,925,77798.22,2026-07-21T11:16:38,616.0,2.0
1782,1554,930,5712.39,2026-07-07T22:54:16,617.0,0.0
1783,930,928,5146.53,2026-07-07T23:30:16,617.0,1.0
1784,928,931,4096.96,2026-07-08T00:03:16,617.0,2.0
1785,1555,926,259274.01,2026-06-28T21:42:06,618.0,0.0
1786,926,931,206731.15,2026-06-28T22:38:06,618.0,1.0
1787,931,927,165372.29,2026-06-28T22:53:06,618.0,2.0
1788,1556,929,324869.24,2026-07-22T10:56:53,619.0,0.0
1789,929,931,294344.05,2026-07-22T12:08:53,619.0,1.0
1790,931,925,233541.23,2026-07-22T14:08:53,619.0,2.0
1791,1557,925,110623.05,2026-06-05T02:50:19,620.0,0.0
1792,925,931,88776.83,2026-06-05T03:04:19,620.0,1.0
1793,931,928,81195.54,2026-06-05T04:14:19,620.0,2.0
1794,1558,926,16593.91,2026-06-02T12:24:45,621.0,0.0
1795,926,931,14933.88,2026-06-02T13:58:45,621.0,1.0
1796,931,928,12901.7,2026-06-02T14:38:45,621.0,2.0
1797,1559,926,413922.36,2026-06-24T21:37:02,622.0,0.0
1798,926,928,366969.87,2026-06-24T22:02:02,622.0,1.0
1799,928,925,332125.8,2026-06-24T23:12:02,622.0,2.0
1800,1560,927,74613.21,2026-08-10T03:03:49,623.0,0.0
1801,927,929,62625.74,2026-08-10T04:51:49,623.0,1.0
1802,929,925,49931.13,2026-08-10T06:45:49,623.0,2.0
1803,1561,930,301585.54,2026-08-16T12:30:21,624.0,0.0
1804,930,929,266687.1,2026-08-16T14:01:21,624.0,1.0
1805,929,925,241746.69,2026-08-16T15:12:21,624.0,2.0
1806,1562,928,355664.17,2026-08-04T14:18:52,625.0,0.0
1807,928,930,291140.43,2026-08-04T15:54:52,625.0,1.0
1808,930,925,262111.77,2026-08-04T17:25:52,625.0,2.0
1809,1563,926,301777.26,2026-08-22T14:57:58,626.0,0.0
1810,926,931,248534.13,2026-08-22T15:45:58,626.0,1.0
1811,931,928,201103.57,2026-08-22T17:42:58,626.0,2.0
1812,1564,928,357722.7,2026-08-04T01:25:14,627.0,0.0
1813,928,929,332432.77,2026-08-04T01:39:14,627.0,1.0
1814,929,925,280323.09,2026-08-04T03:36:14,627.0,2.0
1815,1565,930,371997.52,2026-08-05T04:19:51,628.0,0.0
1816,930,926,339378.37,2026-08-05T04:30:51,628.0,1.0
1817,926,925,294153.16,2026-08-05T05:46:51,628.0,2.0
1818,1566,926,50460.35,2026-08-22T04:03:04,629.0,0.0
1819,926,927,44298.7,2026-08-22T04:26:04,629.0,1.0
1820,927,929,41692.24,2026-08-22T05:17:04,629.0,2.0
1821,1567,931,37522.15,2026-08-16T00:19:02,630.0,0.0
1822,931,929,33364.44,2026-08-16T00:36:02,630.0,1.0
1823,929,925,30861.6,2026-08-16T02:13:02,630.0,2.0
1824,1568,931,32993.79,2026-07-03T12:25:59,631.0,0.0
1825,931,926,30698.46,2026-07-03T13:34:59,631.0,1.0
1826,926,929,26460.17,2026-07-03T13:46:59,631.0,2.0
1827,1569,926,53078.92,2026-08-11T05:27:29,632.0,0.0
1828,926,928,46015.56,2026-08-11T07:27:29,632.0,1.0
1829,928,930,44187.06,2026-08-11T09:16:29,632.0,2.0
1830,1570,929,179300.36,2026-06-05T04:34:58,633.0,0.0
1831,929,926,157337.9,2026-06-05T05:48:58,633.0,1.0
1832,926,927,123874.11,2026-06-05T06:45:58,633.0,2.0
1833,1571,931,124347.17,2026-07-13T23:23:39,634.0,0.0
1834,931,930,101014.95,2026-07-14T00:15:39,634.0,1.0
1835,930,925,89976.63,2026-07-14T01:50:39,634.0,2.0
1836,1572,926,290756.88,2026-06-20T15:49:11,635.0,0.0
1837,926,928,248116.0,2026-06-20T17:08:11,635.0,1.0
1838,928,925,219975.84,2026-06-20T17:21:11,635.0,2.0
1839,1573,937,33272.52,2026-08-09T16:22:50,636.0,0.0
1840,937,933,28714.5,2026-08-09T18:00:50,636.0,1.0
1841,1574,936,239854.2,2026-06-23T16:36:41,637.0,0.0
1842,936,935,205054.07,2026-06-23T17:24:41,637.0,1.0
1843,1575,932,379453.08,2026-08-10T08:22:47,638.0,0.0
1844,932,934,322982.85,2026-08-10T08:52:47,638.0,1.0
1845,1576,935,470866.91,2026-07-07T16:15:55,639.0,0.0
1846,935,936,415628.82,2026-07-07T16:57:55,639.0,1.0
1847,1577,937,471410.81,2026-07-29T13:45:13,640.0,0.0
1848,937,934,421260.16,2026-07-29T14:21:13,640.0,1.0
1849,1578,934,127364.03,2026-06-07T15:06:47,641.0,0.0
1850,934,935,115803.03,2026-06-07T17:02:47,641.0,1.0
1851,1579,936,167342.27,2026-07-02T20:52:22,642.0,0.0
1852,936,933,133941.24,2026-07-02T22:25:22,642.0,1.0
1853,1580,932,358213.15,2026-08-05T12:50:20,643.0,0.0
1854,932,933,282660.29,2026-08-05T14:05:20,643.0,1.0
1855,1581,934,348723.31,2026-06-07T02:55:56,644.0,0.0
1856,934,936,334882.93,2026-06-07T04:44:56,644.0,1.0
1857,1582,935,192234.32,2026-07-05T02:57:45,645.0,0.0
1858,935,933,174598.02,2026-07-05T03:50:45,645.0,1.0
1859,1583,937,440123.43,2026-07-26T07:27:34,646.0,0.0
1860,937,933,417334.38,2026-07-26T08:47:34,646.0,1.0
1861,1584,932,83166.07,2026-08-23T06:30:25,647.0,0.0
1862,932,936,73512.67,2026-08-23T07:36:25,647.0,1.0
1863,1585,936,242452.31,2026-07-27T07:53:20,648.0,0.0
1864,936,934,222293.75,2026-07-27T09:00:20,648.0,1.0
1865,1586,935,202405.39,2026-08-16T04:11:01,649.0,0.0
1866,935,933,189039.59,2026-08-16T06:06:01,649.0,1.0
1867,1587,932,171614.74,2026-06-11T05:48:42,650.0,0.0
1868,932,934,152987.81,2026-06-11T06:52:42,650.0,1.0
1869,431,534,535.51,2026-08-18T01:06:57,,
1870,718,788,4171.23,2026-08-19T14:59:23,,
1871,281,217,18369.54,2026-07-11T10:01:10,,
1872,1,367,9973.29,2026-06-20T00:46:56,,
1873,191,105,14760.27,2026-06-11T11:00:47,,
1874,123,353,5468.08,2026-07-03T06:29:08,,
1875,635,647,14835.01,2026-08-02T18:44:39,,
1876,639,134,11642.92,2026-08-13T15:36:49,,
1877,700,486,11985.65,2026-06-11T11:06:22,,
1878,611,389,16880.52,2026-08-25T22:36:57,,
1879,637,674,1134.41,2026-08-23T21:55:39,,
1880,69,241,7709.65,2026-06-07T09:14:26,,
1881,502,659,8442.69,2026-08-07T21:37:35,,
1882,583,132,557.76,2026-08-21T15:30:03,,
1883,378,588,6192.05,2026-08-01T14:26:34,,
1884,209,408,696.16,2026-07-26T08:14:44,,
1885,28,77,8526.8,2026-07-21T11:19:22,,
1886,14,110,15175.18,2026-07-04T01:01:15,,
1887,678,222,19802.57,2026-07-11T10:10:23,,
1888,19,640,7823.03,2026-06-21T09:49:46,,
1889,624,307,7405.59,2026-08-22T00:07:54,,
1890,201,671,5481.69,2026-07-30T00:11:04,,
1891,505,213,2696.75,2026-06-01T06:56:59,,
1892,598,424,860.77,2026-06-12T07:33:17,,
1893,381,202,6828.42,2026-08-18T01:40:32,,
1894,646,30,7304.47,2026-06-18T09:15:22,,
1895,790,353,19311.59,2026-08-12T08:01:10,,
1896,177,316,13607.75,2026-07-25T10:16:25,,
1897,560,760,17197.49,2026-08-02T19:18:01,,
1898,705,553,545.3,2026-08-17T14:52:38,,
1899,308,611,10010.02,2026-06-26T16:51:44,,
1900,422,283,11117.08,2026-08-08T01:24:53,,
1901,339,331,7254.29,2026-06-10T10:39:04,,
1902,700,415,11489.38,2026-06-21T10:04:39,,
1903,167,735,5799.73,2026-08-21T21:14:53,,
1904,341,784,12844.76,2026-07-14T17:39:53,,
1905,775,689,19077.52,2026-06-29T01:53:57,,
1906,103,83,18250.87,2026-07-25T22:17:02,,
1907,210,379,4140.71,2026-06-10T12:41:38,,
1908,642,2,4842.03,2026-08-02T12:30:16,,
1909,795,594,1657.15,2026-07-09T11:47:42,,
1910,788,410,10052.75,2026-08-06T17:20:32,,
1911,28,640,17374.07,2026-07-05T23:29:29,,
1912,159,75,19649.3,2026-08-28T17:28:17,,
1913,341,693,10184.92,2026-07-07T18:30:31,,
1914,544,734,1048.28,2026-08-07T11:33:34,,
1915,194,621,5356.49,2026-07-28T06:36:06,,
1916,15,34,19933.03,2026-07-20T23:31:03,,
1917,694,677,10715.56,2026-06-14T21:02:47,,
1918,335,793,18250.55,2026-07-23T09:53:39,,
1919,650,333,9784.56,2026-08-16T18:37:19,,
1920,205,624,14358.08,2026-07-23T20:22:55,,
1921,47,197,9669.51,2026-06-21T19:28:48,,
1922,464,483,4281.77,2026-06-09T00:21:03,,
1923,158,53,7490.79,2026-07-24T13:44:04,,
1924,569,420,11424.06,2026-08-06T18:38:14,,
1925,314,532,7224.55,2026-08-07T04:15:19,,
1926,64,468,5189.78,2026-07-15T12:58:29,,
1927,565,80,16114.87,2026-06-25T21:19:37,,
1928,23,741,11932.02,2026-08-07T02:59:19,,
1929,670,121,18499.17,2026-06-02T09:13:21,,
1930,328,59,14923.75,2026-07-24T17:52:13,,
1931,104,249,14266.25,2026-08-08T21:13:09,,
1932,396,77,9986.48,2026-06-04T06:01:03,,
1933,3,39,19373.16,2026-07-20T23:21:02,,
1934,367,312,14617.49,2026-06-11T14:21:06,,
1935,742,790,19316.77,2026-06-14T02:57:19,,
1936,699,197,13375.74,2026-07-20T03:50:57,,
1937,107,9,17518.8,2026-07-27T13:42:27,,
1938,292,695,6642.11,2026-07-01T21:45:15,,
1939,335,255,14054.42,2026-07-08T09:33:03,,
1940,150,331,16868.99,2026-07-12T21:08:58,,
1941,81,279,5524.82,2026-06-16T02:01:45,,
1942,680,734,15310.45,2026-08-15T16:32:26,,
1943,752,578,10933.03,2026-06-06T22:42:45,,
1944,65,60,12320.62,2026-08-04T05:01:59,,
1945,133,125,6799.87,2026-07-28T04:02:02,,
1946,262,111,10025.8,2026-07-12T21:02:52,,
1947,113,114,2105.51,2026-08-22T14:59:04,,
1948,316,528,19396.53,2026-06-16T07:07:06,,
1949,257,769,14127.53,2026-07-29T03:33:54,,
1950,416,768,6987.18,2026-08-13T12:14:54,,
1951,139,694,8344.26,2026-06-08T10:00:51,,
1952,135,127,7882.58,2026-08-16T11:54:32,,
1953,423,732,11358.82,2026-07-21T02:59:02,,
1954,91,720,16937.29,2026-06-06T20:37:14,,
1955,2,79,1472.76,2026-08-08T21:30:21,,
1956,213,225,19547.1,2026-06-03T05:26:00,,
1957,126,430,9204.18,2026-08-20T03:46:03,,
1958,391,346,19638.46,2026-07-31T17:51:34,,
1959,400,667,9401.08,2026-06-24T20:36:33,,
1960,192,227,11057.38,2026-08-02T19:56:01,,
1961,197,398,10197.83,2026-06-10T15:42:50,,
1962,301,247,6284.18,2026-07-09T03:56:46,,
1963,174,180,16078.68,2026-06-03T04:43:19,,
1964,768,499,5424.01,2026-07-29T12:30:37,,
1965,659,58,6412.88,2026-06-20T09:22:02,,
1966,525,691,19916.85,2026-08-10T21:55:41,,
1967,586,798,12885.72,2026-07-04T06:38:23,,
1968,748,629,7470.84,2026-07-30T16:29:46,,
1969,782,747,19408.4,2026-06-16T17:02:46,,
1970,538,657,1560.01,2026-07-23T18:12:52,,
1971,237,407,3217.61,2026-07-14T06:21:07,,
1972,504,184,1898.53,2026-08-07T23:27:25,,
1973,514,503,3863.49,2026-06-28T20:01:36,,
1974,126,52,16687.03,2026-07-07T04:24:38,,
1975,597,82,18343.9,2026-08-28T16:00:27,,
1976,359,759,9319.28,2026-08-24T09:26:58,,
1977,587,522,15004.74,2026-08-12T18:38:33,,
1978,87,383,6923.52,2026-06-09T20:13:19,,
1979,566,320,11940.52,2026-08-09T17:29:15,,
1980,377,172,12529.54,2026-06-25T20:29:21,,
1981,253,642,6485.17,2026-06-14T08:55:45,,
1982,99,496,4125.32,2026-07-24T13:31:53,,
1983,313,145,5436.88,2026-07-21T22:09:27,,
1984,492,659,13465.95,2026-07-26T00:05:52,,
1985,548,62,13330.46,2026-06-03T04:24:59,,
1986,159,633,1706.19,2026-07-15T13:26:40,,
1987,177,394,6424.3,2026-06-11T07:51:18,,
1988,670,664,5030.62,2026-06-26T12:07:30,,
1989,150,34,6384.89,2026-07-03T14:00:58,,
1990,503,529,15119.47,2026-06-24T17:05:08,,
1991,110,298,7385.37,2026-08-13T23:41:05,,
1992,389,141,14489.0,2026-06-23T01:15:47,,
1993,63,224,1397.16,2026-06-14T10:42:52,,
1994,288,67,4548.19,2026-06-02T11:26:14,,
1995,119,116,4376.49,2026-06-28T08:23:17,,
1996,435,310,16690.19,2026-06-18T22:52:48,,
1997,86,289,5117.01,2026-08-02T08:25:11,,
1998,490,515,13622.19,2026-08-05T17:26:18,,
1999,29,381,6849.18,2026-08-28T04:35:55,,
2000,632,142,14831.91,2026-08-26T13:29:44,,
2001,490,486,666.04,2026-08-04T03:17:42,,
2002,130,438,1250.86,2026-06-30T16:30:32,,
2003,577,478,8110.13,2026-08-03T03:46:46,,
2004,485,628,11757.38,2026-07-21T07:21:44,,
2005,461,713,3839.87,2026-07-10T02:41:50,,
2006,688,606,8833.5,2026-08-15T17:00:32,,
2007,314,80,1460.04,2026-07-04T18:06:32,,
2008,16,459,13881.68,2026-08-16T08:07:16,,
2009,297,633,12526.76,2026-07-14T20:32:15,,
2010,172,718,9055.1,2026-07-10T02:46:27,,
2011,195,223,11381.79,2026-07-20T03:08:03,,
2012,27,42,8969.27,2026-08-28T10:10:18,,
2013,109,631,17298.89,2026-07-19T10:59:36,,
2014,322,49,13231.62,2026-08-15T19:41:44,,
2015,365,651,3843.48,2026-06-05T09:58:34,,
2016,98,68,3051.86,2026-08-21T21:10:44,,
2017,496,9,14697.99,2026-06-14T19:47:25,,
2018,132,717,7512.9,2026-07-26T08:00:26,,
2019,743,229,4862.3,2026-08-09T16:26:43,,
2020,142,216,15326.37,2026-06-09T07:43:32,,
2021,312,238,4401.47,2026-07-10T10:42:17,,
2022,77,442,19699.82,2026-08-11T17:10:31,,
2023,637,681,9539.05,2026-08-05T20:20:25,,
2024,315,424,11727.85,2026-06-04T20:26:02,,
2025,500,118,2417.71,2026-07-22T04:07:17,,
2026,735,594,6743.94,2026-06-07T14:19:02,,
2027,113,121,7527.44,2026-07-23T22:17:51,,
2028,465,132,4949.56,2026-06-06T19:52:37,,
2029,202,507,2525.17,2026-08-02T20:02:41,,
2030,378,529,8132.87,2026-06-18T15:32:59,,
2031,412,309,2778.51,2026-07-10T03:32:24,,
2032,183,742,16842.42,2026-07-03T21:44:12,,
2033,522,551,14481.97,2026-06-28T17:30:44,,
2034,729,386,14867.2,2026-08-22T14:13:06,,
2035,212,457,1569.95,2026-06-28T07:08:07,,
2036,473,663,11118.17,2026-07-04T15:09:43,,
2037,27,532,13467.11,2026-07-05T15:48:51,,
2038,662,711,9298.52,2026-06-07T08:34:28,,
2039,70,510,10666.63,2026-08-01T08:58:29,,
2040,315,286,1171.83,2026-06-16T03:51:09,,
2041,751,500,16540.94,2026-08-15T03:14:21,,
2042,522,617,5258.68,2026-06-27T19:33:00,,
2043,315,237,8942.89,2026-08-20T04:09:21,,
2044,210,416,7916.66,2026-06-06T01:32:31,,
2045,294,317,10866.91,2026-07-09T13:38:11,,
2046,753,470,2511.21,2026-07-23T06:56:59,,
2047,537,78,8260.93,2026-07-22T01:51:37,,
2048,173,758,9897.64,2026-07-13T18:30:38,,
2049,661,226,6057.78,2026-07-14T05:51:30,,
2050,475,296,11844.79,2026-07-13T12:58:25,,
2051,531,759,5975.35,2026-08-07T23:43:37,,
2052,129,474,17940.37,2026-08-07T03:34:24,,
2053,249,658,12753.39,2026-06-10T22:28:51,,
2054,656,529,16624.71,2026-08-27T17:34:46,,
2055,533,108,6489.42,2026-07-19T02:37:00,,
2056,335,292,2593.98,2026-06-21T17:46:38,,
2057,344,284,12631.82,2026-08-24T21:41:21,,
2058,649,361,7001.7,2026-07-13T13:02:49,,
2059,612,468,12808.13,2026-06-03T21:39:59,,
2060,742,472,12102.34,2026-08-09T19:49:06,,
2061,63,488,17890.04,2026-08-02T07:49:05,,
2062,57,317,12692.07,2026-07-07T05:48:24,,
2063,346,216,730.65,2026-06-02T21:55:23,,
2064,73,497,4077.63,2026-08-15T08:43:51,,
2065,269,107,3196.78,2026-06-17T16:59:42,,
2066,360,602,3673.11,2026-08-01T23:22:49,,
2067,188,589,12601.87,2026-07-05T16:44:58,,
2068,392,459,13874.92,2026-06-26T01:57:32,,
2069,54,376,7447.34,2026-08-16T12:26:57,,
2070,662,642,3419.14,2026-08-22T15:35:58,,
2071,108,511,9489.1,2026-08-01T14:51:07,,
2072,545,364,8735.19,2026-06-16T03:32:11,,
2073,666,414,6299.08,2026-06-16T02:48:14,,
2074,778,767,5539.29,2026-07-13T12:04:07,,
2075,316,159,10204.66,2026-06-14T03:08:49,,
2076,158,25,3859.76,2026-06-05T23:30:36,,
2077,282,75,269.86,2026-06-29T09:44:18,,
2078,585,416,1030.87,2026-06-16T17:19:47,,
2079,386,349,3296.42,2026-06-06T23:46:25,,
2080,704,110,14538.77,2026-07-20T20:39:12,,
2081,473,430,1132.56,2026-07-10T22:09:32,,
2082,463,238,8894.6,2026-07-07T07:19:31,,
2083,35,57,11556.84,2026-06-16T14:40:46,,
2084,121,753,11544.39,2026-07-08T20:07:16,,
2085,738,638,4063.53,2026-06-18T09:58:17,,
2086,61,384,14702.88,2026-07-12T00:26:17,,
2087,746,356,1025.19,2026-08-26T18:12:23,,
2088,582,398,18225.93,2026-06-12T00:30:27,,
2089,690,739,15407.48,2026-07-03T14:29:07,,
2090,554,533,5217.69,2026-08-04T23:54:46,,
2091,360,130,4504.93,2026-06-25T06:38:49,,
2092,595,271,1629.36,2026-08-27T21:54:27,,
2093,761,28,16047.57,2026-08-17T03:55:44,,
2094,694,175,857.11,2026-07-26T07:33:37,,
2095,385,504,8197.44,2026-06-04T07:26:16,,
2096,305,60,18963.34,2026-07-10T23:50:55,,
2097,148,251,18922.54,2026-06-10T09:04:26,,
2098,372,123,13991.23,2026-08-20T14:43:50,,
2099,478,323,2667.26,2026-07-07T12:51:38,,
2100,485,605,15895.15,2026-08-26T11:11:15,,
2101,591,418,743.76,2026-07-21T18:42:12,,
2102,441,363,4840.24,2026-06-27T06:34:11,,
2103,696,217,5555.56,2026-06-18T07:05:22,,
2104,184,34,10006.2,2026-06-05T12:45:51,,
2105,294,223,1757.66,2026-08-06T11:44:15,,
2106,47,467,9256.78,2026-06-17T02:44:12,,
2107,147,575,9442.3,2026-07-30T23:48:31,,
2108,612,341,18268.19,2026-07-25T23:50:01,,
2109,198,752,8124.23,2026-06-29T10:52:22,,
2110,169,554,14606.91,2026-06-04T04:50:42,,
2111,85,498,15520.31,2026-08-26T02:11:18,,
2112,708,657,9529.19,2026-08-24T02:59:39,,
2113,543,462,19117.3,2026-08-27T22:06:18,,
2114,515,782,17530.92,2026-06-06T13:38:38,,
2115,121,107,1462.05,2026-06-21T01:26:33,,
2116,34,669,7131.41,2026-08-06T16:55:06,,
2117,595,155,18910.6,2026-07-22T10:07:44,,
2118,228,373,18491.81,2026-06-16T23:04:37,,
2119,152,216,9416.05,2026-07-03T13:35:53,,
2120,46,277,5873.17,2026-07-21T21:39:32,,
2121,31,408,13129.13,2026-08-01T02:06:07,,
2122,192,271,5717.41,2026-08-06T03:27:37,,
2123,625,409,11067.99,2026-07-10T18:48:50,,
2124,36,286,16915.91,2026-08-29T22:21:33,,
2125,731,174,8478.79,2026-07-09T10:47:08,,
2126,742,762,7455.31,2026-08-01T06:20:20,,
2127,319,133,9448.24,2026-06-25T01:01:25,,
2128,202,675,11841.92,2026-07-16T12:26:59,,
2129,58,136,2591.19,2026-08-25T19:31:15,,
2130,305,687,7741.34,2026-08-11T23:16:10,,
2131,395,628,16619.39,2026-08-13T13:58:37,,
2132,36,320,9576.9,2026-07-07T21:35:34,,
2133,75,52,3146.56,2026-07-30T07:04:28,,
2134,438,678,15205.29,2026-08-03T00:43:57,,
2135,376,270,6016.33,2026-07-27T23:48:38,,
2136,767,46,15200.13,2026-06-26T17:55:23,,
2137,204,502,9405.39,2026-06-04T05:10:35,,
2138,171,633,13272.65,2026-07-15T12:09:14,,
2139,34,339,410.09,2026-07-02T04:53:07,,
2140,424,798,16573.77,2026-06-17T08:20:47,,
2141,244,462,16386.93,2026-08-13T02:38:19,,
2142,281,407,13417.45,2026-08-14T22:00:31,,
2143,334,407,390.27,2026-07-23T03:58:56,,
2144,779,366,17472.03,2026-06-09T06:07:43,,
2145,600,608,821.15,2026-07-10T06:47:08,,
2146,328,771,7979.79,2026-06-23T20:20:02,,
2147,181,191,13531.1,2026-07-18T02:38:27,,
2148,620,73,15258.14,2026-06-08T11:16:28,,
2149,504,521,6868.35,2026-06-18T10:44:40,,
2150,356,618,14286.19,2026-08-06T04:10:23,,
2151,466,183,15971.02,2026-07-27T11:30:20,,
2152,80,416,12017.72,2026-06-14T13:19:51,,
2153,782,150,2788.66,2026-08-22T08:11:04,,
2154,622,146,18496.25,2026-06-24T22:59:52,,
2155,560,264,1599.64,2026-07-14T00:27:04,,
2156,339,490,19339.6,2026-07-08T21:22:36,,
2157,89,502,8223.25,2026-08-05T23:40:01,,
2158,497,166,3365.56,2026-06-26T02:00:28,,
2159,373,534,17983.11,2026-07-21T12:45:51,,
2160,242,447,8771.2,2026-07-19T12:16:17,,
2161,600,574,4482.51,2026-08-04T08:39:05,,
2162,290,49,10372.77,2026-08-11T04:11:52,,
2163,200,484,10322.64,2026-07-09T02:16:38,,
2164,651,116,7163.32,2026-08-01T14:32:06,,
2165,591,187,17067.61,2026-07-11T06:11:59,,
2166,535,416,7774.36,2026-07-21T06:14:59,,
2167,25,556,18902.29,2026-07-17T17:34:44,,
2168,603,379,8458.18,2026-06-24T03:56:07,,
2169,53,26,1179.34,2026-08-18T19:05:12,,
2170,147,497,19975.61,2026-06-02T07:30:18,,
2171,631,207,13900.09,2026-08-03T23:36:46,,
2172,17,288,9512.72,2026-06-01T13:20:42,,
2173,634,160,11294.23,2026-06-23T19:16:08,,
2174,228,464,16074.12,2026-06-26T17:10:44,,
2175,146,699,2406.93,2026-08-18T02:33:55,,
2176,484,296,9101.58,2026-06-18T03:22:42,,
2177,511,583,4707.86,2026-06-18T00:46:04,,
2178,647,148,13767.72,2026-08-10T06:33:24,,
2179,721,516,12517.61,2026-08-24T20:38:55,,
2180,585,336,5348.58,2026-07-19T10:09:44,,
2181,427,760,17544.72,2026-07-30T07:08:11,,
2182,253,747,14632.31,2026-06-24T22:29:51,,
2183,405,749,11567.34,2026-07-20T14:09:24,,
2184,220,145,15089.68,2026-06-03T21:23:24,,
2185,696,483,3642.45,2026-08-28T23:43:45,,
2186,528,88,15683.21,2026-07-30T21:51:15,,
2187,354,627,10146.37,2026-08-01T05:27:44,,
2188,684,427,18419.33,2026-08-04T13:04:51,,
2189,514,27,11872.59,2026-07-20T03:27:18,,
2190,770,32,12076.02,2026-07-25T11:56:25,,
2191,742,64,5402.91,2026-07-31T16:17:15,,
2192,213,237,8001.92,2026-06-18T04:25:42,,
2193,449,151,19906.49,2026-08-15T12:11:41,,
2194,310,338,16615.44,2026-06-19T00:39:43,,
2195,496,369,12125.42,2026-06-14T05:06:09,,
2196,400,501,4804.87,2026-06-13T23:53:37,,
2197,707,721,14275.32,2026-07-18T00:40:30,,
2198,184,190,17933.89,2026-06-10T21:27:51,,
2199,323,357,4914.63,2026-07-02T01:51:15,,
2200,52,796,2107.43,2026-07-31T01:12:28,,
2201,593,193,15590.85,2026-06-19T01:11:26,,
2202,581,454,5221.33,2026-06-10T09:06:01,,
2203,88,722,13369.01,2026-07-03T20:11:00,,
2204,720,800,15670.98,2026-07-11T23:31:28,,
2205,5,560,8099.81,2026-08-15T05:40:52,,
2206,304,608,15708.68,2026-08-25T07:37:36,,
2207,109,231,4146.03,2026-07-12T06:51:47,,
2208,437,739,292.13,2026-08-11T09:42:53,,
2209,350,476,6609.4,2026-06-15T11:03:26,,
2210,657,589,8240.86,2026-08-12T05:20:41,,
2211,313,491,1500.8,2026-08-06T00:58:29,,
2212,96,525,1897.2,2026-08-28T14:26:05,,
2213,138,675,275.61,2026-06-16T01:16:38,,
2214,198,755,11552.34,2026-07-27T14:22:27,,
2215,727,90,10839.29,2026-07-09T19:10:13,,
2216,338,374,17235.3,2026-08-15T06:31:57,,
2217,421,223,8766.1,2026-08-07T11:36:28,,
2218,681,521,6936.35,2026-08-27T22:28:21,,
2219,65,388,9270.91,2026-08-11T14:18:00,,
2220,431,665,17505.34,2026-07-05T11:39:47,,
2221,635,634,18792.75,2026-07-27T08:34:25,,
2222,78,612,7706.03,2026-08-20T01:47:08,,
2223,423,600,8967.82,2026-06-06T23:10:13,,
2224,759,189,2930.65,2026-07-07T17:21:36,,
2225,282,314,11527.6,2026-07-26T16:00:19,,
2226,356,703,2261.99,2026-06-29T02:09:23,,
2227,241,462,13399.26,2026-08-11T15:33:12,,
2228,276,202,17769.9,2026-06-25T11:03:59,,
2229,159,304,12220.54,2026-08-22T16:17:10,,
2230,429,160,8710.54,2026-06-12T14:47:00,,
2231,510,480,9493.63,2026-06-27T08:49:14,,
2232,726,280,3128.7,2026-06-15T02:10:02,,
2233,102,191,13658.6,2026-06-13T17:41:38,,
2234,662,111,16239.66,2026-08-17T02:03:26,,
2235,605,492,3997.62,2026-07-20T19:52:30,,
2236,95,685,14705.1,2026-08-17T21:18:30,,
2237,699,591,759.46,2026-06-23T13:56:16,,
2238,264,455,4239.25,2026-07-15T01:12:02,,
2239,335,104,818.85,2026-06-18T03:38:24,,
2240,606,375,10900.89,2026-08-10T18:05:27,,
2241,573,335,491.89,2026-08-11T09:56:11,,
2242,211,241,3532.17,2026-06-10T19:37:49,,
2243,25,306,6418.64,2026-08-11T11:06:51,,
2244,331,90,19312.3,2026-07-01T20:35:27,,
2245,666,437,14690.92,2026-08-05T06:03:19,,
2246,726,302,19925.28,2026-06-07T08:28:57,,
2247,714,451,19268.15,2026-07-29T18:47:26,,
2248,690,648,19331.94,2026-08-26T18:45:44,,
2249,390,236,18609.37,2026-06-19T23:46:19,,
2250,778,357,5371.6,2026-07-31T23:51:17,,
2251,88,719,7298.71,2026-06-26T06:56:08,,
2252,217,249,18748.37,2026-08-01T12:45:57,,
2253,519,171,6608.21,2026-06-11T11:04:52,,
2254,497,421,10981.31,2026-06-14T15:57:09,,
2255,706,691,3112.9,2026-07-09T15:32:47,,
2256,553,137,11478.31,2026-08-02T14:53:05,,
2257,607,744,5243.2,2026-08-15T00:02:42,,
2258,565,705,1022.79,2026-07-20T17:33:49,,
2259,311,355,9325.06,2026-08-05T11:11:21,,
2260,571,428,11543.49,2026-08-06T16:06:23,,
2261,103,775,11370.94,2026-08-02T13:34:18,,
2262,527,88,8658.96,2026-06-18T02:05:54,,
2263,379,301,12019.06,2026-06-19T23:29:15,,
2264,110,310,6580.41,2026-08-10T20:12:35,,
2265,429,347,2176.3,2026-06-22T01:36:40,,
2266,530,445,2397.39,2026-06-22T15:42:47,,
2267,425,478,13908.17,2026-08-22T09:37:15,,
2268,396,84,8735.31,2026-07-12T16:26:59,,
2269,12,327,5599.55,2026-06-22T23:49:20,,
2270,464,699,592.8,2026-08-13T01:04:51,,
2271,685,711,16658.21,2026-07-08T03:24:49,,
2272,481,81,2715.66,2026-08-08T00:58:15,,
2273,266,496,280.41,2026-07-29T18:51:31,,
2274,771,384,19272.56,2026-08-18T02:49:31,,
2275,80,179,2338.74,2026-08-16T15:30:59,,
2276,542,785,11977.29,2026-08-23T03:14:28,,
2277,1,679,13811.87,2026-07-31T08:52:59,,
2278,789,462,2980.45,2026-07-28T16:18:33,,
2279,437,458,19721.91,2026-08-22T22:04:31,,
2280,54,280,1963.64,2026-07-12T18:02:57,,
2281,174,628,4068.47,2026-07-30T19:03:35,,
2282,775,109,12968.27,2026-08-26T07:12:53,,
2283,455,566,18527.09,2026-08-01T10:32:52,,
2284,464,322,14919.09,2026-07-25T04:41:58,,
2285,395,707,5305.37,2026-06-26T02:19:07,,
2286,15,798,17693.51,2026-07-29T23:39:14,,
2287,148,654,7399.72,2026-06-24T22:59:59,,
2288,124,464,19495.08,2026-07-02T16:06:37,,
2289,2,267,7943.62,2026-06-10T23:33:26,,
2290,445,115,6040.21,2026-06-23T17:11:36,,
2291,555,751,18071.01,2026-06-27T09:27:51,,
2292,51,233,12139.51,2026-07-16T05:59:32,,
2293,129,388,9639.98,2026-06-28T07:34:24,,
2294,354,451,8479.67,2026-07-28T04:22:00,,
2295,648,59,11721.06,2026-06-09T15:24:50,,
2296,265,133,7244.53,2026-08-04T02:05:41,,
2297,771,64,12406.94,2026-07-09T02:09:54,,
2298,202,419,13609.03,2026-06-06T11:00:34,,
2299,224,522,6735.76,2026-07-02T06:36:46,,
2300,165,520,15163.56,2026-06-19T01:30:46,,
2301,195,119,18822.89,2026-06-15T10:11:26,,
2302,633,635,19835.96,2026-07-18T04:54:34,,
2303,525,222,17902.0,2026-08-23T11:04:21,,
2304,317,208,18682.84,2026-07-23T00:27:40,,
2305,717,700,13488.65,2026-07-30T23:05:41,,
2306,593,111,17454.71,2026-07-15T23:25:53,,
2307,794,478,8304.01,2026-07-20T17:37:14,,
2308,371,525,18637.22,2026-08-08T07:32:14,,
2309,674,590,3130.99,2026-07-03T10:31:11,,
2310,730,663,14013.39,2026-06-27T04:36:08,,
2311,233,500,13907.84,2026-06-20T01:03:29,,
2312,432,415,3697.38,2026-07-19T06:50:56,,
2313,100,79,9336.89,2026-06-12T06:00:26,,
2314,448,380,17252.04,2026-08-01T20:08:01,,
2315,351,612,15196.2,2026-07-04T16:47:36,,
2316,200,621,5533.02,2026-07-06T20:32:09,,
2317,49,436,13376.48,2026-07-21T14:53:13,,
2318,631,345,10150.55,2026-08-03T19:40:30,,
2319,132,622,5420.65,2026-07-11T02:22:22,,
2320,242,63,12213.45,2026-08-10T23:23:16,,
2321,473,721,3179.29,2026-07-03T09:10:13,,
2322,334,712,12631.87,2026-06-12T18:53:04,,
2323,458,595,4246.63,2026-08-20T20:32:03,,
2324,788,632,6124.22,2026-06-22T07:05:48,,
2325,88,320,17962.49,2026-08-08T10:20:05,,
2326,122,270,3345.99,2026-06-07T21:58:22,,
2327,365,259,6338.43,2026-08-24T18:41:01,,
2328,34,594,8147.32,2026-08-21T19:28:49,,
2329,399,151,6363.38,2026-06-14T20:17:40,,
2330,564,370,9993.55,2026-06-04T04:52:54,,
2331,317,24,18979.84,2026-07-06T22:17:33,,
2332,163,763,13460.74,2026-07-18T01:51:56,,
2333,652,708,9411.79,2026-08-16T17:27:57,,
2334,21,206,7489.97,2026-08-29T09:51:39,,
2335,473,442,7731.12,2026-08-18T23:36:23,,
2336,238,52,19301.57,2026-08-16T15:19:39,,
2337,675,453,11492.7,2026-07-29T23:57:03,,
2338,501,329,1722.98,2026-08-02T14:24:26,,
2339,1,597,757.55,2026-08-08T08:25:21,,
2340,672,363,15377.76,2026-08-28T08:49:00,,
2341,101,637,17046.44,2026-06-03T05:51:34,,
2342,500,174,16565.97,2026-06-23T04:21:40,,
2343,288,418,2230.39,2026-08-10T12:36:40,,
2344,43,279,2543.2,2026-08-11T21:19:37,,
2345,65,512,1187.46,2026-06-15T20:22:34,,
2346,578,156,2955.33,2026-07-28T01:03:29,,
2347,147,326,1943.21,2026-08-07T23:06:14,,
2348,216,634,761.92,2026-06-18T09:53:04,,
2349,600,705,7246.75,2026-06-07T05:11:21,,
2350,754,96,6216.24,2026-06-25T22:11:20,,
2351,691,457,3694.4,2026-07-26T13:17:57,,
2352,57,726,7079.22,2026-07-06T22:29:53,,
2353,330,130,4964.63,2026-07-19T22:26:50,,
2354,193,711,12437.06,2026-06-25T12:15:41,,
2355,628,507,7029.65,2026-08-08T04:21:14,,
2356,789,300,6403.5,2026-07-23T20:02:40,,
2357,290,291,2900.77,2026-07-08T02:32:01,,
2358,238,201,4372.59,2026-06-24T20:21:46,,
2359,796,650,11250.44,2026-08-26T13:38:05,,
2360,315,748,17356.93,2026-07-04T06:25:53,,
2361,68,585,18394.53,2026-06-21T02:45:22,,
2362,731,298,11316.78,2026-08-16T21:27:14,,
2363,55,573,2929.98,2026-06-09T15:50:27,,
2364,214,43,2526.68,2026-08-17T03:39:52,,
2365,51,416,13304.14,2026-08-16T16:31:22,,
2366,261,678,17182.46,2026-06-26T12:42:31,,
2367,596,43,4186.66,2026-08-02T00:33:56,,
2368,763,580,5013.11,2026-06-29T05:16:55,,
2369,122,497,13720.43,2026-08-11T18:39:51,,
2370,641,200,4237.03,2026-08-09T17:44:41,,
2371,704,668,4827.71,2026-08-12T21:49:15,,
2372,726,646,1040.95,2026-08-13T14:31:25,,
2373,721,465,2398.41,2026-08-09T21:02:56,,
2374,156,103,12585.96,2026-07-22T14:03:34,,
2375,164,95,16056.64,2026-08-05T02:28:03,,
2376,18,445,13370.0,2026-07-26T05:48:46,,
2377,169,226,1527.17,2026-07-07T12:37:50,,
2378,473,651,13382.92,2026-06-12T00:27:13,,
2379,692,87,13296.06,2026-08-20T00:10:16,,
2380,28,558,16087.96,2026-06-06T21:32:54,,
2381,158,242,18384.41,2026-07-25T02:09:28,,
2382,247,409,19945.06,2026-08-06T00:20:18,,
2383,492,7,15453.03,2026-06-14T15:14:10,,
2384,687,365,9104.68,2026-08-25T16:57:42,,
2385,325,246,15690.28,2026-07-12T01:51:34,,
2386,318,277,13255.25,2026-08-27T17:20:55,,
2387,72,621,13178.6,2026-06-19T08:59:44,,
2388,358,299,18216.19,2026-07-14T19:44:18,,
2389,711,190,10562.73,2026-06-25T04:14:35,,
2390,607,580,14087.86,2026-06-16T18:44:53,,
2391,314,18,13338.53,2026-06-23T11:31:53,,
2392,515,720,5396.07,2026-07-31T11:42:38,,
2393,148,59,4664.47,2026-07-17T02:33:38,,
2394,649,354,12536.2,2026-06-26T08:58:55,,
2395,329,11,12222.65,2026-07-29T09:36:41,,
2396,659,25,13166.95,2026-07-31T09:35:49,,
2397,692,374,15388.68,2026-06-14T10:35:16,,
2398,534,386,12391.13,2026-07-30T16:44:39,,
2399,349,242,11611.09,2026-08-02T01:21:33,,
2400,92,26,7782.32,2026-08-09T16:53:00,,
2401,493,232,4559.54,2026-08-29T07:00:13,,
2402,533,189,9003.96,2026-07-02T01:33:44,,
2403,222,780,6050.65,2026-08-05T00:51:06,,
2404,54,183,13906.61,2026-07-26T23:18:03,,
2405,399,401,10518.47,2026-07-26T19:27:00,,
2406,722,176,4862.31,2026-07-25T02:41:44,,
2407,371,561,7032.77,2026-07-03T03:45:07,,
2408,757,187,738.93,2026-06-01T03:45:49,,
2409,697,115,19643.52,2026-08-07T21:39:09,,
2410,710,697,7410.04,2026-07-01T02:35:24,,
2411,311,793,6301.85,2026-08-22T10:49:17,,
2412,318,504,11973.75,2026-06-01T09:07:09,,
2413,458,278,1327.47,2026-06-11T04:18:49,,
2414,746,708,11077.47,2026-07-16T06:24:44,,
2415,15,194,13634.75,2026-06-17T12:16:18,,
2416,106,740,13104.04,2026-07-15T07:10:15,,
2417,337,631,12323.45,2026-06-14T00:07:15,,
2418,353,797,5172.59,2026-08-27T01:53:37,,
2419,643,612,18776.48,2026-07-22T10:05:52,,
2420,247,588,1673.91,2026-06-21T06:32:50,,
2421,181,7,13884.5,2026-06-11T06:35:42,,
2422,741,54,4745.13,2026-07-18T06:17:28,,
2423,135,521,15286.39,2026-06-06T07:40:13,,
2424,154,771,17650.47,2026-07-15T01:37:21,,
2425,177,610,6963.02,2026-08-20T20:07:16,,
2426,459,335,19872.36,2026-08-25T21:19:09,,
2427,118,160,8740.1,2026-07-15T23:35:08,,
2428,58,660,1304.4,2026-08-14T01:03:48,,
2429,1588,1589,251736.56,2026-08-19T06:31:08,651.0,0.0
2430,1590,1591,275002.15,2026-08-29T18:47:12,652.0,0.0
2431,1592,1593,123997.72,2026-08-26T13:50:52,653.0,0.0
2432,1594,1595,481262.47,2026-08-27T18:15:34,654.0,0.0
2433,1596,1597,409055.65,2026-08-20T21:10:26,655.0,0.0
2434,1598,1599,106236.17,2026-08-16T21:40:49,656.0,0.0
2435,1600,1601,150401.44,2026-08-24T16:16:26,657.0,0.0
2436,1602,1603,45440.32,2026-08-13T04:10:28,658.0,0.0
2437,1604,1605,335957.73,2026-08-18T15:54:15,659.0,0.0
2438,1606,1607,122609.78,2026-08-13T21:57:47,660.0,0.0
2439,1608,1609,116926.4,2026-08-17T03:07:50,661.0,0.0
2440,1610,1611,314595.52,2026-08-15T03:04:34,662.0,0.0
2441,1612,1613,313625.8,2026-08-27T20:01:52,663.0,0.0
2442,1614,1615,429519.08,2026-08-18T14:28:46,664.0,0.0
2443,1616,1617,219085.93,2026-08-13T21:07:52,665.0,0.0
2444,1618,1619,313071.38,2026-08-24T10:38:54,666.0,0.0
2445,1620,1621,195373.15,2026-08-17T04:35:45,667.0,0.0
2446,1622,1623,186287.03,2026-08-13T10:16:56,668.0,0.0
2447,1624,1625,398354.04,2026-08-25T21:49:00,669.0,0.0
2448,1626,1627,192507.59,2026-08-29T20:08:00,670.0,0.0
2449,1628,1629,264812.92,2026-08-27T11:39:46,671.0,0.0
2450,1630,1631,20488.39,2026-08-17T15:36:45,672.0,0.0
2451,1632,1633,431315.67,2026-08-24T04:50:57,673.0,0.0
2452,1634,1635,337635.32,2026-08-20T22:03:32,674.0,0.0
2453,1636,1637,190659.81,2026-08-28T11:34:34,675.0,0.0
2454,1638,1639,145771.13,2026-08-24T23:15:18,676.0,0.0
2455,1640,1641,418344.74,2026-08-29T18:03:39,677.0,0.0
2456,1642,1643,119335.22,2026-08-13T17:29:06,678.0,0.0
2457,1644,1645,284859.86,2026-08-20T00:46:24,679.0,0.0
2458,1646,1647,460538.77,2026-08-23T09:33:27,680.0,0.0
2459,1648,1649,433495.08,2026-08-18T15:30:08,681.0,0.0
2460,1650,1651,20832.75,2026-08-24T11:11:17,682.0,0.0
2461,1652,1653,300088.62,2026-08-17T06:05:15,683.0,0.0
2462,1654,1655,158619.51,2026-08-17T02:45:02,684.0,0.0
2463,1656,1657,375926.73,2026-08-15T00:51:20,685.0,0.0
2464,1658,1659,296508.52,2026-08-21T03:19:16,686.0,0.0
2465,1660,1661,394346.26,2026-08-18T15:03:44,687.0,0.0
2466,1662,1663,442804.65,2026-08-16T12:39:38,688.0,0.0
2467,1664,1665,89991.47,2026-08-21T12:48:17,689.0,0.0
2468,1666,1667,157220.79,2026-08-25T18:00:26,690.0,0.0
